hour_utc,hour_local_cest,soil_moisture_1_mean,soil_moisture_2_mean,solar_radiation_mean,outdoor_temperature_mean,humidity_mean,randreihe_4_mean,randreihe_2_mean,randreihe_power_mean_w,randreihe_power_max_w,irrigation_ran
2026-05-21 22:00:00,2026-05-22 00:00:00,35.0,49.0,0.0,16.483,62.143,19.0,172.755,0.0,0.0,0
2026-05-21 23:00:00,2026-05-22 01:00:00,35.0,49.0,0.0,15.458,64.656,19.0,172.755,0.0,0.0,0
2026-05-22 00:00:00,2026-05-22 02:00:00,35.0,48.983,0.0,14.513,66.47,19.0,172.755,0.0,0.0,0
2026-05-22 01:00:00,2026-05-22 03:00:00,35.0,48.967,0.0,13.753,68.306,19.0,172.755,0.0,0.0,0
2026-05-22 02:00:00,2026-05-22 04:00:00,35.0,48.697,0.006,13.148,69.653,19.0,172.756,0.0,0.0,0
2026-05-22 03:00:00,2026-05-22 05:00:00,35.0,48.317,3.158,12.709,70.553,19.0,173.544,0.0,0.0,0
2026-05-22 04:00:00,2026-05-22 06:00:00,35.0,48.033,20.353,13.155,70.464,19.0,183.186,0.0,0.0,0
2026-05-22 05:00:00,2026-05-22 07:00:00,35.5,48.987,40.654,20.291,53.545,19.008,22.785,29.226,971.3,1
2026-05-22 06:00:00,2026-05-22 08:00:00,35.536,49.436,135.467,24.449,46.342,18.9,50.331,29.021,926.5,1
2026-05-22 07:00:00,2026-05-22 09:00:00,36.15,50.25,223.055,29.769,33.081,19.211,52.74,57.872,960.5,1
2026-05-22 08:00:00,2026-05-22 10:00:00,35.397,49.73,308.474,28.932,31.99,17.783,278.297,0.0,0.0,0
2026-05-22 09:00:00,2026-05-22 11:00:00,35.0,49.0,247.145,29.439,30.197,17.228,140.331,12.027,921.7,1
2026-05-22 10:00:00,2026-05-22 12:00:00,34.063,48.563,217.648,29.698,30.84,16.837,169.558,0.0,0.0,0
2026-05-22 11:00:00,2026-05-22 13:00:00,33.38,48.753,223.989,30.834,29.647,15.877,124.595,43.879,927.1,1
2026-05-22 12:00:00,2026-05-22 14:00:00,33.0,48.697,231.43,32.22,27.757,14.894,134.532,44.407,954.5,1
2026-05-22 13:00:00,2026-05-22 15:00:00,32.163,47.177,313.165,33.268,26.513,14.061,139.224,43.532,909.9,1
2026-05-22 14:00:00,2026-05-22 16:00:00,31.213,45.413,201.656,33.068,26.677,13.342,107.587,43.785,915.3,1
2026-05-22 15:00:00,2026-05-22 17:00:00,31.0,45.0,249.481,33.259,25.751,12.427,122.311,43.616,914.9,1
2026-05-22 16:00:00,2026-05-22 18:00:00,30.984,44.95,86.979,31.347,28.036,12.0,223.315,0.0,0.0,0
2026-05-22 17:00:00,2026-05-22 19:00:00,31.0,45.0,21.963,27.767,32.833,12.0,262.721,0.0,0.0,0
2026-05-22 18:00:00,2026-05-22 20:00:00,31.233,45.62,8.845,25.947,36.996,12.0,278.305,0.0,0.0,0
2026-05-22 19:00:00,2026-05-22 21:00:00,31.0,46.0,0.363,24.373,41.9,12.0,281.933,0.0,0.0,0
2026-05-22 20:00:00,2026-05-22 22:00:00,31.0,46.0,0.0,22.568,47.469,12.0,281.985,0.0,0.0,0
2026-05-22 21:00:00,2026-05-22 23:00:00,31.0,46.0,0.0,20.946,52.299,12.0,281.985,0.0,0.0,0
2026-05-22 22:00:00,2026-05-23 00:00:00,31.0,46.0,0.0,19.553,56.526,12.0,281.985,0.0,0.0,0
2026-05-22 23:00:00,2026-05-23 01:00:00,31.0,46.0,0.0,18.525,59.173,12.0,281.985,0.0,0.0,0
2026-05-23 00:00:00,2026-05-23 02:00:00,31.083,46.0,0.0,17.495,61.926,12.0,281.985,0.0,0.0,0
2026-05-23 01:00:00,2026-05-23 03:00:00,31.35,45.967,0.0,16.585,64.19,12.0,281.985,0.0,0.0,0
2026-05-23 02:00:00,2026-05-23 04:00:00,31.237,45.95,0.008,15.724,66.04,12.0,281.986,0.0,0.0,0
2026-05-23 03:00:00,2026-05-23 05:00:00,31.347,45.73,3.182,15.192,67.703,12.0,282.783,0.0,0.0,0
2026-05-23 04:00:00,2026-05-23 06:00:00,31.317,45.383,21.676,15.621,68.148,12.0,292.91,0.0,0.0,0
2026-05-23 05:00:00,2026-05-23 07:00:00,32.32,46.89,41.682,22.981,50.912,12.0,24.325,43.717,929.9,1
2026-05-23 06:00:00,2026-05-23 08:00:00,32.0,46.564,136.794,25.969,44.733,11.522,90.847,0.0,0.0,0
2026-05-23 07:00:00,2026-05-23 09:00:00,32.233,47.006,221.904,29.92,34.333,10.547,101.417,45.309,923.1,1
2026-05-23 08:00:00,2026-05-23 10:00:00,31.92,48.333,300.796,31.939,30.787,10.99,126.426,87.48,918.2,1
2026-05-23 09:00:00,2026-05-23 11:00:00,31.447,48.2,239.499,32.475,30.883,10.61,130.828,31.422,906.4,1
2026-05-23 10:00:00,2026-05-23 12:00:00,31.01,47.663,217.147,33.11,30.537,10.0,107.364,11.951,890.6,1
2026-05-23 11:00:00,2026-05-23 13:00:00,30.43,47.433,222.179,35.432,27.675,10.05,120.552,43.315,909.3,1
2026-05-23 12:00:00,2026-05-23 14:00:00,29.517,47.42,242.43,37.554,25.04,10.075,140.798,43.698,933.8,1
2026-05-23 13:00:00,2026-05-23 15:00:00,28.947,47.347,312.761,37.143,25.487,10.1,144.182,43.618,923.4,1
2026-05-23 14:00:00,2026-05-23 16:00:00,28.463,47.25,200.903,36.17,25.7,10.117,111.648,43.258,903.4,1
2026-05-23 15:00:00,2026-05-23 17:00:00,28.137,47.233,236.826,37.696,24.313,10.092,126.423,43.164,907.4,1
2026-05-23 16:00:00,2026-05-23 18:00:00,26.927,46.813,71.481,36.077,26.197,10.0,232.178,0.0,0.0,0
2026-05-23 17:00:00,2026-05-23 19:00:00,26.0,46.0,27.011,32.177,31.5,10.0,271.669,0.0,0.0,0
2026-05-23 18:00:00,2026-05-23 20:00:00,25.347,46.0,10.989,29.306,36.216,10.0,290.964,0.0,0.0,0
2026-05-23 19:00:00,2026-05-23 21:00:00,25.0,46.0,0.426,26.606,41.699,10.0,295.349,0.0,0.0,0
2026-05-23 20:00:00,2026-05-23 22:00:00,25.0,45.697,0.0,24.856,45.459,10.0,295.412,0.0,0.0,0
2026-05-23 21:00:00,2026-05-23 23:00:00,25.0,45.0,0.0,23.35,49.902,10.0,295.412,0.0,0.0,0
2026-05-23 22:00:00,2026-05-24 00:00:00,25.0,45.0,0.0,21.948,54.243,10.0,295.412,0.0,0.0,0
2026-05-23 23:00:00,2026-05-24 01:00:00,25.0,45.0,0.0,20.947,56.556,10.0,295.412,0.0,0.0,0
2026-05-24 00:00:00,2026-05-24 02:00:00,25.0,45.0,0.0,19.992,58.773,10.0,295.412,0.0,0.0,0
2026-05-24 01:00:00,2026-05-24 03:00:00,25.0,45.0,0.0,18.96,61.19,10.0,295.412,0.0,0.0,0
2026-05-24 02:00:00,2026-05-24 04:00:00,25.0,45.0,0.008,18.193,63.306,10.0,295.413,0.0,0.0,0
2026-05-24 03:00:00,2026-05-24 05:00:00,25.0,45.0,3.349,17.544,64.823,10.0,296.248,0.0,0.0,0
2026-05-24 04:00:00,2026-05-24 06:00:00,25.0,45.0,23.063,17.991,64.115,10.0,307.558,0.0,0.0,0
2026-05-24 05:00:00,2026-05-24 07:00:00,28.243,45.953,47.802,23.842,51.422,10.0,23.535,44.071,927.4,1
2026-05-24 06:00:00,2026-05-24 08:00:00,27.194,46.0,130.118,27.671,45.379,10.0,96.625,0.0,0.0,0
2026-05-24 07:00:00,2026-05-24 09:00:00,28.32,46.953,204.524,32.72,36.371,10.003,94.392,43.844,925.1,1
2026-05-24 08:00:00,2026-05-24 10:00:00,28.0,47.836,273.418,37.212,30.408,9.825,137.994,43.561,911.5,1
2026-05-24 09:00:00,2026-05-24 11:00:00,27.51,47.833,232.963,39.678,26.806,9.836,121.499,43.113,907.7,1
2026-05-24 10:00:00,2026-05-24 12:00:00,25.847,47.564,227.857,39.274,26.7,9.781,115.626,43.655,936.5,1
2026-05-24 11:00:00,2026-05-24 13:00:00,25.033,47.433,229.552,39.734,26.241,9.836,121.447,43.271,900.3,1
2026-05-24 12:00:00,2026-05-24 14:00:00,23.983,47.353,252.585,40.625,24.133,9.913,133.694,43.675,910.9,1
2026-05-24 13:00:00,2026-05-24 15:00:00,24.064,47.667,290.796,40.411,24.294,9.908,134.443,43.652,933.4,1
2026-05-24 14:00:00,2026-05-24 16:00:00,24.899,47.63,196.404,40.092,23.92,9.825,106.763,43.281,907.4,1
2026-05-24 15:00:00,2026-05-24 17:00:00,24.026,47.536,188.068,38.535,24.62,9.746,113.388,43.497,915.5,1
2026-05-24 16:00:00,2026-05-24 18:00:00,24.057,47.313,75.322,35.311,28.637,10.0,130.246,0.0,0.0,0
2026-05-24 17:00:00,2026-05-24 19:00:00,21.843,47.0,39.938,32.278,33.31,10.0,182.448,0.0,0.0,0
2026-05-24 18:00:00,2026-05-24 20:00:00,21.0,47.0,9.521,29.919,38.639,10.0,206.963,0.0,0.0,0
2026-05-24 19:00:00,2026-05-24 21:00:00,20.58,46.38,0.319,27.339,44.03,10.0,210.258,0.0,0.0,0
2026-05-24 20:00:00,2026-05-24 22:00:00,20.0,46.0,0.0,25.364,48.043,10.0,210.31,0.0,0.0,0
2026-05-24 21:00:00,2026-05-24 23:00:00,20.0,46.0,0.0,24.546,49.253,10.0,210.31,0.0,0.0,0
2026-05-24 22:00:00,2026-05-25 00:00:00,19.933,46.0,0.0,23.66,51.473,10.0,210.31,0.0,0.0,0
2026-05-24 23:00:00,2026-05-25 01:00:00,19.347,46.0,0.0,22.751,53.259,10.0,210.31,0.0,0.0,0
2026-05-25 00:00:00,2026-05-25 02:00:00,19.0,46.0,0.0,21.767,55.55,10.0,210.31,0.0,0.0,0
2026-05-25 01:00:00,2026-05-25 03:00:00,19.0,46.0,0.0,20.971,55.956,10.0,210.31,0.0,0.0,0
2026-05-25 02:00:00,2026-05-25 04:00:00,19.0,46.0,0.011,20.172,58.426,10.0,210.311,0.0,0.0,0
2026-05-25 03:00:00,2026-05-25 05:00:00,19.0,46.0,3.657,19.209,61.41,10.0,211.279,0.0,0.0,0
2026-05-25 04:00:00,2026-05-25 06:00:00,19.0,46.0,22.452,19.377,62.551,10.0,222.186,0.0,0.0,0
2026-05-25 05:00:00,2026-05-25 07:00:00,22.529,46.953,42.551,27.063,46.047,10.008,23.429,43.749,926.0,1
2026-05-25 06:00:00,2026-05-25 08:00:00,22.444,46.964,140.103,28.771,44.239,10.0,94.309,0.0,0.0,0
2026-05-25 07:00:00,2026-05-25 09:00:00,23.556,46.973,218.72,31.754,37.214,10.002,100.986,43.468,914.2,1
2026-05-25 08:00:00,2026-05-25 10:00:00,24.083,48.32,285.151,35.543,31.482,10.067,146.011,43.397,909.4,1
2026-05-25 09:00:00,2026-05-25 11:00:00,24.478,48.563,226.629,37.882,27.751,10.13,114.462,43.619,916.3,1
2026-05-25 10:00:00,2026-05-25 12:00:00,22.983,48.35,217.566,37.995,27.856,10.108,104.6,43.51,927.9,1
2026-05-25 11:00:00,2026-05-25 13:00:00,22.117,48.333,215.367,38.333,25.3,10.038,117.964,43.311,935.6,1
2026-05-25 12:00:00,2026-05-25 14:00:00,21.466,47.583,260.452,40.195,21.75,9.992,137.936,43.5,906.9,1
2026-05-25 13:00:00,2026-05-25 15:00:00,22.186,47.767,308.902,39.492,18.744,10.017,140.742,43.163,903.7,1
2026-05-25 14:00:00,2026-05-25 16:00:00,23.5,47.68,202.368,38.596,18.383,10.092,110.527,43.338,910.5,1
2026-05-25 15:00:00,2026-05-25 17:00:00,23.69,47.67,237.933,39.547,17.454,10.175,122.34,43.438,908.4,1
2026-05-25 16:00:00,2026-05-25 18:00:00,22.894,47.147,72.801,37.112,19.469,10.0,213.038,0.0,0.0,0
2026-05-25 17:00:00,2026-05-25 19:00:00,21.18,47.0,21.548,33.558,23.696,10.0,247.54,0.0,0.0,0
2026-05-25 18:00:00,2026-05-25 20:00:00,20.747,46.797,9.646,30.387,29.586,10.0,263.458,0.0,0.0,0
2026-05-25 19:00:00,2026-05-25 21:00:00,20.0,46.033,0.551,27.577,35.333,10.0,267.632,0.0,0.0,0
2026-05-25 20:00:00,2026-05-25 22:00:00,20.0,46.0,0.0,25.559,38.023,10.0,267.719,0.0,0.0,0
2026-05-25 21:00:00,2026-05-25 23:00:00,20.0,46.0,0.0,24.214,42.602,10.0,267.719,0.0,0.0,0
2026-05-25 22:00:00,2026-05-26 00:00:00,19.764,46.0,0.0,22.708,46.859,10.0,267.719,0.0,0.0,0
2026-05-25 23:00:00,2026-05-26 01:00:00,19.25,46.0,0.0,21.513,49.676,10.0,267.719,0.0,0.0,0
2026-05-26 00:00:00,2026-05-26 02:00:00,19.15,46.0,0.0,20.806,50.583,10.0,267.719,0.0,0.0,0
2026-05-26 01:00:00,2026-05-26 03:00:00,19.0,46.0,0.0,20.158,52.126,10.0,267.719,0.0,0.0,0
2026-05-26 02:00:00,2026-05-26 04:00:00,19.0,46.0,0.014,19.19,55.04,10.0,267.72,0.0,0.0,0
2026-05-26 03:00:00,2026-05-26 05:00:00,19.0,46.0,3.802,18.423,57.373,10.0,268.754,0.0,0.0,0
2026-05-26 04:00:00,2026-05-26 06:00:00,19.0,46.0,22.473,18.647,57.235,10.0,279.703,0.0,0.0,0
2026-05-26 05:00:00,2026-05-26 07:00:00,24.785,46.953,41.475,26.48,42.799,10.0,23.152,43.539,921.8,1
2026-05-26 06:00:00,2026-05-26 08:00:00,23.774,46.647,141.169,27.898,40.113,10.0,93.65,0.0,0.0,0
2026-05-26 07:00:00,2026-05-26 09:00:00,24.737,46.97,217.717,31.666,32.321,10.0,100.961,43.327,917.7,1
2026-05-26 08:00:00,2026-05-26 10:00:00,25.053,47.333,277.057,35.095,28.428,10.0,143.051,43.652,916.6,1
2026-05-26 09:00:00,2026-05-26 11:00:00,24.96,47.35,219.569,38.532,25.183,9.95,114.236,43.194,905.6,1
2026-05-26 10:00:00,2026-05-26 12:00:00,22.98,47.0,214.941,36.894,24.4,9.917,110.412,43.063,898.8,1
2026-05-26 11:00:00,2026-05-26 13:00:00,22.236,46.814,214.26,37.168,22.997,9.925,117.784,42.967,905.0,1
2026-05-26 12:00:00,2026-05-26 14:00:00,22.15,46.283,267.87,40.954,20.304,9.967,132.883,43.434,929.1,1
2026-05-26 13:00:00,2026-05-26 15:00:00,22.716,46.433,305.341,40.268,19.387,9.958,138.379,43.334,902.9,1
2026-05-26 14:00:00,2026-05-26 16:00:00,24.119,46.2,203.396,40.203,19.95,9.95,110.426,43.102,902.8,1
2026-05-26 15:00:00,2026-05-26 17:00:00,24.073,46.067,231.541,40.518,19.867,9.942,118.773,43.235,906.5,1
2026-05-26 16:00:00,2026-05-26 18:00:00,23.727,45.597,75.516,38.683,21.009,10.0,194.303,0.0,0.0,0
2026-05-26 17:00:00,2026-05-26 19:00:00,21.861,45.0,22.686,34.533,24.713,10.0,230.673,0.0,0.0,0
2026-05-26 18:00:00,2026-05-26 20:00:00,21.0,45.0,10.222,31.369,29.955,10.0,247.474,0.0,0.0,0
2026-05-26 19:00:00,2026-05-26 21:00:00,21.0,45.0,0.62,28.538,37.918,10.0,251.945,0.0,0.0,0
2026-05-26 20:00:00,2026-05-26 22:00:00,20.597,45.0,0.0,25.925,41.293,10.0,252.045,0.0,0.0,0
2026-05-26 21:00:00,2026-05-26 23:00:00,20.0,45.0,0.0,24.689,44.039,10.0,252.045,0.0,0.0,0
2026-05-26 22:00:00,2026-05-27 00:00:00,20.0,45.0,0.0,23.692,46.859,10.0,252.045,0.0,0.0,0
2026-05-26 23:00:00,2026-05-27 01:00:00,20.0,44.697,0.0,22.833,49.193,10.0,252.045,0.0,0.0,0
2026-05-27 00:00:00,2026-05-27 02:00:00,20.0,44.05,0.0,22.086,51.873,10.0,252.045,0.0,0.0,0
2026-05-27 01:00:00,2026-05-27 03:00:00,19.93,44.0,0.0,21.286,53.94,10.0,252.045,0.0,0.0,0
2026-05-27 02:00:00,2026-05-27 04:00:00,19.4,44.0,0.016,20.797,55.42,10.0,252.046,0.0,0.0,0
2026-05-27 03:00:00,2026-05-27 05:00:00,19.137,44.0,3.98,20.289,56.923,10.0,253.104,0.0,0.0,0
2026-05-27 04:00:00,2026-05-27 06:00:00,19.063,44.0,23.501,20.637,56.631,10.0,264.827,0.0,0.0,0
2026-05-27 05:00:00,2026-05-27 07:00:00,24.819,44.97,43.693,27.915,41.869,10.0,23.504,43.434,915.3,1
2026-05-27 06:00:00,2026-05-27 08:00:00,24.04,49.73,140.506,29.969,37.92,10.0,96.509,0.0,0.0,0
2026-05-27 07:00:00,2026-05-27 09:00:00,75.704,26.684,213.128,36.836,28.711,10.0,99.34,43.132,912.0,1
2026-05-27 08:00:00,2026-05-27 10:00:00,100.0,30.706,268.713,40.58,23.804,9.98,138.893,43.216,907.7,1
2026-05-27 09:00:00,2026-05-27 11:00:00,27.758,30.264,218.274,40.84,23.323,9.933,116.68,42.874,896.7,1
2026-05-27 10:00:00,2026-05-27 12:00:00,22.0,29.164,188.283,39.936,24.733,9.825,128.69,43.534,909.4,1
2026-05-27 11:00:00,2026-05-27 13:00:00,21.68,29.0,190.45,38.368,24.843,9.658,132.911,43.314,903.9,1
2026-05-27 12:00:00,2026-05-27 14:00:00,21.0,28.883,235.997,40.051,22.63,9.733,114.142,43.353,918.7,1
2026-05-27 13:00:00,2026-05-27 15:00:00,21.0,28.867,264.128,40.636,21.837,9.592,127.608,43.215,904.3,1
2026-05-27 14:00:00,2026-05-27 16:00:00,20.864,29.334,202.386,39.288,22.597,9.257,152.622,43.235,900.4,1
2026-05-27 15:00:00,2026-05-27 17:00:00,20.0,29.567,218.98,38.115,22.273,9.34,133.533,0.0,0.0,0
2026-05-27 16:00:00,2026-05-27 18:00:00,20.0,28.863,78.134,35.818,26.006,9.0,287.95,0.0,0.0,0
2026-05-27 17:00:00,2026-05-27 19:00:00,20.0,28.0,25.735,31.622,31.196,9.0,328.588,0.0,0.0,0
2026-05-27 18:00:00,2026-05-27 20:00:00,20.0,27.814,10.665,28.463,34.606,9.0,346.943,0.0,0.0,0
2026-05-27 19:00:00,2026-05-27 21:00:00,19.947,27.0,0.636,26.022,36.806,9.0,351.531,0.0,0.0,0
2026-05-27 20:00:00,2026-05-27 22:00:00,19.537,27.0,0.0,24.545,38.47,9.0,351.634,0.0,0.0,0
2026-05-27 21:00:00,2026-05-27 23:00:00,19.213,26.967,0.0,23.413,40.276,9.0,351.634,0.0,0.0,0
2026-05-27 22:00:00,2026-05-28 00:00:00,19.0,26.197,0.0,22.372,41.82,9.0,351.634,0.0,0.0,0
2026-05-27 23:00:00,2026-05-28 01:00:00,19.0,26.0,0.0,21.444,43.486,9.0,351.634,0.0,0.0,0
2026-05-28 00:00:00,2026-05-28 02:00:00,19.0,26.0,0.0,20.523,44.69,9.0,351.634,0.0,0.0,0
2026-05-28 01:00:00,2026-05-28 03:00:00,19.0,26.0,0.0,19.696,46.653,9.0,351.634,0.0,0.0,0
2026-05-28 02:00:00,2026-05-28 04:00:00,19.0,26.0,0.019,18.706,49.296,9.0,351.636,0.0,0.0,0
2026-05-28 03:00:00,2026-05-28 05:00:00,19.0,26.0,3.965,17.754,51.23,9.0,352.745,0.0,0.0,0
2026-05-28 04:00:00,2026-05-28 06:00:00,19.0,26.0,22.658,18.346,49.084,9.0,363.65,0.0,0.0,0
2026-05-28 05:00:00,2026-05-28 07:00:00,19.0,27.256,40.093,26.079,35.081,9.0,23.545,58.599,922.0,1
2026-05-28 06:00:00,2026-05-28 08:00:00,19.0,28.0,145.206,26.979,30.61,9.0,93.733,0.0,0.0,0
2026-05-28 07:00:00,2026-05-28 09:00:00,19.0,28.853,210.413,28.971,25.524,9.0,96.789,58.581,917.6,1
2026-05-28 08:00:00,2026-05-28 10:00:00,19.0,31.176,265.859,34.713,21.734,8.992,138.037,58.343,907.8,1
2026-05-28 09:00:00,2026-05-28 11:00:00,19.0,32.286,207.473,36.848,19.656,8.975,113.412,58.47,905.8,1
2026-05-28 10:00:00,2026-05-28 12:00:00,19.0,33.053,278.64,35.83,20.437,8.975,139.454,58.147,906.7,1
2026-05-28 11:00:00,2026-05-28 13:00:00,18.694,34.397,282.829,32.718,21.456,9.592,151.261,58.387,913.4,1
2026-05-28 12:00:00,2026-05-28 14:00:00,16.8,32.117,245.727,34.403,21.99,9.583,115.196,58.394,913.5,1
2026-05-28 13:00:00,2026-05-28 15:00:00,17.0,33.683,330.151,36.256,19.027,9.889,114.157,116.606,932.6,1
2026-05-28 14:00:00,2026-05-28 16:00:00,17.287,35.676,387.631,37.295,17.604,10.425,121.654,58.114,902.8,1
2026-05-28 15:00:00,2026-05-28 17:00:00,18.553,36.8,177.115,35.718,18.65,10.763,102.249,57.903,901.6,1
2026-05-28 16:00:00,2026-05-28 18:00:00,19.853,35.313,53.027,31.938,19.69,11.0,151.033,0.0,0.0,0
2026-05-28 17:00:00,2026-05-28 19:00:00,20.736,34.58,17.815,27.505,22.776,11.0,180.006,0.0,0.0,0
2026-05-28 18:00:00,2026-05-28 20:00:00,21.0,34.0,7.462,25.755,24.503,11.0,192.284,0.0,0.0,0
2026-05-28 19:00:00,2026-05-28 21:00:00,21.0,33.23,0.503,24.359,26.643,11.0,195.69,0.0,0.0,0
2026-05-28 20:00:00,2026-05-28 22:00:00,21.0,33.0,0.0,22.583,29.912,11.0,195.774,0.0,0.0,0
2026-05-28 21:00:00,2026-05-28 23:00:00,21.0,33.0,0.0,20.696,33.942,11.0,195.774,0.0,0.0,0
2026-05-28 22:00:00,2026-05-29 00:00:00,21.0,32.983,0.0,19.416,36.726,11.0,195.774,0.0,0.0,0
2026-05-28 23:00:00,2026-05-29 01:00:00,21.0,32.397,0.0,18.387,39.829,11.0,195.774,0.0,0.0,0
2026-05-29 00:00:00,2026-05-29 02:00:00,21.0,32.0,0.0,17.324,42.892,11.0,195.774,0.0,0.0,0
2026-05-29 01:00:00,2026-05-29 03:00:00,21.0,32.0,0.0,16.596,45.303,11.0,195.774,0.0,0.0,0
2026-05-29 02:00:00,2026-05-29 04:00:00,21.0,32.0,0.013,15.792,46.753,11.0,195.775,0.0,0.0,0
2026-05-29 03:00:00,2026-05-29 05:00:00,21.0,31.297,3.012,15.122,48.273,11.0,196.615,0.0,0.0,0
2026-05-29 04:00:00,2026-05-29 06:00:00,21.0,31.0,13.939,15.175,49.313,11.0,204.638,0.0,0.0,0
2026-05-29 05:00:00,2026-05-29 07:00:00,21.167,32.973,23.889,18.391,45.34,11.0,11.996,58.589,928.0,1
2026-05-29 06:00:00,2026-05-29 08:00:00,21.717,32.88,110.271,22.592,37.858,11.0,53.237,0.0,0.0,0
2026-05-29 07:00:00,2026-05-29 09:00:00,21.89,34.496,306.41,24.819,30.504,11.138,115.324,116.916,923.2,1
2026-05-29 08:00:00,2026-05-29 10:00:00,23.37,36.387,400.431,29.43,25.514,11.658,126.778,58.136,914.0,1
2026-05-29 09:00:00,2026-05-29 11:00:00,25.493,37.487,420.745,31.316,21.86,12.322,116.986,116.208,909.0,1
2026-05-29 10:00:00,2026-05-29 12:00:00,27.806,38.0,555.656,33.46,19.117,13.405,131.907,115.711,905.5,1
2026-05-29 11:00:00,2026-05-29 13:00:00,29.0,37.947,250.796,35.257,18.771,13.792,105.914,57.86,915.5,1
2026-05-29 12:00:00,2026-05-29 14:00:00,28.967,36.953,612.894,32.612,16.216,13.685,192.266,95.396,912.4,1
2026-05-29 13:00:00,2026-05-29 15:00:00,29.117,37.333,797.123,29.776,15.88,14.456,204.053,79.941,904.4,1
2026-05-29 14:00:00,2026-05-29 16:00:00,29.87,37.367,621.57,31.972,16.233,15.018,163.442,72.259,931.5,1
2026-05-29 15:00:00,2026-05-29 17:00:00,30.383,37.983,432.683,32.479,16.106,15.742,115.753,72.488,914.4,1
2026-05-29 16:00:00,2026-05-29 18:00:00,30.0,38.18,98.163,29.375,19.732,16.0,252.555,0.0,0.0,0
2026-05-29 17:00:00,2026-05-29 19:00:00,30.0,37.0,44.184,26.226,24.232,16.0,311.665,0.0,0.0,0
2026-05-29 18:00:00,2026-05-29 20:00:00,29.397,36.23,18.127,23.54,31.982,16.0,344.198,0.0,0.0,0
2026-05-29 19:00:00,2026-05-29 21:00:00,29.0,36.0,1.051,20.198,37.856,16.0,351.317,0.0,0.0,0
2026-05-29 20:00:00,2026-05-29 22:00:00,29.0,36.0,0.0,18.731,41.249,16.0,351.501,0.0,0.0,0
2026-05-29 21:00:00,2026-05-29 23:00:00,29.0,36.0,0.0,17.574,46.793,16.0,351.501,0.0,0.0,0
2026-05-29 22:00:00,2026-05-30 00:00:00,29.0,35.513,0.0,16.883,50.453,16.0,351.501,0.0,0.0,0
2026-05-29 23:00:00,2026-05-30 01:00:00,29.0,35.0,0.0,18.53,53.515,16.0,351.501,0.0,0.0,0
2026-05-30 00:00:00,2026-05-30 02:00:00,29.0,35.0,0.0,18.874,60.509,16.0,351.501,0.0,0.0,0
2026-05-30 01:00:00,2026-05-30 03:00:00,29.0,35.0,0.0,17.643,64.908,16.0,351.501,0.0,0.0,0
2026-05-30 02:00:00,2026-05-30 04:00:00,28.53,35.0,0.035,16.784,69.123,16.0,351.505,0.0,0.0,0
2026-05-30 03:00:00,2026-05-30 05:00:00,28.0,35.0,4.24,16.531,70.207,16.0,352.753,0.0,0.0,0
2026-05-30 04:00:00,2026-05-30 06:00:00,28.0,34.747,20.136,17.245,67.497,16.0,363.123,0.0,0.0,0
2026-05-30 05:00:00,2026-05-30 07:00:00,28.853,35.37,58.919,17.957,64.251,16.0,24.342,43.648,916.0,1
2026-05-30 06:00:00,2026-05-30 08:00:00,29.0,35.12,185.112,19.846,58.825,16.0,129.953,0.0,0.0,0
2026-05-30 07:00:00,2026-05-30 09:00:00,29.07,36.183,308.529,22.629,51.931,16.038,99.69,87.701,922.9,1
2026-05-30 08:00:00,2026-05-30 10:00:00,29.867,37.22,520.345,24.347,47.984,16.043,130.743,59.34,920.3,1
2026-05-30 09:00:00,2026-05-30 11:00:00,30.3,37.72,930.655,28.594,38.342,16.348,233.577,71.992,913.1,1
2026-05-30 10:00:00,2026-05-30 12:00:00,30.82,37.717,643.432,30.363,32.517,16.507,178.703,86.844,920.5,1
2026-05-30 11:00:00,2026-05-30 13:00:00,29.777,36.441,4.56,30.874,32.376,15.263,141.045,0.0,0.0,0
2026-05-30 12:00:00,2026-05-30 14:00:00,28.33,34.8,11.286,30.028,33.356,14.907,75.326,43.493,952.7,1
2026-05-30 13:00:00,2026-05-30 15:00:00,27.397,33.76,12.209,28.893,35.07,13.431,13.33,0.0,0.0,0
2026-05-30 14:00:00,2026-05-30 16:00:00,26.297,32.25,23.093,28.99,34.377,11.947,14.537,44.003,916.4,1
2026-05-30 15:00:00,2026-05-30 17:00:00,25.564,32.127,17.246,29.561,32.339,10.499,26.018,0.0,0.0,0
2026-05-30 16:00:00,2026-05-30 18:00:00,25.0,31.0,4.087,27.142,35.95,10.0,33.471,0.0,0.0,0
2026-05-30 17:00:00,2026-05-30 19:00:00,25.0,30.18,1.708,25.42,38.816,10.0,35.961,0.0,0.0,0
2026-05-30 18:00:00,2026-05-30 20:00:00,25.0,30.0,0.655,23.836,43.752,10.0,37.104,0.0,0.0,0
2026-05-30 19:00:00,2026-05-30 21:00:00,24.597,30.0,0.032,22.037,50.219,10.0,37.378,0.0,0.0,0
2026-05-30 20:00:00,2026-05-30 22:00:00,24.0,29.163,0.0,20.237,57.053,10.0,37.383,0.0,0.0,0
2026-05-30 21:00:00,2026-05-30 23:00:00,24.0,29.0,0.0,19.313,59.926,10.0,37.383,0.0,0.0,0
2026-05-30 22:00:00,2026-05-31 00:00:00,24.0,29.0,0.0,18.218,62.82,10.0,37.383,0.0,0.0,0
2026-05-30 23:00:00,2026-05-31 01:00:00,24.0,29.0,0.0,17.283,65.316,10.0,37.383,0.0,0.0,0
2026-05-31 00:00:00,2026-05-31 02:00:00,24.0,29.0,0.0,16.409,69.12,10.0,37.383,0.0,0.0,0
2026-05-31 01:00:00,2026-05-31 03:00:00,24.0,29.0,0.0,15.675,71.613,10.0,37.383,0.0,0.0,0
2026-05-31 02:00:00,2026-05-31 04:00:00,24.0,29.0,0.0,15.973,71.96,10.0,37.383,0.0,0.0,0
2026-05-31 03:00:00,2026-05-31 05:00:00,23.53,29.0,0.287,16.09,72.173,10.0,37.458,0.0,0.0,0
2026-05-31 04:00:00,2026-05-31 06:00:00,23.067,29.067,1.881,16.369,71.954,10.836,6.739,43.59,930.1,1
2026-05-31 05:00:00,2026-05-31 07:00:00,23.0,29.97,4.358,19.741,62.399,10.007,3.883,0.0,0.0,0
2026-05-31 06:00:00,2026-05-31 08:00:00,23.0,30.736,6.616,22.734,53.772,10.835,3.4,44.398,929.6,1
2026-05-31 07:00:00,2026-05-31 09:00:00,23.017,30.747,13.151,26.074,44.98,9.839,11.093,0.0,0.0,0
2026-05-31 08:00:00,2026-05-31 10:00:00,23.0,30.0,43.077,34.57,29.548,9.299,11.336,44.083,924.7,1
2026-05-31 09:00:00,2026-05-31 11:00:00,23.0,29.933,332.759,28.856,41.79,8.249,111.069,43.453,916.1,1
2026-05-31 10:00:00,2026-05-31 12:00:00,23.0,30.22,154.83,27.124,53.746,6.558,143.41,44.484,932.3,1
2026-05-31 11:00:00,2026-05-31 13:00:00,23.0,32.02,245.341,32.143,43.919,7.118,136.699,44.019,914.3,1
2026-05-31 12:00:00,2026-05-31 14:00:00,22.78,31.733,186.375,32.637,42.307,7.507,99.02,0.0,0.0,0
2026-05-31 13:00:00,2026-05-31 15:00:00,22.0,31.567,118.742,31.401,37.545,7.61,110.228,43.459,907.2,1
2026-05-31 14:00:00,2026-05-31 16:00:00,22.0,31.65,261.991,29.255,45.653,7.892,110.584,43.437,914.5,1
2026-05-31 15:00:00,2026-05-31 17:00:00,22.0,31.447,76.252,28.723,43.324,8.0,125.663,0.0,0.0,0
2026-05-31 16:00:00,2026-05-31 18:00:00,22.0,32.653,16.206,27.3,45.084,8.0,171.789,0.0,0.0,0
2026-05-31 17:00:00,2026-05-31 19:00:00,22.0,32.0,10.764,24.433,59.978,8.0,180.229,0.0,0.0,0
2026-05-31 18:00:00,2026-05-31 20:00:00,22.0,32.0,3.988,22.891,63.593,8.0,188.303,0.0,0.0,0
2026-05-31 19:00:00,2026-05-31 21:00:00,22.0,31.397,0.255,21.835,65.813,8.0,190.135,0.0,0.0,0
2026-05-31 20:00:00,2026-05-31 22:00:00,22.0,31.0,0.0,20.889,70.343,8.0,190.178,0.0,0.0,0
2026-05-31 21:00:00,2026-05-31 23:00:00,22.0,31.0,0.0,20.489,71.477,8.0,190.178,0.0,0.0,0
2026-05-31 22:00:00,2026-06-01 00:00:00,21.85,31.0,0.0,20.079,68.46,8.0,190.178,0.0,0.0,0
2026-05-31 23:00:00,2026-06-01 01:00:00,21.75,30.933,0.0,19.564,68.136,8.0,190.178,0.0,0.0,0
2026-06-01 00:00:00,2026-06-01 02:00:00,21.413,30.38,0.0,18.958,69.737,8.0,190.178,0.0,0.0,0
2026-06-01 01:00:00,2026-06-01 03:00:00,21.367,30.033,0.0,18.398,70.69,8.0,190.178,0.0,0.0,0
2026-06-01 02:00:00,2026-06-01 04:00:00,21.37,30.0,0.017,17.825,72.0,8.0,190.18,0.0,0.0,0
2026-06-01 03:00:00,2026-06-01 05:00:00,21.23,30.0,2.381,17.367,72.92,8.0,190.89,0.0,0.0,0
2026-06-01 04:00:00,2026-06-01 06:00:00,21.0,29.933,11.855,17.614,72.743,7.165,197.674,0.0,0.0,0
2026-06-01 05:00:00,2026-06-01 07:00:00,21.0,30.753,29.868,18.444,70.56,7.993,14.136,43.784,928.3,1
2026-06-01 06:00:00,2026-06-01 08:00:00,21.017,31.0,67.014,20.105,67.25,7.165,56.358,0.0,0.0,0
2026-06-01 07:00:00,2026-06-01 09:00:00,21.0,32.453,199.013,24.373,53.242,7.985,105.321,44.009,917.3,1
2026-06-01 08:00:00,2026-06-01 10:00:00,21.0,33.51,248.516,29.262,39.588,7.992,129.709,43.574,912.6,1
2026-06-01 09:00:00,2026-06-01 11:00:00,21.236,33.697,224.574,30.264,35.757,7.95,124.519,43.251,912.2,1
2026-06-01 10:00:00,2026-06-01 12:00:00,22.0,33.713,282.949,28.719,38.312,8.517,139.183,43.826,905.8,1
2026-06-01 11:00:00,2026-06-01 13:00:00,22.0,37.53,862.573,22.262,46.479,9.251,202.026,87.247,907.2,1
2026-06-01 12:00:00,2026-06-01 14:00:00,22.94,37.823,500.72,22.14,46.004,10.361,124.942,86.717,907.4,1
2026-06-01 13:00:00,2026-06-01 15:00:00,24.836,38.247,381.18,22.296,44.933,11.308,175.571,44.029,914.7,1
2026-06-01 14:00:00,2026-06-01 16:00:00,25.0,37.433,361.848,22.204,44.901,11.196,326.327,42.968,904.4,1
2026-06-01 15:00:00,2026-06-01 17:00:00,25.823,38.403,437.441,23.565,41.867,12.971,123.123,86.192,941.6,1
2026-06-01 16:00:00,2026-06-01 18:00:00,27.0,38.214,227.2,22.801,42.52,14.0,188.356,0.0,0.0,0
2026-06-01 17:00:00,2026-06-01 19:00:00,27.0,37.38,128.974,22.181,45.202,14.0,374.62,0.0,0.0,0
2026-06-01 18:00:00,2026-06-01 20:00:00,27.0,37.0,28.946,20.546,50.66,14.0,443.205,0.0,0.0,0
2026-06-01 19:00:00,2026-06-01 21:00:00,27.0,36.263,1.647,18.472,60.349,14.0,456.161,0.0,0.0,0
2026-06-01 20:00:00,2026-06-01 22:00:00,27.0,36.0,0.014,16.309,69.238,14.0,456.531,0.0,0.0,0
2026-06-01 21:00:00,2026-06-01 23:00:00,27.0,36.0,0.0,14.789,75.88,14.0,456.532,0.0,0.0,0
2026-06-01 22:00:00,2026-06-02 00:00:00,27.0,36.0,0.0,14.448,76.11,14.0,456.532,0.0,0.0,0
2026-06-01 23:00:00,2026-06-02 01:00:00,26.713,36.0,0.0,14.527,75.547,14.0,456.532,0.0,0.0,0
2026-06-02 00:00:00,2026-06-02 02:00:00,26.0,35.897,0.0,14.714,75.503,14.0,456.532,0.0,0.0,0
2026-06-02 01:00:00,2026-06-02 03:00:00,26.0,35.017,0.0,14.367,77.599,14.0,456.532,0.0,0.0,0
2026-06-02 02:00:00,2026-06-02 04:00:00,26.0,35.0,0.043,13.362,82.393,14.0,456.537,0.0,0.0,0
2026-06-02 03:00:00,2026-06-02 05:00:00,26.0,35.0,5.865,13.122,84.187,14.0,458.105,0.0,0.0,0
2026-06-02 04:00:00,2026-06-02 06:00:00,26.0,35.0,45.569,13.477,84.257,14.0,480.526,0.0,0.0,0
2026-06-02 05:00:00,2026-06-02 07:00:00,26.0,36.103,104.774,14.849,81.065,14.007,42.634,43.59,923.8,1
2026-06-02 06:00:00,2026-06-02 08:00:00,26.103,36.503,180.554,17.137,73.631,14.202,144.356,43.722,916.7,1
2026-06-02 07:00:00,2026-06-02 09:00:00,27.0,36.717,239.723,19.104,64.012,14.083,119.122,43.734,915.2,1
2026-06-02 08:00:00,2026-06-02 10:00:00,27.303,37.886,374.371,20.886,53.798,14.641,108.794,42.852,898.6,1
2026-06-02 09:00:00,2026-06-02 11:00:00,28.0,38.74,367.218,21.555,52.33,15.027,138.508,66.056,909.5,1
2026-06-02 10:00:00,2026-06-02 12:00:00,28.937,39.533,592.571,23.265,46.741,15.986,147.803,79.497,915.4,1
2026-06-02 11:00:00,2026-06-02 13:00:00,29.3,39.97,596.736,23.954,42.421,16.106,136.94,70.863,907.7,1
2026-06-02 12:00:00,2026-06-02 14:00:00,29.886,40.317,581.335,24.916,39.803,16.058,142.963,86.433,903.0,1
2026-06-02 13:00:00,2026-06-02 15:00:00,30.453,40.514,450.917,25.067,39.224,16.477,119.92,86.729,906.3,1
2026-06-02 14:00:00,2026-06-02 16:00:00,30.063,40.517,103.78,23.753,42.807,16.443,152.453,0.0,0.0,0
2026-06-02 15:00:00,2026-06-02 17:00:00,30.0,40.0,81.012,22.82,47.077,14.523,125.54,43.815,914.0,1
2026-06-02 16:00:00,2026-06-02 18:00:00,30.0,39.08,18.057,21.161,53.944,14.0,49.248,0.0,0.0,0
2026-06-02 17:00:00,2026-06-02 19:00:00,30.0,39.0,5.766,15.968,85.453,14.0,56.949,0.0,0.0,0
2026-06-02 18:00:00,2026-06-02 20:00:00,30.0,39.0,5.554,14.897,89.359,14.0,63.195,0.0,0.0,0
2026-06-02 19:00:00,2026-06-02 21:00:00,30.0,38.597,0.402,14.544,91.267,14.0,66.266,0.0,0.0,0
2026-06-02 20:00:00,2026-06-02 22:00:00,30.0,38.0,0.0,14.303,91.72,14.0,66.332,0.0,0.0,0
2026-06-02 21:00:00,2026-06-02 23:00:00,29.98,38.0,0.0,14.388,92.886,14.0,66.332,0.0,0.0,0
2026-06-02 22:00:00,2026-06-03 00:00:00,29.417,38.0,0.0,14.157,93.283,14.0,66.332,0.0,0.0,0
2026-06-02 23:00:00,2026-06-03 01:00:00,29.0,38.0,0.0,14.19,91.44,14.0,66.332,0.0,0.0,0
2026-06-03 00:00:00,2026-06-03 02:00:00,29.0,38.0,0.0,13.604,90.8,14.0,66.332,0.0,0.0,0
2026-06-03 01:00:00,2026-06-03 03:00:00,29.0,38.0,0.0,13.048,88.763,14.0,66.332,0.0,0.0,0
2026-06-03 02:00:00,2026-06-03 04:00:00,29.0,38.0,0.022,12.623,89.203,14.0,66.335,0.0,0.0,0
2026-06-03 03:00:00,2026-06-03 05:00:00,29.0,38.0,5.443,12.54,88.91,14.0,67.814,0.0,0.0,0
2026-06-03 04:00:00,2026-06-03 06:00:00,29.0,37.747,25.526,12.702,88.884,14.0,81.913,0.0,0.0,0
2026-06-03 05:00:00,2026-06-03 07:00:00,29.3,38.57,31.311,12.907,87.427,14.0,14.537,43.901,948.4,1
2026-06-03 06:00:00,2026-06-03 08:00:00,29.25,38.0,105.165,13.329,84.217,13.798,66.604,0.0,0.0,0
2026-06-03 07:00:00,2026-06-03 09:00:00,29.887,39.22,186.597,14.702,77.541,13.929,88.257,43.385,919.1,1
2026-06-03 08:00:00,2026-06-03 10:00:00,30.617,40.303,279.608,15.822,69.371,13.283,143.921,43.364,915.5,1
2026-06-03 09:00:00,2026-06-03 11:00:00,30.753,40.42,201.294,14.754,71.787,13.068,107.364,43.469,911.1,1
2026-06-03 10:00:00,2026-06-03 12:00:00,31.0,41.317,344.976,14.936,70.093,12.075,147.947,55.564,917.0,1
2026-06-03 11:00:00,2026-06-03 13:00:00,31.787,42.403,478.179,16.945,62.159,11.9,104.074,74.938,915.3,1
2026-06-03 12:00:00,2026-06-03 14:00:00,32.233,42.886,613.859,18.781,52.111,11.792,152.668,87.197,913.0,1
2026-06-03 13:00:00,2026-06-03 15:00:00,32.703,43.517,539.315,18.988,49.997,11.775,129.31,86.518,913.2,1
2026-06-03 14:00:00,2026-06-03 16:00:00,33.0,43.937,362.068,18.154,52.973,12.855,145.726,86.571,925.1,1
2026-06-03 15:00:00,2026-06-03 17:00:00,33.42,44.403,393.825,19.006,48.414,13.975,109.335,43.635,911.9,1
2026-06-03 16:00:00,2026-06-03 18:00:00,33.113,44.163,271.723,18.961,47.563,14.0,301.613,0.0,0.0,0
2026-06-03 17:00:00,2026-06-03 19:00:00,33.0,43.097,86.167,17.884,50.573,14.0,477.68,0.0,0.0,0
2026-06-03 18:00:00,2026-06-03 20:00:00,33.0,43.0,23.884,16.764,57.519,14.0,529.969,0.0,0.0,0
2026-06-03 19:00:00,2026-06-03 21:00:00,33.0,43.0,1.651,15.504,64.032,14.0,540.352,0.0,0.0,0
2026-06-03 20:00:00,2026-06-03 22:00:00,33.0,42.48,0.001,13.578,72.97,14.0,540.68,0.0,0.0,0
2026-06-03 21:00:00,2026-06-03 23:00:00,33.0,42.0,0.0,12.246,77.983,14.0,540.68,0.0,0.0,0
2026-06-03 22:00:00,2026-06-04 00:00:00,33.0,42.0,0.0,11.431,82.07,14.0,540.68,0.0,0.0,0
2026-06-03 23:00:00,2026-06-04 01:00:00,33.0,42.0,0.0,11.3,82.833,14.0,540.68,0.0,0.0,0
2026-06-04 00:00:00,2026-06-04 02:00:00,33.0,42.0,0.0,12.134,81.541,14.0,540.68,0.0,0.0,0
2026-06-04 01:00:00,2026-06-04 03:00:00,33.0,42.0,0.0,12.755,78.81,14.0,540.68,0.0,0.0,0
2026-06-04 02:00:00,2026-06-04 04:00:00,33.0,42.0,0.033,12.811,78.103,14.0,540.684,0.0,0.0,0
2026-06-04 03:00:00,2026-06-04 05:00:00,33.0,42.0,7.793,12.982,77.06,14.0,542.654,0.0,0.0,0
2026-06-04 04:00:00,2026-06-04 06:00:00,33.0,42.0,39.009,13.19,78.753,14.0,565.422,0.0,0.0,0
2026-06-04 05:00:00,2026-06-04 07:00:00,33.0,42.717,90.59,13.838,79.907,14.008,43.234,43.969,929.4,1
2026-06-04 06:00:00,2026-06-04 08:00:00,33.02,42.453,191.027,15.435,74.082,14.098,151.606,43.705,960.2,1
2026-06-04 07:00:00,2026-06-04 09:00:00,33.133,43.383,252.41,17.737,65.535,14.142,116.291,43.83,928.9,1
2026-06-04 08:00:00,2026-06-04 10:00:00,33.583,43.603,246.022,17.876,65.109,14.333,112.481,43.826,918.9,1
2026-06-04 09:00:00,2026-06-04 11:00:00,34.083,44.77,368.234,18.906,63.261,14.57,107.558,43.41,907.3,1
2026-06-04 10:00:00,2026-06-04 12:00:00,34.603,45.267,457.795,20.789,57.344,15.417,122.57,86.648,922.6,1
2026-06-04 11:00:00,2026-06-04 13:00:00,35.0,45.37,331.171,21.323,55.601,15.05,126.997,43.421,912.4,1
2026-06-04 12:00:00,2026-06-04 14:00:00,35.286,45.567,509.995,22.618,47.514,14.892,123.546,87.168,954.4,1
2026-06-04 13:00:00,2026-06-04 15:00:00,35.717,45.547,359.975,22.673,44.847,14.625,154.09,47.833,921.4,1
2026-06-04 14:00:00,2026-06-04 16:00:00,35.963,45.437,246.559,22.025,44.22,14.145,135.753,39.143,915.4,1
2026-06-04 15:00:00,2026-06-04 17:00:00,36.02,45.113,109.645,19.976,53.313,13.525,68.144,43.876,911.4,1
2026-06-04 16:00:00,2026-06-04 18:00:00,36.0,44.963,40.642,14.89,77.43,13.0,131.393,0.0,0.0,0
2026-06-04 17:00:00,2026-06-04 19:00:00,36.0,44.017,28.477,14.545,79.556,13.0,163.607,0.0,0.0,0
2026-06-04 18:00:00,2026-06-04 20:00:00,35.33,44.0,7.751,13.357,85.4,13.0,181.744,0.0,0.0,0
2026-06-04 19:00:00,2026-06-04 21:00:00,35.0,44.0,0.208,12.493,88.64,13.0,184.659,0.0,0.0,0
2026-06-04 20:00:00,2026-06-04 22:00:00,35.0,44.0,0.0,12.049,88.647,13.0,184.696,0.0,0.0,0
2026-06-04 21:00:00,2026-06-04 23:00:00,35.0,44.0,0.0,11.896,88.753,13.0,184.696,0.0,0.0,0
2026-06-04 22:00:00,2026-06-05 00:00:00,35.0,44.0,0.0,11.852,89.703,13.0,184.696,0.0,0.0,0
2026-06-04 23:00:00,2026-06-05 01:00:00,35.0,44.0,0.0,11.79,91.573,13.0,184.696,0.0,0.0,0
2026-06-05 00:00:00,2026-06-05 02:00:00,35.0,44.0,0.0,11.8,91.68,13.0,184.696,0.0,0.0,0
2026-06-05 01:00:00,2026-06-05 03:00:00,35.0,44.0,0.0,11.713,91.753,13.0,184.696,0.0,0.0,0
2026-06-05 02:00:00,2026-06-05 04:00:00,35.0,43.817,0.022,11.678,91.933,13.0,184.698,0.0,0.0,0
2026-06-05 03:00:00,2026-06-05 05:00:00,35.0,43.18,2.772,11.449,92.317,13.0,185.361,0.0,0.0,0
2026-06-05 04:00:00,2026-06-05 06:00:00,35.0,43.0,18.777,11.667,91.713,13.0,194.537,0.0,0.0,0
2026-06-05 05:00:00,2026-06-05 07:00:00,35.937,44.907,69.829,12.275,89.951,13.0,31.912,44.27,936.1,1
2026-06-05 06:00:00,2026-06-05 08:00:00,35.547,44.113,104.369,12.945,84.584,12.902,118.112,0.0,0.0,0
2026-06-05 07:00:00,2026-06-05 09:00:00,35.986,45.053,205.235,14.023,78.245,12.867,100.833,43.784,930.2,1
2026-06-05 08:00:00,2026-06-05 10:00:00,36.62,45.856,267.434,14.591,74.87,12.592,124.584,43.98,926.8,1
2026-06-05 09:00:00,2026-06-05 11:00:00,37.303,46.75,270.458,15.246,72.276,13.284,89.023,87.856,926.4,1
2026-06-05 10:00:00,2026-06-05 12:00:00,37.617,46.95,431.082,14.792,77.552,13.443,108.047,43.9,934.6,1
2026-06-05 11:00:00,2026-06-05 13:00:00,38.386,47.233,403.293,16.589,65.698,13.698,118.645,88.099,926.4,1
2026-06-05 12:00:00,2026-06-05 14:00:00,38.6,47.167,303.304,16.995,60.087,13.277,137.188,43.909,919.0,1
2026-06-05 13:00:00,2026-06-05 15:00:00,39.303,47.167,607.947,18.369,54.278,13.303,157.832,87.782,963.7,1
2026-06-05 14:00:00,2026-06-05 16:00:00,39.92,47.183,512.641,19.097,45.774,14.055,140.687,87.871,920.7,1
2026-06-05 15:00:00,2026-06-05 17:00:00,40.133,46.883,238.002,18.447,47.764,14.242,135.066,43.831,921.7,1
2026-06-05 16:00:00,2026-06-05 18:00:00,40.297,46.363,202.976,18.534,50.069,15.0,172.245,0.0,0.0,0
2026-06-05 17:00:00,2026-06-05 19:00:00,39.664,45.747,136.337,18.298,48.808,15.0,362.197,0.0,0.0,0
2026-06-05 18:00:00,2026-06-05 20:00:00,39.0,45.0,23.957,16.671,56.196,15.0,424.376,0.0,0.0,0
2026-06-05 19:00:00,2026-06-05 21:00:00,39.0,45.0,2.479,15.001,64.953,15.0,436.203,0.0,0.0,0
2026-06-05 20:00:00,2026-06-05 22:00:00,39.0,45.0,0.002,13.173,74.893,15.0,436.683,0.0,0.0,0
2026-06-05 21:00:00,2026-06-05 23:00:00,39.0,45.0,0.0,12.201,80.763,15.0,436.683,0.0,0.0,0
2026-06-05 22:00:00,2026-06-06 00:00:00,39.0,45.0,0.0,10.889,86.823,15.0,436.683,0.0,0.0,0
2026-06-05 23:00:00,2026-06-06 01:00:00,39.0,45.0,0.0,10.242,89.537,15.0,436.683,0.0,0.0,0
2026-06-06 00:00:00,2026-06-06 02:00:00,39.0,45.0,0.0,9.701,91.853,15.0,436.683,0.0,0.0,0
2026-06-06 01:00:00,2026-06-06 03:00:00,39.0,45.0,0.0,9.252,92.94,15.0,436.683,0.0,0.0,0
2026-06-06 02:00:00,2026-06-06 04:00:00,38.813,45.0,0.07,8.325,94.187,15.0,436.691,0.0,0.0,0
2026-06-06 03:00:00,2026-06-06 05:00:00,38.017,45.0,6.834,7.871,95.0,15.0,438.82,0.0,0.0,0
2026-06-06 04:00:00,2026-06-06 06:00:00,38.0,45.0,26.153,8.76,93.668,15.0,454.076,0.0,0.0,0
2026-06-06 05:00:00,2026-06-06 07:00:00,38.953,45.953,88.11,12.983,79.219,15.0,36.077,44.38,940.2,1
2026-06-06 06:00:00,2026-06-06 08:00:00,39.12,45.467,217.054,14.994,74.541,15.198,132.831,43.917,922.7,1
2026-06-06 07:00:00,2026-06-06 09:00:00,39.266,46.4,257.589,17.017,66.302,15.2,117.528,44.077,924.3,1
2026-06-06 08:00:00,2026-06-06 10:00:00,39.663,46.903,423.66,18.305,57.787,15.817,132.084,43.678,914.2,1
2026-06-06 09:00:00,2026-06-06 11:00:00,40.02,47.233,559.621,19.415,51.592,15.722,138.367,86.74,941.6,1
2026-06-06 10:00:00,2026-06-06 12:00:00,40.5,47.25,567.374,20.223,49.021,15.873,139.033,86.565,909.6,1
2026-06-06 11:00:00,2026-06-06 13:00:00,40.683,47.233,753.565,21.588,46.533,16.225,180.916,87.222,923.6,1
2026-06-06 12:00:00,2026-06-06 14:00:00,40.367,47.03,245.382,21.014,47.164,16.558,132.5,43.779,922.3,1
2026-06-06 13:00:00,2026-06-06 15:00:00,40.453,47.12,476.007,21.814,46.856,16.042,131.453,86.864,917.8,1
2026-06-06 14:00:00,2026-06-06 16:00:00,40.747,47.367,286.349,21.891,46.406,15.71,139.722,43.619,912.7,1
2026-06-06 15:00:00,2026-06-06 17:00:00,40.77,47.25,199.223,21.827,46.11,15.592,119.142,44.023,921.5,1
2026-06-06 16:00:00,2026-06-06 18:00:00,40.413,47.0,54.492,20.617,51.505,15.0,162.094,0.0,0.0,0
2026-06-06 17:00:00,2026-06-06 19:00:00,40.0,46.03,77.82,20.647,54.11,15.0,234.094,0.0,0.0,0
2026-06-06 18:00:00,2026-06-06 20:00:00,40.0,46.0,28.658,19.81,58.496,15.0,285.515,0.0,0.0,0
2026-06-06 19:00:00,2026-06-06 21:00:00,39.23,46.0,1.891,18.092,65.139,15.0,300.049,0.0,0.0,0
2026-06-06 20:00:00,2026-06-06 22:00:00,39.017,46.0,0.001,17.389,67.777,15.0,300.417,0.0,0.0,0
2026-06-06 21:00:00,2026-06-06 23:00:00,39.0,45.633,0.0,16.752,68.725,15.0,300.417,0.0,0.0,0
2026-06-06 22:00:00,2026-06-07 00:00:00,39.0,45.064,0.0,15.581,72.456,15.0,300.417,0.0,0.0,0
2026-06-06 23:00:00,2026-06-07 01:00:00,39.0,45.0,0.0,14.748,75.757,15.0,300.417,0.0,0.0,0
2026-06-07 00:00:00,2026-06-07 02:00:00,39.0,45.0,0.0,15.066,71.72,15.0,300.417,0.0,0.0,0
2026-06-07 01:00:00,2026-06-07 03:00:00,39.0,45.0,0.0,13.936,76.639,15.0,300.417,0.0,0.0,0
2026-06-07 02:00:00,2026-06-07 04:00:00,39.0,45.0,0.081,13.698,75.904,15.0,300.427,0.0,0.0,0
2026-06-07 03:00:00,2026-06-07 05:00:00,39.0,45.0,9.358,12.978,77.163,15.0,303.045,0.0,0.0,0
2026-06-07 04:00:00,2026-06-07 06:00:00,39.0,45.0,41.014,13.533,76.334,15.0,325.974,0.0,0.0,0
2026-06-07 05:00:00,2026-06-07 07:00:00,39.533,46.02,120.898,15.668,70.318,15.0,51.032,44.298,936.6,1
2026-06-07 06:00:00,2026-06-07 08:00:00,39.237,46.467,210.606,16.979,61.39,15.108,135.36,43.943,926.3,1
2026-06-07 07:00:00,2026-06-07 09:00:00,39.3,46.35,204.765,18.259,52.09,14.908,131.087,43.818,927.6,1
2026-06-07 08:00:00,2026-06-07 10:00:00,39.497,46.953,414.813,19.237,48.03,14.917,128.043,43.478,909.3,1
2026-06-07 09:00:00,2026-06-07 11:00:00,39.72,47.47,447.333,19.718,46.143,14.733,129.59,87.146,920.3,1
2026-06-07 10:00:00,2026-06-07 12:00:00,40.253,47.767,582.238,20.387,44.557,14.592,148.243,87.046,929.3,1
2026-06-07 11:00:00,2026-06-07 13:00:00,40.297,47.667,716.027,21.45,42.287,14.583,176.307,86.924,939.6,1
2026-06-07 12:00:00,2026-06-07 14:00:00,40.15,47.517,718.226,22.313,40.45,14.99,186.065,87.172,936.4,1
2026-06-07 13:00:00,2026-06-07 15:00:00,40.22,47.567,611.391,22.553,39.78,15.737,156.388,86.306,942.9,1
2026-06-07 14:00:00,2026-06-07 16:00:00,40.483,47.767,589.694,23.262,38.4,16.082,146.322,86.576,922.8,1
2026-06-07 15:00:00,2026-06-07 17:00:00,41.037,48.137,463.836,22.984,38.763,16.948,133.328,86.861,928.3,1
2026-06-07 16:00:00,2026-06-07 18:00:00,41.23,47.627,312.133,22.708,38.237,18.0,207.761,0.0,0.0,0
2026-06-07 17:00:00,2026-06-07 19:00:00,41.0,47.0,136.841,21.587,39.273,18.0,436.284,0.0,0.0,0
2026-06-07 18:00:00,2026-06-07 20:00:00,40.747,47.0,24.003,19.213,43.282,18.0,501.892,0.0,0.0,0
2026-06-07 19:00:00,2026-06-07 21:00:00,40.0,47.0,2.577,17.106,49.086,18.0,513.952,0.0,0.0,0
2026-06-07 20:00:00,2026-06-07 22:00:00,40.0,46.347,0.002,14.818,58.181,18.0,514.449,0.0,0.0,0
2026-06-07 21:00:00,2026-06-07 23:00:00,40.0,46.05,0.0,13.378,66.46,18.0,514.449,0.0,0.0,0
2026-06-07 22:00:00,2026-06-08 00:00:00,40.0,46.0,0.0,12.213,69.388,18.0,514.449,0.0,0.0,0
2026-06-07 23:00:00,2026-06-08 01:00:00,40.0,46.0,0.0,11.158,76.29,18.0,514.449,0.0,0.0,0
2026-06-08 00:00:00,2026-06-08 02:00:00,40.0,46.0,0.0,10.032,80.17,18.0,514.449,0.0,0.0,0
2026-06-08 01:00:00,2026-06-08 03:00:00,40.0,46.0,0.0,9.635,82.632,18.0,514.449,0.0,0.0,0
2026-06-08 02:00:00,2026-06-08 04:00:00,40.0,46.0,0.081,8.72,84.973,18.0,514.459,0.0,0.0,0
2026-06-08 03:00:00,2026-06-08 05:00:00,40.0,46.0,7.758,8.776,87.013,18.0,516.852,0.0,0.0,0
2026-06-08 04:00:00,2026-06-08 06:00:00,40.0,46.0,40.591,9.928,84.328,18.0,537.696,0.0,0.0,0
2026-06-08 05:00:00,2026-06-08 07:00:00,40.617,47.003,113.536,13.532,74.491,18.0,50.738,44.01,929.5,1
2026-06-08 06:00:00,2026-06-08 08:00:00,40.253,47.45,217.524,16.792,60.022,18.025,131.558,43.871,925.7,1
2026-06-08 07:00:00,2026-06-08 09:00:00,40.5,47.467,234.559,19.204,52.61,18.092,129.557,43.603,917.3,1
2026-06-08 08:00:00,2026-06-08 10:00:00,40.683,48.22,487.733,21.998,49.001,18.257,131.198,86.349,911.7,1
2026-06-08 09:00:00,2026-06-08 11:00:00,41.0,48.5,607.006,24.293,41.185,18.545,146.613,86.382,905.8,1
2026-06-08 10:00:00,2026-06-08 12:00:00,40.967,48.467,650.534,25.274,37.34,18.692,162.577,85.038,919.1,1
2026-06-08 11:00:00,2026-06-08 13:00:00,40.897,48.45,625.221,25.822,38.86,18.678,166.605,78.992,905.3,1
2026-06-08 12:00:00,2026-06-08 14:00:00,40.987,48.45,496.971,26.183,38.287,18.683,126.301,79.013,907.0,1
2026-06-08 13:00:00,2026-06-08 15:00:00,41.0,48.517,430.215,27.09,32.324,18.66,109.598,59.732,911.6,1
2026-06-08 14:00:00,2026-06-08 16:00:00,41.0,48.25,247.774,26.539,33.756,17.922,123.28,43.37,913.7,1
2026-06-08 15:00:00,2026-06-08 17:00:00,40.917,47.997,236.388,26.101,36.996,16.96,125.298,43.673,916.1,1
2026-06-08 16:00:00,2026-06-08 18:00:00,40.43,47.0,80.981,24.591,42.558,16.0,213.731,0.0,0.0,0
2026-06-08 17:00:00,2026-06-08 19:00:00,40.0,47.0,25.626,22.881,46.023,16.0,261.003,0.0,0.0,0
2026-06-08 18:00:00,2026-06-08 20:00:00,40.0,47.0,3.098,17.636,74.934,16.0,272.902,0.0,0.0,0
2026-06-08 19:00:00,2026-06-08 21:00:00,40.0,47.0,0.563,15.749,88.576,16.0,274.799,0.0,0.0,0
2026-06-08 20:00:00,2026-06-08 22:00:00,40.0,46.933,0.001,15.289,91.373,16.0,274.919,0.0,0.0,0
2026-06-08 21:00:00,2026-06-08 23:00:00,40.0,46.95,0.0,15.292,91.913,16.0,274.919,0.0,0.0,0
2026-06-08 22:00:00,2026-06-09 00:00:00,40.0,46.75,0.0,15.494,90.113,16.0,274.919,0.0,0.0,0
2026-06-08 23:00:00,2026-06-09 01:00:00,39.833,46.413,0.0,15.662,89.933,16.0,274.919,0.0,0.0,0
2026-06-09 00:00:00,2026-06-09 02:00:00,39.65,46.033,0.0,15.343,90.387,16.0,274.919,0.0,0.0,0
2026-06-09 01:00:00,2026-06-09 03:00:00,39.347,46.0,0.0,15.215,91.487,16.0,274.919,0.0,0.0,0
2026-06-09 02:00:00,2026-06-09 04:00:00,39.15,46.0,0.071,14.987,92.703,16.0,274.927,0.0,0.0,0
2026-06-09 03:00:00,2026-06-09 05:00:00,39.017,46.0,5.11,14.961,92.347,16.0,276.388,0.0,0.0,0
2026-06-09 04:00:00,2026-06-09 06:00:00,39.0,46.0,41.07,15.181,91.527,16.0,297.409,0.0,0.0,0
2026-06-09 05:00:00,2026-06-09 07:00:00,39.953,46.986,79.419,15.491,87.504,16.0,38.639,43.803,923.5,1
2026-06-09 06:00:00,2026-06-09 08:00:00,40.0,47.0,55.25,15.346,86.697,15.677,98.118,0.0,0.0,0
2026-06-09 07:00:00,2026-06-09 09:00:00,40.936,47.953,94.811,15.207,86.202,15.8,39.363,43.152,916.6,1
2026-06-09 08:00:00,2026-06-09 10:00:00,40.433,47.684,196.869,15.208,77.774,14.505,143.435,43.9,929.7,1
2026-06-09 09:00:00,2026-06-09 11:00:00,41.033,48.403,257.914,15.746,73.27,13.493,117.211,43.512,919.1,1
2026-06-09 10:00:00,2026-06-09 12:00:00,41.303,49.303,311.931,16.783,63.864,12.768,114.976,43.524,918.7,1
2026-06-09 11:00:00,2026-06-09 13:00:00,41.283,49.2,197.107,15.821,63.517,11.635,131.543,43.695,918.3,1
2026-06-09 12:00:00,2026-06-09 14:00:00,42.117,49.467,428.034,17.252,57.844,10.947,119.046,43.81,925.0,1
2026-06-09 13:00:00,2026-06-09 15:00:00,42.603,49.517,472.28,18.38,51.314,10.823,118.911,87.408,916.1,1
2026-06-09 14:00:00,2026-06-09 16:00:00,42.9,49.467,431.688,18.488,47.194,11.39,127.871,87.055,919.9,1
2026-06-09 15:00:00,2026-06-09 17:00:00,43.167,49.43,329.937,18.325,44.34,11.9,132.068,43.507,914.9,1
2026-06-09 16:00:00,2026-06-09 18:00:00,43.0,48.564,212.847,17.799,44.036,12.0,313.729,0.0,0.0,0
2026-06-09 17:00:00,2026-06-09 19:00:00,42.73,48.0,81.539,16.562,47.513,12.0,460.173,0.0,0.0,0
2026-06-09 18:00:00,2026-06-09 20:00:00,42.0,47.664,28.499,15.299,50.809,12.0,510.71,0.0,0.0,0
2026-06-09 19:00:00,2026-06-09 21:00:00,42.0,47.0,2.395,13.77,54.792,12.0,524.06,0.0,0.0,0
2026-06-09 20:00:00,2026-06-09 22:00:00,42.0,47.0,0.002,12.775,60.083,12.0,524.536,0.0,0.0,0
2026-06-09 21:00:00,2026-06-09 23:00:00,42.0,47.0,0.0,11.958,64.826,12.0,524.536,0.0,0.0,0
2026-06-09 22:00:00,2026-06-10 00:00:00,42.0,47.0,0.0,11.331,70.833,12.0,524.536,0.0,0.0,0
2026-06-09 23:00:00,2026-06-10 01:00:00,42.0,47.0,0.0,10.471,76.216,12.0,524.536,0.0,0.0,0
2026-06-10 00:00:00,2026-06-10 02:00:00,42.0,47.0,0.0,10.378,76.738,12.0,524.536,0.0,0.0,0
2026-06-10 01:00:00,2026-06-10 03:00:00,42.0,47.0,0.0,10.84,73.73,12.0,524.536,0.0,0.0,0
2026-06-10 02:00:00,2026-06-10 04:00:00,42.0,47.0,0.072,10.209,78.237,12.0,524.544,0.0,0.0,0
2026-06-10 03:00:00,2026-06-10 05:00:00,41.583,47.0,5.031,9.909,80.102,12.0,526.192,0.0,0.0,0
2026-06-10 04:00:00,2026-06-10 06:00:00,41.03,47.0,25.907,10.009,82.264,12.0,541.097,0.0,0.0,0
2026-06-10 05:00:00,2026-06-10 07:00:00,42.17,47.953,52.149,10.707,80.517,12.0,22.857,44.15,934.6,1
2026-06-10 06:00:00,2026-06-10 08:00:00,42.0,47.864,89.156,11.857,75.251,12.0,95.606,0.0,0.0,0
2026-06-10 07:00:00,2026-06-10 09:00:00,42.936,48.453,128.814,13.163,63.723,12.0,65.974,43.807,928.7,1
2026-06-10 08:00:00,2026-06-10 10:00:00,42.617,48.487,143.737,14.152,58.947,12.008,161.409,43.618,923.8,1
2026-06-10 09:00:00,2026-06-10 11:00:00,43.0,48.883,154.629,14.125,62.216,11.88,92.849,0.0,0.0,0
2026-06-10 10:00:00,2026-06-10 12:00:00,43.317,49.187,194.102,14.162,67.296,11.308,115.755,43.711,920.0,1
2026-06-10 11:00:00,2026-06-10 13:00:00,43.503,49.483,232.835,13.066,71.833,11.325,103.41,43.71,921.2,1
2026-06-10 12:00:00,2026-06-10 14:00:00,44.453,49.883,291.019,14.068,65.595,10.992,122.626,44.008,942.5,1
2026-06-10 13:00:00,2026-06-10 15:00:00,44.5,49.8,216.481,14.928,56.764,10.027,140.63,43.877,920.4,1
2026-06-10 14:00:00,2026-06-10 16:00:00,45.367,50.05,332.503,15.961,54.08,9.485,126.121,43.745,927.0,1
2026-06-10 15:00:00,2026-06-10 17:00:00,45.0,49.397,44.766,12.198,72.941,8.38,218.68,0.0,0.0,0
2026-06-10 16:00:00,2026-06-10 18:00:00,45.0,49.0,18.32,9.668,90.929,8.0,239.181,0.0,0.0,0
2026-06-10 17:00:00,2026-06-10 19:00:00,45.0,49.0,42.672,10.116,90.913,8.0,271.909,0.0,0.0,0
2026-06-10 18:00:00,2026-06-10 20:00:00,44.58,49.0,10.563,10.165,91.97,8.0,298.199,0.0,0.0,0
2026-06-10 19:00:00,2026-06-10 21:00:00,44.0,49.0,0.546,10.043,92.94,8.0,302.085,0.0,0.0,0
2026-06-10 20:00:00,2026-06-10 22:00:00,44.0,49.0,0.001,9.809,92.58,8.0,302.205,0.0,0.0,0
2026-06-10 21:00:00,2026-06-10 23:00:00,44.0,49.0,0.0,9.301,93.337,8.0,302.205,0.0,0.0,0
2026-06-10 22:00:00,2026-06-11 00:00:00,44.033,49.0,0.0,8.457,94.687,8.0,302.205,0.0,0.0,0
2026-06-10 23:00:00,2026-06-11 01:00:00,44.0,49.0,0.0,8.565,95.55,8.0,302.205,0.0,0.0,0
2026-06-11 00:00:00,2026-06-11 02:00:00,44.0,49.0,0.0,8.633,95.0,8.0,302.205,0.0,0.0,0
2026-06-11 01:00:00,2026-06-11 03:00:00,44.0,49.0,0.0,8.198,95.0,8.0,302.205,0.0,0.0,0
2026-06-11 02:00:00,2026-06-11 04:00:00,44.0,49.0,0.076,8.073,94.13,8.0,302.215,0.0,0.0,0
2026-06-11 03:00:00,2026-06-11 05:00:00,44.0,48.847,4.831,8.065,94.567,8.0,303.792,0.0,0.0,0
2026-06-11 04:00:00,2026-06-11 06:00:00,44.0,48.333,16.111,8.503,94.333,8.0,312.594,0.0,0.0,0
2026-06-11 05:00:00,2026-06-11 07:00:00,44.953,49.84,48.891,9.193,92.96,8.0,22.067,44.378,935.7,1
2026-06-11 06:00:00,2026-06-11 08:00:00,45.0,49.103,172.788,10.154,89.265,8.0,107.247,0.0,0.0,0
2026-06-11 07:00:00,2026-06-11 09:00:00,45.283,50.014,165.45,11.788,79.799,8.0,74.905,43.984,935.8,1
2026-06-11 08:00:00,2026-06-11 10:00:00,45.806,50.467,439.321,13.712,68.856,8.74,128.377,87.472,925.9,1
2026-06-11 09:00:00,2026-06-11 11:00:00,46.95,50.6,331.685,14.111,65.589,9.657,131.355,43.509,915.3,1
2026-06-11 10:00:00,2026-06-11 12:00:00,47.62,50.42,499.058,13.583,67.589,10.34,144.799,87.555,921.1,1
2026-06-11 11:00:00,2026-06-11 13:00:00,48.62,50.383,527.396,15.514,60.313,11.457,152.008,87.198,953.8,1
2026-06-11 12:00:00,2026-06-11 14:00:00,49.35,50.33,452.758,15.474,56.006,12.0,160.829,43.729,928.8,1
2026-06-11 13:00:00,2026-06-11 15:00:00,50.136,50.283,550.301,16.802,48.28,13.107,152.184,87.339,930.2,1
2026-06-11 14:00:00,2026-06-11 16:00:00,50.853,50.3,405.717,16.645,49.242,13.773,113.557,87.307,956.3,1
2026-06-11 15:00:00,2026-06-11 17:00:00,51.35,50.353,315.303,16.163,55.7,14.665,137.34,44.086,926.9,1
2026-06-11 16:00:00,2026-06-11 18:00:00,50.697,49.98,207.396,16.02,54.41,15.0,331.645,0.0,0.0,0
2026-06-11 17:00:00,2026-06-11 19:00:00,50.0,49.08,110.745,14.898,55.556,15.0,478.633,0.0,0.0,0
2026-06-11 18:00:00,2026-06-11 20:00:00,50.0,49.0,25.412,13.757,60.641,15.0,546.045,0.0,0.0,0
2026-06-11 19:00:00,2026-06-11 21:00:00,49.064,49.0,1.619,12.822,64.896,15.0,554.602,0.0,0.0,0
2026-06-11 20:00:00,2026-06-11 22:00:00,49.0,49.0,0.002,11.932,69.89,15.0,554.989,0.0,0.0,0
2026-06-11 21:00:00,2026-06-11 23:00:00,49.0,49.0,0.0,11.634,71.943,15.0,554.989,0.0,0.0,0
2026-06-11 22:00:00,2026-06-12 00:00:00,49.0,49.0,0.0,11.502,72.194,15.0,554.989,0.0,0.0,0
2026-06-11 23:00:00,2026-06-12 01:00:00,49.0,48.967,0.0,11.228,74.626,15.0,554.989,0.0,0.0,0
2026-06-12 00:00:00,2026-06-12 02:00:00,49.0,48.897,0.0,10.978,78.279,15.0,554.989,0.0,0.0,0
2026-06-12 01:00:00,2026-06-12 03:00:00,49.0,48.433,0.0,10.336,85.84,15.0,554.989,0.0,0.0,0
2026-06-12 02:00:00,2026-06-12 04:00:00,48.797,48.35,0.022,10.442,85.467,15.0,554.992,0.0,0.0,0
2026-06-12 03:00:00,2026-06-12 05:00:00,48.083,48.253,2.915,10.616,84.513,15.0,555.936,0.0,0.0,0
2026-06-12 04:00:00,2026-06-12 06:00:00,48.0,48.064,9.695,10.893,83.82,15.0,562.423,0.0,0.0,0
2026-06-12 05:00:00,2026-06-12 07:00:00,49.907,49.404,22.875,10.935,87.783,15.0,12.454,44.318,936.6,1
2026-06-12 06:00:00,2026-06-12 08:00:00,49.23,49.0,35.303,10.949,90.836,15.0,38.657,0.0,0.0,0
2026-06-12 07:00:00,2026-06-12 09:00:00,50.82,49.987,61.453,11.434,91.0,15.0,29.124,44.101,935.1,1
2026-06-12 08:00:00,2026-06-12 10:00:00,50.0,50.0,101.654,12.277,90.264,14.104,111.153,0.0,0.0,0
2026-06-12 09:00:00,2026-06-12 11:00:00,51.886,50.833,128.14,12.914,89.563,13.337,61.016,43.871,935.2,1
2026-06-12 10:00:00,2026-06-12 12:00:00,51.303,50.603,150.582,13.585,89.283,12.185,154.371,43.83,934.7,1
2026-06-12 11:00:00,2026-06-12 13:00:00,52.0,50.514,111.857,13.931,88.82,11.012,83.485,0.0,0.0,0
2026-06-12 12:00:00,2026-06-12 14:00:00,52.17,50.97,143.578,14.396,90.13,9.708,156.984,44.389,939.8,1
2026-06-12 13:00:00,2026-06-12 15:00:00,52.38,50.683,113.837,14.713,90.407,8.529,88.339,0.0,0.0,0
2026-06-12 14:00:00,2026-06-12 16:00:00,52.187,50.93,108.179,15.016,91.42,6.802,154.227,43.957,941.7,1
2026-06-12 15:00:00,2026-06-12 17:00:00,53.0,50.653,98.394,15.157,91.85,6.343,64.196,0.0,0.0,0
2026-06-12 16:00:00,2026-06-12 18:00:00,52.13,50.983,52.137,15.219,90.674,6.0,142.075,0.0,0.0,0
2026-06-12 17:00:00,2026-06-12 19:00:00,52.0,50.047,28.281,15.34,89.553,6.0,180.908,0.0,0.0,0
2026-06-12 18:00:00,2026-06-12 20:00:00,52.0,50.0,15.431,15.359,88.71,6.0,204.308,0.0,0.0,0
2026-06-12 19:00:00,2026-06-12 21:00:00,52.0,50.0,1.58,15.425,87.164,6.0,211.08,0.0,0.0,0
2026-06-12 20:00:00,2026-06-12 22:00:00,52.0,50.0,0.002,15.417,86.817,6.0,211.448,0.0,0.0,0
2026-06-12 21:00:00,2026-06-12 23:00:00,51.247,50.0,0.0,15.259,88.156,6.0,211.448,0.0,0.0,0
2026-06-12 22:00:00,2026-06-13 00:00:00,51.0,50.0,0.0,15.169,89.86,6.0,211.448,0.0,0.0,0
2026-06-12 23:00:00,2026-06-13 01:00:00,51.0,50.0,0.0,15.087,91.067,6.0,211.448,0.0,0.0,0
2026-06-13 00:00:00,2026-06-13 02:00:00,51.0,50.0,0.0,14.909,92.253,6.0,211.448,0.0,0.0,0
2026-06-13 01:00:00,2026-06-13 03:00:00,51.0,50.0,0.0,14.701,93.0,6.0,211.448,0.0,0.0,0
2026-06-13 02:00:00,2026-06-13 04:00:00,51.0,50.0,0.071,14.816,93.0,6.0,211.456,0.0,0.0,0
2026-06-13 03:00:00,2026-06-13 05:00:00,51.0,50.0,6.839,14.887,92.814,6.0,213.6,0.0,0.0,0
2026-06-13 04:00:00,2026-06-13 06:00:00,51.0,49.747,37.945,15.536,90.524,6.0,231.897,0.0,0.0,0
2026-06-13 05:00:00,2026-06-13 07:00:00,51.987,50.923,96.611,16.519,86.614,6.0,41.751,44.53,943.6,1
2026-06-13 06:00:00,2026-06-13 08:00:00,52.286,50.767,209.213,17.994,78.145,6.282,132.882,44.242,933.7,1
2026-06-13 07:00:00,2026-06-13 09:00:00,52.933,51.183,241.578,18.786,72.92,6.217,108.472,43.918,920.5,1
2026-06-13 08:00:00,2026-06-13 10:00:00,53.15,51.5,451.917,19.701,65.328,7.523,122.079,43.907,927.2,1
2026-06-13 09:00:00,2026-06-13 11:00:00,53.367,51.35,622.702,20.712,55.711,8.465,151.437,86.868,913.2,1
2026-06-13 10:00:00,2026-06-13 12:00:00,53.18,51.067,698.356,21.808,49.095,10.223,174.07,99.265,943.6,1
2026-06-13 11:00:00,2026-06-13 13:00:00,52.983,50.58,738.649,22.857,44.834,11.413,182.123,87.208,913.7,1
2026-06-13 12:00:00,2026-06-13 14:00:00,52.917,50.25,731.306,23.773,40.413,13.182,181.906,87.296,920.1,1
2026-06-13 13:00:00,2026-06-13 15:00:00,53.07,50.167,684.555,24.352,38.647,14.363,171.601,87.293,918.2,1
2026-06-13 14:00:00,2026-06-13 16:00:00,53.55,50.217,593.436,24.347,39.086,16.14,151.319,87.211,925.5,1
2026-06-13 15:00:00,2026-06-13 17:00:00,54.07,50.336,464.453,24.223,41.776,17.321,121.633,87.567,919.5,1
2026-06-13 16:00:00,2026-06-13 18:00:00,53.43,49.894,308.807,24.048,42.614,18.0,335.137,0.0,0.0,0
2026-06-13 17:00:00,2026-06-13 19:00:00,52.23,49.0,113.705,22.894,44.433,18.0,548.802,0.0,0.0,0
2026-06-13 18:00:00,2026-06-13 20:00:00,52.0,49.0,24.618,21.625,48.087,18.0,600.897,0.0,0.0,0
2026-06-13 19:00:00,2026-06-13 21:00:00,51.567,49.0,2.325,20.39,48.51,18.0,613.0,0.0,0.0,0
2026-06-13 20:00:00,2026-06-13 22:00:00,51.013,49.0,0.004,18.59,50.302,18.0,613.518,0.0,0.0,0
2026-06-13 21:00:00,2026-06-13 23:00:00,51.0,48.8,0.0,16.515,60.409,18.0,613.519,0.0,0.0,0
2026-06-13 22:00:00,2026-06-14 00:00:00,51.0,48.667,0.0,14.886,68.206,18.0,613.519,0.0,0.0,0
2026-06-13 23:00:00,2026-06-14 01:00:00,50.933,48.4,0.0,13.73,73.536,18.0,613.519,0.0,0.0,0
2026-06-14 00:00:00,2026-06-14 02:00:00,50.197,48.364,0.0,13.673,73.409,18.0,613.519,0.0,0.0,0
2026-06-14 01:00:00,2026-06-14 03:00:00,50.0,48.033,0.0,13.063,75.93,18.0,613.519,0.0,0.0,0
2026-06-14 02:00:00,2026-06-14 04:00:00,50.0,48.033,0.069,12.974,74.397,18.0,613.528,0.0,0.0,0
2026-06-14 03:00:00,2026-06-14 05:00:00,50.0,48.0,10.723,12.627,71.968,18.0,616.123,0.0,0.0,0
2026-06-14 04:00:00,2026-06-14 06:00:00,50.0,48.0,44.422,12.271,65.915,18.0,643.131,0.0,0.0,0
2026-06-14 05:00:00,2026-06-14 07:00:00,51.253,49.02,113.447,13.23,58.909,18.0,49.594,44.073,932.3,1
2026-06-14 06:00:00,2026-06-14 08:00:00,51.32,49.3,243.347,14.984,52.854,18.083,131.107,44.17,930.2,1
2026-06-14 07:00:00,2026-06-14 09:00:00,51.233,49.417,233.938,16.207,47.247,17.992,133.795,43.862,923.6,1
2026-06-14 08:00:00,2026-06-14 10:00:00,51.62,50.02,428.23,17.528,46.206,18.21,136.778,87.362,916.7,1
2026-06-14 09:00:00,2026-06-14 11:00:00,52.15,50.27,281.137,17.013,49.573,17.652,103.291,43.552,933.3,1
2026-06-14 10:00:00,2026-06-14 12:00:00,52.77,50.667,601.918,18.594,46.257,17.225,138.315,87.257,925.5,1
2026-06-14 11:00:00,2026-06-14 13:00:00,53.483,50.503,611.395,19.514,44.053,17.208,175.143,87.119,918.8,1
2026-06-14 12:00:00,2026-06-14 14:00:00,53.8,50.53,322.28,18.783,47.383,16.785,101.182,44.072,923.6,1
2026-06-14 13:00:00,2026-06-14 15:00:00,54.317,50.7,353.283,18.413,52.162,16.21,130.998,44.257,928.8,1
2026-06-14 14:00:00,2026-06-14 16:00:00,54.94,50.933,383.012,18.684,52.864,15.675,111.466,87.616,935.9,1
2026-06-14 15:00:00,2026-06-14 17:00:00,55.35,51.2,260.152,18.571,52.303,14.968,127.769,43.823,929.3,1
2026-06-14 16:00:00,2026-06-14 18:00:00,55.147,50.597,181.014,17.949,52.496,15.0,171.143,0.0,0.0,0
2026-06-14 17:00:00,2026-06-14 19:00:00,54.28,50.0,90.532,17.152,51.29,15.0,312.438,0.0,0.0,0
2026-06-14 18:00:00,2026-06-14 20:00:00,54.0,50.0,35.754,16.516,50.827,15.0,373.513,0.0,0.0,0
2026-06-14 19:00:00,2026-06-14 21:00:00,53.817,49.867,15.35,16.2,50.0,15.0,393.48,0.0,0.0,0
2026-06-14 20:00:00,2026-06-14 22:00:00,53.147,49.663,15.35,16.2,50.0,15.0,408.83,0.0,0.0,0
2026-06-14 21:00:00,2026-06-14 23:00:00,53.0,49.083,15.35,16.2,50.0,15.0,424.18,0.0,0.0,0
2026-06-14 22:00:00,2026-06-15 00:00:00,53.0,49.0,15.35,16.2,50.0,15.0,439.53,0.0,0.0,0
2026-06-14 23:00:00,2026-06-15 01:00:00,53.0,49.0,15.35,16.2,50.0,15.0,454.88,0.0,0.0,0
2026-06-15 00:00:00,2026-06-15 02:00:00,52.714,49.0,15.35,16.2,50.0,15.0,470.23,0.0,0.0,0
2026-06-15 01:00:00,2026-06-15 03:00:00,52.0,49.0,15.35,16.2,50.0,15.0,485.58,0.0,0.0,0
2026-06-15 02:00:00,2026-06-15 04:00:00,52.0,49.0,15.35,16.2,50.0,15.0,500.93,0.0,0.0,0
2026-06-15 03:00:00,2026-06-15 05:00:00,52.0,49.0,15.35,16.2,50.0,15.0,516.28,0.0,0.0,0
2026-06-15 04:00:00,2026-06-15 06:00:00,52.0,49.0,15.35,16.2,50.0,15.0,531.63,0.0,0.0,0
2026-06-15 05:00:00,2026-06-15 07:00:00,53.89,49.987,55.122,15.274,55.676,15.0,13.963,44.139,934.7,1
2026-06-15 06:00:00,2026-06-15 08:00:00,53.437,50.287,267.274,14.285,64.467,14.858,116.4,43.717,923.1,1
2026-06-15 07:00:00,2026-06-15 09:00:00,54.837,50.85,258.379,14.348,63.84,15.258,106.956,44.083,927.2,1
2026-06-15 08:00:00,2026-06-15 10:00:00,55.08,51.35,494.763,15.581,59.754,14.768,146.814,43.469,914.5,1
2026-06-15 09:00:00,2026-06-15 11:00:00,56.103,51.567,501.144,16.836,54.073,15.365,125.158,98.589,936.0,1
2026-06-15 10:00:00,2026-06-15 12:00:00,57.07,51.4,759.374,17.797,50.807,15.7,177.583,99.086,913.6,1
2026-06-15 11:00:00,2026-06-15 13:00:00,57.083,51.017,797.548,19.125,47.488,15.7,194.585,87.1,916.3,1
2026-06-15 12:00:00,2026-06-15 14:00:00,57.034,50.714,787.23,20.128,45.161,16.115,201.766,86.668,908.4,1
2026-06-15 13:00:00,2026-06-15 15:00:00,56.847,50.467,740.729,20.853,43.794,16.715,186.464,71.95,915.5,1
2026-06-15 14:00:00,2026-06-15 16:00:00,56.6,50.067,689.52,21.119,42.333,17.242,178.641,57.117,914.4,1
2026-06-15 15:00:00,2026-06-15 17:00:00,56.906,50.033,392.687,21.012,42.72,17.735,132.96,57.599,945.8,1
2026-06-15 16:00:00,2026-06-15 18:00:00,57.077,50.067,375.817,20.727,43.27,18.0,270.595,0.0,0.0,0
2026-06-15 17:00:00,2026-06-15 19:00:00,56.0,50.0,220.0,19.994,46.188,18.0,573.501,0.0,0.0,0
2026-06-15 18:00:00,2026-06-15 20:00:00,55.78,49.913,56.14,18.6,51.0,18.0,689.244,0.0,0.0,0
2026-06-15 19:00:00,2026-06-15 21:00:00,55.0,49.083,56.14,18.6,51.0,18.0,745.384,0.0,0.0,0
2026-06-15 20:00:00,2026-06-15 22:00:00,54.95,49.0,56.14,18.6,51.0,18.0,801.524,0.0,0.0,0
2026-06-15 21:00:00,2026-06-15 23:00:00,54.063,49.0,56.14,18.6,51.0,18.0,857.664,0.0,0.0,0
2026-06-15 22:00:00,2026-06-16 00:00:00,54.0,49.0,56.14,18.6,51.0,18.0,913.804,0.0,0.0,0
2026-06-15 23:00:00,2026-06-16 01:00:00,54.0,49.0,56.14,18.6,51.0,18.0,969.944,0.0,0.0,0
2026-06-16 00:00:00,2026-06-16 02:00:00,54.0,49.0,56.14,18.6,51.0,18.0,1026.084,0.0,0.0,0
2026-06-16 01:00:00,2026-06-16 03:00:00,53.497,49.0,56.14,18.6,51.0,18.0,1082.224,0.0,0.0,0
2026-06-16 02:00:00,2026-06-16 04:00:00,53.0,49.0,56.14,18.6,51.0,18.0,1138.364,0.0,0.0,0
2026-06-16 03:00:00,2026-06-16 05:00:00,53.0,49.0,17.23,10.867,83.013,18.0,1176.83,0.0,0.0,0
2026-06-16 04:00:00,2026-06-16 06:00:00,53.0,49.0,46.973,10.832,83.637,18.0,1204.413,0.0,0.0,0
2026-06-16 05:00:00,2026-06-16 07:00:00,53.97,49.953,39.168,12.212,81.386,18.008,18.997,29.344,950.9,1
2026-06-16 06:00:00,2026-06-16 08:00:00,53.597,49.38,137.218,13.46,79.348,17.78,95.215,0.0,0.0,0
2026-06-16 07:00:00,2026-06-16 09:00:00,54.187,49.953,209.941,17.319,64.366,17.55,100.857,28.857,927.8,1
2026-06-16 08:00:00,2026-06-16 10:00:00,54.5,50.067,215.448,19.008,57.24,17.358,113.951,28.856,925.6,1
2026-06-16 09:00:00,2026-06-16 11:00:00,54.62,50.22,249.04,19.94,58.703,16.168,128.004,28.981,923.8,1
2026-06-16 10:00:00,2026-06-16 12:00:00,55.317,50.317,193.05,20.443,57.779,15.26,116.692,29.027,928.4,1
2026-06-16 11:00:00,2026-06-16 13:00:00,55.436,50.633,240.856,19.809,62.835,14.155,125.068,28.905,926.8,1
2026-06-16 12:00:00,2026-06-16 14:00:00,55.459,50.397,259.94,20.325,61.596,13.043,136.149,29.003,925.4,1
2026-06-16 13:00:00,2026-06-16 15:00:00,55.417,50.383,218.457,21.204,55.121,12.027,144.517,28.778,924.2,1
2026-06-16 14:00:00,2026-06-16 16:00:00,54.892,50.183,168.586,21.621,52.078,10.753,173.797,0.0,0.0,0
2026-06-16 15:00:00,2026-06-16 17:00:00,55.424,50.295,281.282,22.059,52.645,10.125,98.546,57.306,921.5,1
2026-06-16 16:00:00,2026-06-16 18:00:00,55.555,50.271,72.949,21.343,54.079,10.0,69.906,0.0,0.0,0
2026-06-16 17:00:00,2026-06-16 19:00:00,55.0,50.0,56.764,20.576,57.272,10.0,130.738,0.0,0.0,0
2026-06-16 18:00:00,2026-06-16 20:00:00,54.305,50.0,19.715,19.934,62.312,10.0,168.095,0.0,0.0,0
2026-06-16 19:00:00,2026-06-16 21:00:00,54.0,50.0,3.348,19.055,64.977,10.0,179.482,0.0,0.0,0
2026-06-16 20:00:00,2026-06-16 22:00:00,54.0,49.288,0.005,18.454,66.9,10.0,180.179,0.0,0.0,0
2026-06-16 21:00:00,2026-06-16 23:00:00,53.655,49.0,0.0,18.205,67.383,10.0,180.179,0.0,0.0,0
2026-06-16 22:00:00,2026-06-17 00:00:00,53.0,49.0,0.0,17.207,69.81,10.0,180.179,0.0,0.0,0
2026-06-16 23:00:00,2026-06-17 01:00:00,53.0,49.017,0.0,16.647,71.85,10.0,180.179,0.0,0.0,0
2026-06-17 00:00:00,2026-06-17 02:00:00,53.0,49.0,0.0,15.013,78.579,10.0,180.179,0.0,0.0,0
2026-06-17 01:00:00,2026-06-17 03:00:00,53.0,49.0,0.0,14.614,80.362,10.0,180.179,0.0,0.0,0
2026-06-17 02:00:00,2026-06-17 04:00:00,52.471,49.0,0.103,14.595,81.155,10.0,180.192,0.0,0.0,0
2026-06-17 03:00:00,2026-06-17 05:00:00,52.0,49.0,9.254,14.322,82.636,10.0,183.117,0.0,0.0,0
2026-06-17 04:00:00,2026-06-17 06:00:00,52.0,49.0,38.68,15.573,80.923,10.0,206.794,0.0,0.0,0
2026-06-17 05:00:00,2026-06-17 07:00:00,53.046,49.933,104.978,17.569,77.281,10.0,42.439,28.901,926.6,1
2026-06-17 06:00:00,2026-06-17 08:00:00,53.05,49.512,243.755,20.491,68.777,10.34,129.518,28.79,926.8,1
2026-06-17 07:00:00,2026-06-17 09:00:00,52.75,49.404,247.473,22.615,59.747,10.317,132.413,28.606,921.1,1
2026-06-17 08:00:00,2026-06-17 10:00:00,52.455,49.467,415.015,23.727,56.331,10.748,142.096,33.137,922.2,1
2026-06-17 09:00:00,2026-06-17 11:00:00,52.65,49.433,398.979,24.332,54.995,11.883,97.714,52.873,917.7,1
2026-06-17 10:00:00,2026-06-17 12:00:00,52.233,49.117,568.234,24.832,53.411,12.373,147.667,57.671,942.0,1
2026-06-17 11:00:00,2026-06-17 13:00:00,52.083,49.017,435.292,25.332,51.457,13.365,135.886,57.127,916.9,1
2026-06-17 12:00:00,2026-06-17 14:00:00,51.9,48.867,406.699,25.579,51.997,14.167,121.796,28.725,958.3,1
2026-06-17 13:00:00,2026-06-17 15:00:00,51.8,48.733,488.157,26.402,49.092,15.032,116.089,57.104,910.0,1
2026-06-17 14:00:00,2026-06-17 16:00:00,51.521,48.605,302.865,26.369,49.062,15.832,140.338,40.539,899.7,1
2026-06-17 15:00:00,2026-06-17 17:00:00,51.416,48.362,244.994,26.459,48.617,15.735,131.02,28.746,921.5,1
2026-06-17 16:00:00,2026-06-17 18:00:00,50.554,48.388,187.146,26.102,49.288,15.0,315.315,0.0,0.0,0
2026-06-17 17:00:00,2026-06-17 19:00:00,50.0,48.0,147.304,26.107,48.586,15.0,501.715,0.0,0.0,0
2026-06-17 18:00:00,2026-06-17 20:00:00,50.0,47.455,63.99,25.2,51.0,15.0,588.316,0.0,0.0,0
2026-06-17 19:00:00,2026-06-17 21:00:00,49.538,47.0,19.101,23.529,56.383,15.0,635.348,0.0,0.0,0
2026-06-17 20:00:00,2026-06-17 22:00:00,49.0,47.0,4.99,23.0,58.0,15.0,642.064,0.0,0.0,0
2026-06-17 21:00:00,2026-06-17 23:00:00,49.0,47.0,4.99,23.0,58.0,15.0,647.054,0.0,0.0,0
2026-06-17 22:00:00,2026-06-18 00:00:00,49.0,47.0,4.99,23.0,58.0,15.0,652.044,0.0,0.0,0
2026-06-17 23:00:00,2026-06-18 01:00:00,49.0,47.0,4.99,23.0,58.0,15.0,657.034,0.0,0.0,0
2026-06-18 00:00:00,2026-06-18 02:00:00,49.0,47.0,4.99,23.0,58.0,15.0,662.024,0.0,0.0,0
2026-06-18 01:00:00,2026-06-18 03:00:00,49.0,47.0,4.99,23.0,58.0,15.0,667.014,0.0,0.0,0
2026-06-18 02:00:00,2026-06-18 04:00:00,49.0,47.0,4.99,23.0,58.0,15.0,672.004,0.0,0.0,0
2026-06-18 03:00:00,2026-06-18 05:00:00,49.0,47.0,4.99,23.0,58.0,15.0,676.994,0.0,0.0,0
2026-06-18 04:00:00,2026-06-18 06:00:00,48.421,47.0,4.99,23.0,58.0,15.0,681.984,0.0,0.0,0
2026-06-18 05:00:00,2026-06-18 07:00:00,48.979,47.9,84.9,21.092,67.749,15.0,26.751,28.996,944.5,1
2026-06-18 06:00:00,2026-06-18 08:00:00,48.817,47.183,236.886,22.689,63.504,14.908,128.955,40.938,922.0,1
2026-06-18 07:00:00,2026-06-18 09:00:00,48.6,47.167,282.415,24.874,56.564,14.925,135.793,28.758,917.8,1
2026-06-18 08:00:00,2026-06-18 10:00:00,48.333,47.083,469.09,27.552,46.423,15.225,127.245,57.029,911.0,1
2026-06-18 09:00:00,2026-06-18 11:00:00,47.705,46.921,467.65,27.7,46.0,15.148,131.437,56.838,907.2,1
2026-06-18 10:00:00,2026-06-18 12:00:00,47.171,46.4,575.259,28.343,42.983,15.583,146.159,40.699,948.3,1
2026-06-18 11:00:00,2026-06-18 13:00:00,46.588,46.138,729.529,29.942,37.959,15.683,181.021,49.395,915.7,1
2026-06-18 12:00:00,2026-06-18 14:00:00,45.755,45.433,762.337,30.416,37.234,16.017,190.257,52.862,934.3,1
2026-06-18 13:00:00,2026-06-18 15:00:00,45.021,45.1,725.314,30.79,37.333,16.15,179.854,56.94,911.7,1
2026-06-18 14:00:00,2026-06-18 16:00:00,44.267,44.521,670.938,30.909,36.638,16.607,168.527,57.051,922.4,1
2026-06-18 15:00:00,2026-06-18 17:00:00,43.983,44.25,516.372,31.145,36.133,17.54,132.553,57.084,912.2,1
2026-06-18 16:00:00,2026-06-18 18:00:00,43.105,43.388,398.239,31.419,35.95,18.0,408.404,0.0,0.0,0
2026-06-18 17:00:00,2026-06-18 19:00:00,43.0,43.0,397.7,31.4,36.0,18.0,806.103,0.0,0.0,0
2026-06-18 18:00:00,2026-06-18 20:00:00,42.021,42.238,153.999,29.613,40.634,18.0,1123.807,0.0,0.0,0
2026-06-18 19:00:00,2026-06-18 21:00:00,42.0,42.0,29.56,28.7,43.0,18.0,1174.736,0.0,0.0,0
2026-06-18 20:00:00,2026-06-18 22:00:00,41.588,42.0,29.56,28.7,43.0,18.0,1204.296,0.0,0.0,0
2026-06-18 21:00:00,2026-06-18 23:00:00,41.0,42.0,29.56,28.7,43.0,18.0,1233.856,0.0,0.0,0
2026-06-18 22:00:00,2026-06-19 00:00:00,41.0,42.0,29.56,28.7,43.0,18.0,1263.416,0.0,0.0,0
2026-06-18 23:00:00,2026-06-19 01:00:00,41.0,41.967,29.56,28.7,43.0,18.0,1292.976,0.0,0.0,0
2026-06-19 00:00:00,2026-06-19 02:00:00,41.0,41.105,29.56,28.7,43.0,18.0,1322.536,0.0,0.0,0
2026-06-19 01:00:00,2026-06-19 03:00:00,41.0,41.017,29.56,28.7,43.0,18.0,1352.096,0.0,0.0,0
2026-06-19 02:00:00,2026-06-19 04:00:00,40.638,41.0,29.56,28.7,43.0,18.0,1381.656,0.0,0.0,0
2026-06-19 03:00:00,2026-06-19 05:00:00,40.0,41.0,29.56,28.7,43.0,18.0,1411.216,0.0,0.0,0
2026-06-19 04:00:00,2026-06-19 06:00:00,40.0,41.0,29.56,28.7,43.0,18.0,1440.776,0.0,0.0,0
2026-06-19 05:00:00,2026-06-19 07:00:00,40.867,41.533,93.909,24.533,58.467,18.0,36.146,28.892,921.3,1
2026-06-19 06:00:00,2026-06-19 08:00:00,39.883,40.783,198.13,23.899,62.116,17.933,138.811,28.885,922.1,1
2026-06-19 07:00:00,2026-06-19 09:00:00,39.488,40.005,242.932,26.913,55.066,17.842,113.423,28.789,934.6,1
2026-06-19 08:00:00,2026-06-19 10:00:00,38.838,39.571,485.271,29.479,46.47,17.708,131.433,33.104,909.8,1
2026-06-19 09:00:00,2026-06-19 11:00:00,37.867,38.355,569.406,31.6,39.511,17.828,138.783,67.134,903.2,1
2026-06-19 10:00:00,2026-06-19 12:00:00,37.605,37.95,686.212,32.863,32.502,17.917,167.78,86.283,935.7,1
2026-06-19 11:00:00,2026-06-19 13:00:00,37.0,37.388,731.647,33.312,31.143,17.933,178.513,86.69,905.3,1
2026-06-19 12:00:00,2026-06-19 14:00:00,36.805,36.7,717.611,34.14,29.383,17.922,178.745,87.329,931.4,1
2026-06-19 13:00:00,2026-06-19 15:00:00,36.0,36.305,685.328,34.597,28.193,17.933,171.234,86.3,933.7,1
2026-06-19 14:00:00,2026-06-19 16:00:00,36.0,35.817,604.067,34.504,28.278,17.942,151.565,86.344,905.2,1
2026-06-19 15:00:00,2026-06-19 17:00:00,36.695,36.145,487.106,35.143,27.633,17.95,126.514,86.423,911.8,1
2026-06-19 16:00:00,2026-06-19 18:00:00,36.655,35.793,307.923,34.185,28.666,18.0,355.086,0.0,0.0,0
2026-06-19 17:00:00,2026-06-19 19:00:00,35.655,33.71,122.393,32.869,31.331,18.0,569.573,0.0,0.0,0
2026-06-19 18:00:00,2026-06-19 20:00:00,35.0,33.0,67.66,32.0,33.0,18.0,652.963,0.0,0.0,0
2026-06-19 19:00:00,2026-06-19 21:00:00,35.0,32.322,67.66,32.0,33.0,18.0,720.623,0.0,0.0,0
2026-06-19 20:00:00,2026-06-19 22:00:00,34.672,32.0,67.66,32.0,33.0,18.0,788.283,0.0,0.0,0
2026-06-19 21:00:00,2026-06-19 23:00:00,34.0,32.0,67.66,32.0,33.0,18.0,855.943,0.0,0.0,0
2026-06-19 22:00:00,2026-06-20 00:00:00,34.0,31.522,67.66,32.0,33.0,18.0,923.603,0.0,0.0,0
2026-06-19 23:00:00,2026-06-20 01:00:00,34.0,31.0,67.66,32.0,33.0,18.0,991.263,0.0,0.0,0
2026-06-20 00:00:00,2026-06-20 02:00:00,33.771,31.0,67.66,32.0,33.0,18.0,1058.923,0.0,0.0,0
2026-06-20 01:00:00,2026-06-20 03:00:00,33.0,31.0,67.66,32.0,33.0,18.0,1126.583,0.0,0.0,0
2026-06-20 02:00:00,2026-06-20 04:00:00,33.0,31.0,67.66,32.0,33.0,18.0,1194.243,0.0,0.0,0
2026-06-20 03:00:00,2026-06-20 05:00:00,33.0,31.0,67.66,32.0,33.0,18.0,1261.903,0.0,0.0,0
2026-06-20 04:00:00,2026-06-20 06:00:00,33.0,31.0,67.66,32.0,33.0,18.0,1329.563,0.0,0.0,0
2026-06-20 05:00:00,2026-06-20 07:00:00,33.0,31.0,67.66,32.0,33.0,18.0,41.549,43.581,922.5,1
2026-06-20 06:00:00,2026-06-20 08:00:00,33.0,30.488,67.66,32.0,33.0,17.831,100.791,0.0,0.0,0
2026-06-20 07:00:00,2026-06-20 09:00:00,33.0,30.667,67.66,32.0,33.0,17.917,34.538,43.723,920.2,1
2026-06-20 08:00:00,2026-06-20 10:00:00,33.0,30.0,352.455,29.126,42.876,16.814,108.519,43.526,916.6,1
2026-06-20 09:00:00,2026-06-20 11:00:00,33.0,31.074,516.06,27.7,48.0,16.652,128.461,86.69,933.2,1
2026-06-20 10:00:00,2026-06-20 12:00:00,33.0,32.545,516.06,27.7,48.0,16.675,127.718,86.259,911.3,1
2026-06-20 11:00:00,2026-06-20 13:00:00,33.0,33.528,669.072,30.871,37.701,16.658,156.294,87.05,910.1,1
2026-06-20 12:00:00,2026-06-20 14:00:00,33.0,34.066,719.866,32.945,31.86,16.649,180.642,87.162,911.8,1
2026-06-20 13:00:00,2026-06-20 15:00:00,33.0,34.495,646.881,33.776,29.339,16.633,171.07,86.889,908.9,1
2026-06-20 14:00:00,2026-06-20 16:00:00,33.0,34.833,309.294,32.753,29.803,16.273,117.433,43.358,904.9,1
2026-06-20 15:00:00,2026-06-20 17:00:00,33.0,35.607,531.677,34.013,27.2,15.942,129.259,87.113,941.0,1
2026-06-20 16:00:00,2026-06-20 18:00:00,33.0,35.614,528.01,34.1,27.0,16.0,469.754,0.0,0.0,0
2026-06-20 17:00:00,2026-06-20 19:00:00,33.0,33.438,528.01,34.1,27.0,16.0,997.764,0.0,0.0,0
2026-06-20 18:00:00,2026-06-20 20:00:00,33.0,32.605,528.01,34.1,27.0,16.0,1525.774,0.0,0.0,0
2026-06-20 19:00:00,2026-06-20 21:00:00,32.822,32.0,528.01,34.1,27.0,16.0,2053.784,0.0,0.0,0
2026-06-20 20:00:00,2026-06-20 22:00:00,32.0,31.472,528.01,34.1,27.0,16.0,2581.794,0.0,0.0,0
2026-06-20 21:00:00,2026-06-20 23:00:00,32.0,31.0,528.01,34.1,27.0,16.0,3109.804,0.0,0.0,0
2026-06-20 22:00:00,2026-06-21 00:00:00,32.0,31.0,528.01,34.1,27.0,16.0,3637.814,0.0,0.0,0
2026-06-20 23:00:00,2026-06-21 01:00:00,32.0,31.0,528.01,34.1,27.0,16.0,4165.824,0.0,0.0,0
2026-06-21 00:00:00,2026-06-21 02:00:00,31.75,30.788,528.01,34.1,27.0,16.0,4693.834,0.0,0.0,0
2026-06-21 01:00:00,2026-06-21 03:00:00,31.155,30.0,528.01,34.1,27.0,16.0,5221.844,0.0,0.0,0
2026-06-21 02:00:00,2026-06-21 04:00:00,31.0,30.0,528.01,34.1,27.0,16.0,5749.854,0.0,0.0,0
2026-06-21 03:00:00,2026-06-21 05:00:00,31.0,30.0,528.01,34.1,27.0,16.0,6277.864,0.0,0.0,0
2026-06-21 04:00:00,2026-06-21 06:00:00,31.0,30.0,528.01,34.1,27.0,16.0,6805.874,0.0,0.0,0
2026-06-21 05:00:00,2026-06-21 07:00:00,31.0,31.135,528.01,34.1,27.0,16.485,171.9,87.256,932.0,1
2026-06-21 06:00:00,2026-06-21 08:00:00,31.612,35.252,481.38,32.786,31.364,18.446,125.457,86.719,913.4,1
2026-06-21 07:00:00,2026-06-21 09:00:00,32.778,37.045,297.5,27.5,48.0,18.842,139.566,43.509,911.6,1
2026-06-21 08:00:00,2026-06-21 10:00:00,33.828,37.345,445.913,30.997,39.493,20.077,111.42,87.436,933.9,1
2026-06-21 09:00:00,2026-06-21 11:00:00,34.162,37.3,454.51,31.2,39.0,20.033,120.68,86.399,905.3,1
2026-06-21 10:00:00,2026-06-21 12:00:00,35.0,37.7,454.51,31.2,39.0,19.817,126.866,86.894,912.3,1
2026-06-21 11:00:00,2026-06-21 13:00:00,35.0,37.3,424.874,31.43,39.245,19.55,146.313,44.149,912.7,1
2026-06-21 12:00:00,2026-06-21 14:00:00,34.971,36.983,695.07,32.31,38.398,19.431,170.11,86.651,912.7,1
2026-06-21 13:00:00,2026-06-21 15:00:00,34.712,36.76,343.034,32.268,38.338,19.442,102.877,86.703,908.2,1
2026-06-21 14:00:00,2026-06-21 16:00:00,34.305,36.117,442.889,27.075,53.315,18.692,100.113,43.837,916.5,1
2026-06-21 15:00:00,2026-06-21 17:00:00,34.562,37.362,435.872,28.763,47.006,18.825,125.881,87.196,932.0,1
2026-06-21 16:00:00,2026-06-21 18:00:00,35.0,36.371,276.036,29.071,49.607,19.0,283.82,0.0,0.0,0
2026-06-21 17:00:00,2026-06-21 19:00:00,35.0,35.038,100.277,28.739,51.662,19.0,434.131,0.0,0.0,0
2026-06-21 18:00:00,2026-06-21 20:00:00,34.955,34.188,25.151,27.282,57.44,19.0,506.74,0.0,0.0,0
2026-06-21 19:00:00,2026-06-21 21:00:00,34.033,34.0,10.638,26.043,61.713,19.0,521.33,0.0,0.0,0
2026-06-21 20:00:00,2026-06-21 22:00:00,34.0,33.055,0.22,24.4,65.0,19.0,525.836,0.0,0.0,0
2026-06-21 21:00:00,2026-06-21 23:00:00,34.0,33.0,0.22,24.4,65.0,19.0,526.056,0.0,0.0,0
2026-06-21 22:00:00,2026-06-22 00:00:00,34.0,33.0,0.22,24.4,65.0,19.0,526.276,0.0,0.0,0
2026-06-21 23:00:00,2026-06-22 01:00:00,33.805,33.0,0.22,24.4,65.0,19.0,526.496,0.0,0.0,0
2026-06-22 00:00:00,2026-06-22 02:00:00,33.0,33.0,0.22,24.4,65.0,19.0,526.716,0.0,0.0,0
2026-06-22 01:00:00,2026-06-22 03:00:00,33.0,32.705,0.22,24.4,65.0,19.0,526.936,0.0,0.0,0
2026-06-22 02:00:00,2026-06-22 04:00:00,33.0,32.017,0.22,24.4,65.0,19.0,527.156,0.0,0.0,0
2026-06-22 03:00:00,2026-06-22 05:00:00,33.0,32.0,0.22,24.4,65.0,19.0,527.376,0.0,0.0,0
2026-06-22 04:00:00,2026-06-22 06:00:00,33.0,32.0,0.22,24.4,65.0,19.0,527.596,0.0,0.0,0
2026-06-22 05:00:00,2026-06-22 07:00:00,33.0,32.895,0.22,24.4,65.0,18.515,3.364,43.914,942.9,1
2026-06-22 06:00:00,2026-06-22 08:00:00,33.0,33.0,113.183,23.612,67.111,16.554,34.213,0.0,0.0,0
2026-06-22 07:00:00,2026-06-22 09:00:00,33.0,33.99,273.834,25.487,61.721,16.214,105.793,84.827,921.0,1
2026-06-22 08:00:00,2026-06-22 10:00:00,33.945,35.69,499.597,26.921,56.527,16.133,128.445,57.076,912.7,1
2026-06-22 09:00:00,2026-06-22 11:00:00,34.362,36.483,590.199,28.393,51.648,16.353,146.49,75.159,927.9,1
2026-06-22 10:00:00,2026-06-22 12:00:00,35.0,36.979,671.386,29.604,47.757,16.575,164.31,86.775,930.6,1
2026-06-22 11:00:00,2026-06-22 13:00:00,35.0,37.133,699.287,30.931,42.619,16.864,172.365,86.302,905.5,1
2026-06-22 12:00:00,2026-06-22 14:00:00,35.0,37.85,675.451,32.254,39.926,16.967,168.25,86.219,902.7,1
2026-06-22 13:00:00,2026-06-22 15:00:00,35.0,39.579,217.131,31.661,40.181,16.503,106.295,43.019,901.6,1
2026-06-22 14:00:00,2026-06-22 16:00:00,,,,,,,,,,0
2026-06-22 15:00:00,2026-06-22 17:00:00,,,,,,,,,,0
2026-06-22 16:00:00,2026-06-22 18:00:00,,,,,,,,,,0
2026-06-22 17:00:00,2026-06-22 19:00:00,,,,,,,,,,0
2026-06-22 18:00:00,2026-06-22 20:00:00,,,,,,,,,,0
2026-06-22 19:00:00,2026-06-22 21:00:00,,,,,,,,,,0
2026-06-22 20:00:00,2026-06-22 22:00:00,,,,,,,,,,0
2026-06-22 21:00:00,2026-06-22 23:00:00,,,,,,,,,,0
2026-06-22 22:00:00,2026-06-23 00:00:00,,,,,,,,,,0
2026-06-22 23:00:00,2026-06-23 01:00:00,,,,,,,,,,0
2026-06-23 00:00:00,2026-06-23 02:00:00,,,,,,,,,,0
2026-06-23 01:00:00,2026-06-23 03:00:00,,,,,,,,,,0
2026-06-23 02:00:00,2026-06-23 04:00:00,,,,,,,,,,0
2026-06-23 03:00:00,2026-06-23 05:00:00,,,,,,,,,,0
2026-06-23 04:00:00,2026-06-23 06:00:00,,,,,,,,,,0
2026-06-23 05:00:00,2026-06-23 07:00:00,,,,,,,,,,0
2026-06-23 06:00:00,2026-06-23 08:00:00,,,,,,,,,,0
2026-06-23 07:00:00,2026-06-23 09:00:00,,,,,,,,,,0
2026-06-23 08:00:00,2026-06-23 10:00:00,,,,,,,,,,0
2026-06-23 09:00:00,2026-06-23 11:00:00,,,,,,,,,,0
2026-06-23 10:00:00,2026-06-23 12:00:00,,,,,,,,,,0
2026-06-23 11:00:00,2026-06-23 13:00:00,,,,,,,,,,0
2026-06-23 12:00:00,2026-06-23 14:00:00,29.0,29.699,470.181,31.55,38.716,4.819,112.975,238.192,904.1,1
2026-06-23 13:00:00,2026-06-23 15:00:00,29.481,36.21,511.8,31.811,38.345,3.847,132.326,144.923,934.9,1
2026-06-23 14:00:00,2026-06-23 16:00:00,31.515,39.143,456.337,32.27,35.076,5.655,130.027,72.546,904.0,1
2026-06-23 15:00:00,2026-06-23 17:00:00,34.905,39.541,224.718,31.2,39.544,6.963,121.263,72.488,903.3,1
2026-06-23 16:00:00,2026-06-23 18:00:00,36.157,39.376,143.4,30.064,43.981,7.0,282.007,0.0,0.0,0
2026-06-23 17:00:00,2026-06-23 19:00:00,36.793,38.243,93.489,29.19,43.785,7.0,394.279,0.0,0.0,0
2026-06-23 18:00:00,2026-06-23 20:00:00,36.133,38.0,37.194,28.495,44.306,7.0,461.136,0.0,0.0,0
2026-06-23 19:00:00,2026-06-23 21:00:00,36.0,37.876,4.722,27.199,48.213,7.0,479.184,0.0,0.0,0
2026-06-23 20:00:00,2026-06-23 22:00:00,36.0,37.033,0.01,25.225,54.939,7.0,480.265,0.0,0.0,0
2026-06-23 21:00:00,2026-06-23 23:00:00,36.0,37.0,0.0,22.598,64.012,7.0,480.266,0.0,0.0,0
2026-06-23 22:00:00,2026-06-24 00:00:00,35.843,37.0,0.0,21.151,70.419,7.0,480.266,0.0,0.0,0
2026-06-23 23:00:00,2026-06-24 01:00:00,35.0,36.109,0.0,20.391,72.665,7.0,480.266,0.0,0.0,0
2026-06-24 00:00:00,2026-06-24 02:00:00,35.0,36.0,0.0,19.489,76.647,7.0,480.266,0.0,0.0,0
2026-06-24 01:00:00,2026-06-24 03:00:00,35.0,36.0,0.0,18.267,81.491,7.0,480.266,0.0,0.0,0
2026-06-24 02:00:00,2026-06-24 04:00:00,35.0,36.0,0.116,17.536,85.115,7.0,480.28,0.0,0.0,0
2026-06-24 03:00:00,2026-06-24 05:00:00,35.0,36.0,8.981,16.909,87.219,7.0,483.084,0.0,0.0,0
2026-06-24 04:00:00,2026-06-24 06:00:00,35.0,36.0,32.913,18.116,83.423,7.0,503.197,0.0,0.0,0
2026-06-24 05:00:00,2026-06-24 07:00:00,35.848,40.453,115.418,22.705,68.8,8.556,269.576,46.54,944.9,1
2026-06-24 06:00:00,2026-06-24 08:00:00,35.445,49.3,234.784,25.562,60.614,10.186,130.588,43.629,919.9,1
2026-06-24 07:00:00,2026-06-24 09:00:00,32.462,48.926,229.039,27.353,54.044,11.069,122.577,43.432,915.1,1
2026-06-24 08:00:00,2026-06-24 10:00:00,29.836,49.117,510.556,29.866,43.966,12.588,127.862,81.08,941.5,1
2026-06-24 09:00:00,2026-06-24 11:00:00,27.502,49.117,594.814,31.284,39.903,14.563,147.369,71.352,921.2,1
2026-06-24 10:00:00,2026-06-24 12:00:00,25.619,48.867,638.622,32.07,37.276,16.538,157.554,78.687,914.9,1
2026-06-24 11:00:00,2026-06-24 13:00:00,24.202,48.533,564.72,32.069,36.678,18.444,123.825,71.079,908.8,1
2026-06-24 12:00:00,2026-06-24 14:00:00,22.926,48.083,420.741,32.602,34.455,18.421,132.36,86.911,927.0,1
2026-06-24 13:00:00,2026-06-24 15:00:00,21.676,47.717,578.609,33.297,32.406,18.092,155.793,86.56,912.1,1
2026-06-24 14:00:00,2026-06-24 16:00:00,21.0,47.302,307.336,33.222,32.339,17.792,144.94,42.912,916.3,1
2026-06-24 15:00:00,2026-06-24 17:00:00,20.226,47.364,341.811,32.833,32.769,17.636,156.233,59.069,930.5,1
2026-06-24 16:00:00,2026-06-24 18:00:00,19.493,47.228,316.315,33.511,31.424,19.0,179.494,27.737,906.1,1
2026-06-24 17:00:00,2026-06-24 19:00:00,19.0,45.376,100.287,32.208,33.605,19.0,388.555,0.0,0.0,0
2026-06-24 18:00:00,2026-06-24 20:00:00,19.0,44.102,29.385,30.722,36.089,19.0,440.849,0.0,0.0,0
2026-06-24 19:00:00,2026-06-24 21:00:00,18.093,43.017,4.306,29.052,41.07,19.0,456.367,0.0,0.0,0
2026-06-24 20:00:00,2026-06-24 22:00:00,18.0,42.659,0.01,27.701,44.155,19.0,457.392,0.0,0.0,0
2026-06-24 21:00:00,2026-06-24 23:00:00,18.0,42.0,0.0,24.907,53.218,19.0,457.393,0.0,0.0,0
2026-06-24 22:00:00,2026-06-25 00:00:00,18.0,42.0,0.0,22.447,60.73,19.0,457.393,0.0,0.0,0
2026-06-24 23:00:00,2026-06-25 01:00:00,17.126,41.476,0.0,21.105,67.961,19.0,457.393,0.0,0.0,0
2026-06-25 00:00:00,2026-06-25 02:00:00,17.0,41.0,0.0,20.355,70.839,19.0,457.393,0.0,0.0,0
2026-06-25 01:00:00,2026-06-25 03:00:00,17.0,41.0,0.0,19.4,73.654,19.0,457.393,0.0,0.0,0
2026-06-25 02:00:00,2026-06-25 04:00:00,17.0,40.843,0.125,18.445,77.965,19.0,457.408,0.0,0.0,0
2026-06-25 03:00:00,2026-06-25 05:00:00,17.0,40.017,9.399,17.979,81.034,19.0,460.383,0.0,0.0,0
2026-06-25 04:00:00,2026-06-25 06:00:00,17.0,40.0,34.651,18.969,77.648,19.0,481.754,0.0,0.0,0
2026-06-25 05:00:00,2026-06-25 07:00:00,17.0,42.999,113.511,22.782,65.181,18.454,50.519,43.816,931.6,1
2026-06-25 06:00:00,2026-06-25 08:00:00,17.0,42.991,236.478,26.637,53.657,17.175,131.103,43.641,937.1,1
2026-06-25 07:00:00,2026-06-25 09:00:00,16.917,43.509,230.039,28.84,47.828,17.108,141.324,43.581,934.4,1
2026-06-25 08:00:00,2026-06-25 10:00:00,16.059,44.024,507.628,31.687,37.376,17.162,129.599,86.541,934.9,1
2026-06-25 09:00:00,2026-06-25 11:00:00,16.0,44.083,611.34,32.719,33.909,17.158,151.258,86.423,904.9,1
2026-06-25 10:00:00,2026-06-25 12:00:00,31.279,43.26,680.867,33.32,33.624,17.15,170.219,86.367,908.4,1
2026-06-25 11:00:00,2026-06-25 13:00:00,45.233,44.089,615.541,34.024,32.869,17.225,172.114,115.415,908.8,1
2026-06-25 12:00:00,2026-06-25 14:00:00,46.141,46.157,602.461,34.214,31.652,17.342,145.963,101.704,910.8,1
2026-06-25 13:00:00,2026-06-25 15:00:00,47.391,47.074,670.602,35.021,29.852,17.717,165.312,86.373,905.1,1
2026-06-25 14:00:00,2026-06-25 16:00:00,48.133,47.917,597.864,35.395,28.209,18.133,155.116,86.478,941.6,1
2026-06-25 15:00:00,2026-06-25 17:00:00,47.881,48.222,457.435,35.316,27.933,18.933,124.352,72.838,919.2,1
2026-06-25 16:00:00,2026-06-25 18:00:00,47.769,48.419,309.269,34.758,28.117,18.0,388.127,0.0,0.0,0
2026-06-25 17:00:00,2026-06-25 19:00:00,45.935,46.852,105.883,33.698,30.189,18.0,597.51,0.0,0.0,0
2026-06-25 18:00:00,2026-06-25 20:00:00,44.493,45.226,33.777,32.339,32.863,18.0,656.295,0.0,0.0,0
2026-06-25 19:00:00,2026-06-25 21:00:00,43.476,44.226,4.508,30.597,36.779,18.0,673.82,0.0,0.0,0
2026-06-25 20:00:00,2026-06-25 22:00:00,43.0,43.343,0.009,29.389,39.832,18.0,674.853,0.0,0.0,0
2026-06-25 21:00:00,2026-06-25 23:00:00,42.443,43.0,0.0,28.393,42.048,18.0,674.854,0.0,0.0,0
2026-06-25 22:00:00,2026-06-26 00:00:00,42.0,42.193,0.0,27.626,44.372,18.0,674.854,0.0,0.0,0
2026-06-25 23:00:00,2026-06-26 01:00:00,41.709,42.0,0.0,26.168,48.958,18.0,674.854,0.0,0.0,0
2026-06-26 00:00:00,2026-06-26 02:00:00,41.0,41.993,0.0,23.826,55.896,18.0,674.854,0.0,0.0,0
2026-06-26 01:00:00,2026-06-26 03:00:00,41.0,41.083,0.0,21.815,63.941,18.0,674.854,0.0,0.0,0
2026-06-26 02:00:00,2026-06-26 04:00:00,41.0,41.0,0.107,20.464,69.696,18.0,674.867,0.0,0.0,0
2026-06-26 03:00:00,2026-06-26 05:00:00,41.0,40.909,9.46,20.47,72.531,18.0,677.765,0.0,0.0,0
2026-06-26 04:00:00,2026-06-26 06:00:00,40.459,40.017,36.418,21.326,72.685,18.0,699.957,0.0,0.0,0
2026-06-26 05:00:00,2026-06-26 07:00:00,41.524,43.048,113.803,24.278,61.993,18.0,53.444,43.72,923.1,1
2026-06-26 06:00:00,2026-06-26 08:00:00,41.791,42.724,234.37,27.366,48.543,18.0,130.798,58.652,917.9,1
2026-06-26 07:00:00,2026-06-26 09:00:00,42.25,42.769,233.985,29.845,41.382,18.008,141.137,58.439,911.4,1
2026-06-26 08:00:00,2026-06-26 10:00:00,43.655,43.82,497.339,32.345,36.737,18.0,128.058,100.792,898.9,1
2026-06-26 09:00:00,2026-06-26 11:00:00,45.498,46.181,601.951,33.591,33.376,18.0,148.036,100.64,901.4,1
2026-06-26 10:00:00,2026-06-26 12:00:00,47.067,47.841,566.148,34.382,31.359,18.0,164.346,101.31,902.3,1
2026-06-26 11:00:00,2026-06-26 13:00:00,46.283,46.959,460.801,34.764,30.978,17.617,90.723,58.476,921.3,1
2026-06-26 12:00:00,2026-06-26 14:00:00,47.614,48.614,764.317,35.806,28.293,17.417,189.76,101.401,909.1,1
2026-06-26 13:00:00,2026-06-26 15:00:00,48.102,49.452,585.092,35.303,28.85,17.417,146.436,100.654,908.8,1
2026-06-26 14:00:00,2026-06-26 16:00:00,48.391,49.624,574.135,35.603,27.759,17.418,149.831,101.475,906.0,1
2026-06-26 15:00:00,2026-06-26 17:00:00,48.398,49.848,442.001,35.728,26.983,17.383,128.133,101.993,922.8,1
2026-06-26 16:00:00,2026-06-26 18:00:00,47.794,49.044,275.688,35.018,27.641,18.0,204.318,0.0,0.0,0
2026-06-26 17:00:00,2026-06-26 19:00:00,46.309,47.068,108.098,34.234,29.696,18.0,406.817,0.0,0.0,0
2026-06-26 18:00:00,2026-06-26 20:00:00,45.259,45.776,31.625,32.228,33.92,18.0,464.85,0.0,0.0,0
2026-06-26 19:00:00,2026-06-26 21:00:00,45.0,45.0,2.99,28.598,40.843,18.0,479.753,0.0,0.0,0
2026-06-26 20:00:00,2026-06-26 22:00:00,45.0,44.933,0.007,26.98,50.516,18.0,480.456,0.0,0.0,0
2026-06-26 21:00:00,2026-06-26 23:00:00,44.626,44.009,0.0,25.345,53.383,18.0,480.457,0.0,0.0,0
2026-06-26 22:00:00,2026-06-27 00:00:00,44.0,44.0,0.0,23.795,57.594,18.0,480.457,0.0,0.0,0
2026-06-26 23:00:00,2026-06-27 01:00:00,44.0,43.659,0.0,22.694,62.463,18.0,480.457,0.0,0.0,0
2026-06-27 00:00:00,2026-06-27 02:00:00,44.0,43.0,0.0,22.61,65.098,18.0,480.457,0.0,0.0,0
2026-06-27 01:00:00,2026-06-27 03:00:00,44.0,43.0,0.0,21.441,66.907,18.0,480.457,0.0,0.0,0
2026-06-27 02:00:00,2026-06-27 04:00:00,44.0,43.0,0.091,21.006,68.217,18.0,480.468,0.0,0.0,0
2026-06-27 03:00:00,2026-06-27 05:00:00,43.967,43.0,7.367,19.976,71.155,18.0,482.878,0.0,0.0,0
2026-06-27 04:00:00,2026-06-27 06:00:00,43.226,42.593,29.803,20.502,70.902,18.0,499.687,0.0,0.0,0
2026-06-27 05:00:00,2026-06-27 07:00:00,44.965,44.931,97.549,22.957,62.687,18.0,45.247,43.893,928.7,1
2026-06-27 06:00:00,2026-06-27 08:00:00,44.517,44.491,231.102,27.392,47.935,17.917,131.753,59.052,922.2,1
2026-06-27 07:00:00,2026-06-27 09:00:00,44.509,44.543,232.856,30.638,37.115,17.95,132.121,59.792,930.6,1
2026-06-27 08:00:00,2026-06-27 10:00:00,44.981,45.172,501.185,33.719,30.295,17.908,131.463,59.53,936.9,1
2026-06-27 09:00:00,2026-06-27 11:00:00,45.724,46.748,608.074,34.767,28.252,17.926,146.671,34.489,279.0,1
2026-06-27 10:00:00,2026-06-27 12:00:00,46.683,47.943,680.139,35.645,26.433,17.95,168.247,25.963,284.3,1
2026-06-27 11:00:00,2026-06-27 13:00:00,47.341,48.424,712.837,36.346,25.702,18.325,177.523,26.437,285.4,1
2026-06-27 12:00:00,2026-06-27 14:00:00,48.016,49.133,705.365,36.754,25.533,18.525,177.66,28.227,284.7,1
2026-06-27 13:00:00,2026-06-27 15:00:00,48.417,49.2,657.853,37.114,24.435,18.533,169.123,26.229,293.7,1
2026-06-27 14:00:00,2026-06-27 16:00:00,48.65,49.417,575.852,37.144,23.283,18.533,149.29,25.979,291.3,1
2026-06-27 15:00:00,2026-06-27 17:00:00,48.5,49.517,454.57,37.126,22.95,18.583,117.142,25.834,289.5,1
2026-06-27 16:00:00,2026-06-27 18:00:00,46.735,47.445,307.368,36.822,23.424,18.0,372.767,0.0,0.0,0
2026-06-27 17:00:00,2026-06-27 19:00:00,45.326,45.409,105.716,35.686,25.786,18.0,583.144,0.0,0.0,0
2026-06-27 18:00:00,2026-06-27 20:00:00,45.0,44.226,31.763,33.593,31.087,18.0,638.544,0.0,0.0,0
2026-06-27 19:00:00,2026-06-27 21:00:00,44.093,43.326,3.546,30.391,39.441,18.0,654.471,0.0,0.0,0
2026-06-27 20:00:00,2026-06-27 22:00:00,44.0,43.0,0.007,28.818,45.118,18.0,655.291,0.0,0.0,0
2026-06-27 21:00:00,2026-06-27 23:00:00,44.0,43.0,0.0,26.405,50.622,18.0,655.292,0.0,0.0,0
2026-06-27 22:00:00,2026-06-28 00:00:00,44.0,42.626,0.0,25.222,55.725,18.0,655.292,0.0,0.0,0
2026-06-27 23:00:00,2026-06-28 01:00:00,44.0,42.0,0.0,22.908,62.294,18.0,655.292,0.0,0.0,0
2026-06-28 00:00:00,2026-06-28 02:00:00,44.0,42.0,0.0,22.238,65.235,18.0,655.292,0.0,0.0,0
2026-06-28 01:00:00,2026-06-28 03:00:00,43.759,42.0,0.0,22.177,66.72,18.0,655.292,0.0,0.0,0
2026-06-28 02:00:00,2026-06-28 04:00:00,43.083,42.0,0.079,21.711,68.891,18.0,655.301,0.0,0.0,0
2026-06-28 03:00:00,2026-06-28 05:00:00,43.0,42.0,8.895,21.462,69.511,18.0,657.768,0.0,0.0,0
2026-06-28 04:00:00,2026-06-28 06:00:00,43.0,42.0,42.951,22.665,64.604,18.0,682.471,0.0,0.0,0
2026-06-28 05:00:00,2026-06-28 07:00:00,44.374,44.531,112.92,25.648,55.631,18.0,53.429,22.698,552.1,1
2026-06-28 06:00:00,2026-06-28 08:00:00,44.167,44.15,221.135,29.766,42.755,18.058,132.948,12.631,276.7,1
2026-06-28 07:00:00,2026-06-28 09:00:00,43.943,44.159,243.258,32.373,34.395,18.05,134.025,16.782,265.5,1
2026-06-28 08:00:00,2026-06-28 10:00:00,44.198,45.003,479.681,34.461,31.102,18.067,126.784,28.694,265.9,1
2026-06-28 09:00:00,2026-06-28 11:00:00,44.831,46.841,592.995,35.423,28.945,18.058,144.441,29.352,268.0,1
2026-06-28 10:00:00,2026-06-28 12:00:00,45.543,48.167,656.354,35.598,28.874,18.042,162.045,29.035,275.5,1
2026-06-28 11:00:00,2026-06-28 13:00:00,46.117,48.285,433.023,34.408,29.884,17.967,144.647,16.967,270.8,1
2026-06-28 12:00:00,2026-06-28 14:00:00,45.143,46.776,76.321,27.643,49.943,16.418,196.58,0.0,0.0,0
2026-06-28 13:00:00,2026-06-28 15:00:00,45.517,47.083,189.226,28.05,56.349,15.325,102.171,25.884,458.4,1
2026-06-28 14:00:00,2026-06-28 16:00:00,45.955,47.496,473.384,32.675,39.455,14.35,143.396,30.792,371.8,1
2026-06-28 15:00:00,2026-06-28 17:00:00,46.859,48.959,475.714,35.696,31.624,14.325,134.713,25.182,300.4,1
2026-06-28 16:00:00,2026-06-28 18:00:00,46.193,47.702,124.959,33.666,34.438,15.0,114.73,0.0,0.0,0
2026-06-28 17:00:00,2026-06-28 19:00:00,45.043,46.509,105.787,32.895,34.659,15.0,232.392,0.0,0.0,0
2026-06-28 18:00:00,2026-06-28 20:00:00,45.0,45.176,19.998,32.004,34.948,15.0,292.845,0.0,0.0,0
2026-06-28 19:00:00,2026-06-28 21:00:00,44.526,45.0,2.675,27.137,52.049,15.0,300.3,0.0,0.0,0
2026-06-28 20:00:00,2026-06-28 22:00:00,44.0,45.0,0.001,22.74,71.352,15.0,300.978,0.0,0.0,0
2026-06-28 21:00:00,2026-06-28 23:00:00,44.0,44.826,0.0,21.198,80.874,15.0,300.978,0.0,0.0,0
2026-06-28 22:00:00,2026-06-29 00:00:00,44.0,44.0,0.0,21.435,78.196,15.0,300.978,0.0,0.0,0
2026-06-28 23:00:00,2026-06-29 01:00:00,44.0,44.0,0.0,22.555,68.972,15.0,300.978,0.0,0.0,0
2026-06-29 00:00:00,2026-06-29 02:00:00,44.0,44.0,0.0,21.377,76.475,15.0,300.978,0.0,0.0,0
2026-06-29 01:00:00,2026-06-29 03:00:00,44.0,44.0,0.0,20.264,82.53,15.0,300.978,0.0,0.0,0
2026-06-29 02:00:00,2026-06-29 04:00:00,44.0,43.626,0.057,19.451,86.13,15.0,300.985,0.0,0.0,0
2026-06-29 03:00:00,2026-06-29 05:00:00,44.0,43.067,5.41,18.707,89.793,15.0,302.634,0.0,0.0,0
2026-06-29 04:00:00,2026-06-29 06:00:00,44.0,43.0,37.008,20.167,84.535,15.0,319.763,0.0,0.0,0
2026-06-29 05:00:00,2026-06-29 07:00:00,45.041,45.848,96.996,21.322,78.765,15.0,44.926,12.372,272.4,1
2026-06-29 06:00:00,2026-06-29 08:00:00,44.983,45.774,222.165,25.558,60.301,14.976,124.065,58.183,901.0,1
2026-06-29 07:00:00,2026-06-29 09:00:00,45.133,46.333,279.03,26.368,57.091,16.412,78.868,86.091,901.3,1
2026-06-29 08:00:00,2026-06-29 10:00:00,46.081,48.039,431.179,26.981,55.874,16.625,119.598,116.012,895.8,1
2026-06-29 09:00:00,2026-06-29 11:00:00,46.276,48.293,87.52,23.524,72.585,15.308,190.013,0.0,0.0,0
2026-06-29 10:00:00,2026-06-29 12:00:00,46.605,48.031,327.489,24.283,73.613,14.351,102.095,102.273,914.5,1
2026-06-29 11:00:00,2026-06-29 13:00:00,48.367,49.9,506.352,26.487,63.494,14.1,129.71,116.669,910.4,1
2026-06-29 12:00:00,2026-06-29 14:00:00,49.431,51.048,706.043,27.074,62.657,15.617,178.331,86.31,940.8,1
2026-06-29 13:00:00,2026-06-29 15:00:00,49.802,51.576,570.784,27.842,57.037,16.708,137.661,93.676,898.9,1
2026-06-29 14:00:00,2026-06-29 16:00:00,49.733,51.891,414.565,27.73,54.076,17.575,123.485,65.612,900.0,1
2026-06-29 15:00:00,2026-06-29 17:00:00,49.841,52.233,278.951,27.229,52.869,17.075,126.949,58.282,905.2,1
2026-06-29 16:00:00,2026-06-29 18:00:00,49.293,51.893,146.408,26.555,54.437,16.0,304.577,0.0,0.0,0
2026-06-29 17:00:00,2026-06-29 19:00:00,49.0,51.0,73.013,25.578,60.953,16.0,400.792,0.0,0.0,0
2026-06-29 18:00:00,2026-06-29 20:00:00,49.0,51.0,29.014,25.124,61.658,16.0,454.306,0.0,0.0,0
2026-06-29 19:00:00,2026-06-29 21:00:00,49.0,50.983,4.378,24.173,63.974,16.0,467.601,0.0,0.0,0
2026-06-29 20:00:00,2026-06-29 22:00:00,49.0,50.059,1.22,23.653,65.453,16.0,469.876,0.0,0.0,0
2026-06-29 21:00:00,2026-06-29 23:00:00,49.0,50.0,0.0,22.655,70.431,16.0,470.313,0.0,0.0,0
2026-06-29 22:00:00,2026-06-30 00:00:00,49.0,50.0,0.0,22.6,71.0,16.0,470.313,0.0,0.0,0
2026-06-29 23:00:00,2026-06-30 01:00:00,48.967,50.0,0.0,22.6,71.0,16.0,470.313,0.0,0.0,0
2026-06-30 00:00:00,2026-06-30 02:00:00,49.0,50.0,0.0,22.6,71.0,16.0,470.313,0.0,0.0,0
2026-06-30 01:00:00,2026-06-30 03:00:00,48.867,50.0,0.0,22.6,71.0,16.0,470.313,0.0,0.0,0
2026-06-30 02:00:00,2026-06-30 04:00:00,48.276,50.0,0.0,22.6,71.0,16.0,470.313,0.0,0.0,0
2026-06-30 03:00:00,2026-06-30 05:00:00,48.033,50.0,0.0,22.6,71.0,16.0,470.313,0.0,0.0,0
2026-06-30 04:00:00,2026-06-30 06:00:00,48.0,50.0,0.0,22.6,71.0,16.0,470.313,0.0,0.0,0
2026-06-30 05:00:00,2026-06-30 07:00:00,49.107,50.924,0.0,22.6,71.0,16.0,3.869,43.743,961.5,1
2026-06-30 06:00:00,2026-06-30 08:00:00,49.0,50.043,105.795,21.488,78.973,15.7,41.641,0.0,0.0,0
2026-06-30 07:00:00,2026-06-30 09:00:00,49.667,51.024,133.15,21.2,81.0,14.408,65.806,43.573,921.4,1
2026-06-30 08:00:00,2026-06-30 10:00:00,49.441,50.7,198.483,22.464,76.503,12.983,135.922,58.648,915.0,1
2026-06-30 09:00:00,2026-06-30 11:00:00,50.2,52.041,402.745,24.812,67.037,13.65,133.326,58.565,916.8,1
2026-06-30 10:00:00,2026-06-30 12:00:00,51.081,53.048,514.854,25.937,62.09,14.418,129.285,101.668,921.8,1
2026-06-30 11:00:00,2026-06-30 13:00:00,51.433,53.393,525.699,27.097,56.699,14.467,139.329,116.466,952.5,1
2026-06-30 12:00:00,2026-06-30 14:00:00,51.634,53.541,514.729,27.836,54.131,14.467,128.165,86.844,910.3,1
2026-06-30 13:00:00,2026-06-30 15:00:00,51.543,53.376,310.777,28.385,51.076,14.183,134.15,57.805,904.7,1
2026-06-30 14:00:00,2026-06-30 16:00:00,51.283,53.166,283.81,28.4,51.0,13.433,136.838,58.185,907.7,1
2026-06-30 15:00:00,2026-06-30 17:00:00,51.383,53.474,283.81,28.4,51.0,13.233,111.479,116.453,942.1,1
2026-06-30 16:00:00,2026-06-30 18:00:00,51.1,53.343,78.225,23.035,70.022,14.0,90.231,0.0,0.0,0
2026-06-30 17:00:00,2026-06-30 19:00:00,51.0,53.0,37.766,20.627,85.242,14.0,130.877,0.0,0.0,0
2026-06-30 18:00:00,2026-06-30 20:00:00,51.0,53.0,13.111,20.635,88.915,14.0,157.329,0.0,0.0,0
2026-06-30 19:00:00,2026-06-30 21:00:00,51.0,53.0,0.424,20.913,84.59,14.0,162.453,0.0,0.0,0
2026-06-30 20:00:00,2026-06-30 22:00:00,51.0,53.0,0.01,21.0,83.0,14.0,162.516,0.0,0.0,0
2026-06-30 21:00:00,2026-06-30 23:00:00,51.0,53.0,0.01,21.0,83.0,14.0,162.526,0.0,0.0,0
2026-06-30 22:00:00,2026-07-01 00:00:00,51.0,53.0,0.01,21.0,83.0,14.0,162.536,0.0,0.0,0
2026-06-30 23:00:00,2026-07-01 01:00:00,51.0,53.0,0.01,21.0,83.0,14.0,162.546,0.0,0.0,0
2026-07-01 00:00:00,2026-07-01 02:00:00,51.0,52.476,0.01,21.0,83.0,14.0,162.556,0.0,0.0,0
2026-07-01 01:00:00,2026-07-01 03:00:00,51.0,52.167,0.01,21.0,83.0,14.0,162.566,0.0,0.0,0
2026-07-01 02:00:00,2026-07-01 04:00:00,51.0,52.0,0.01,21.0,83.0,14.0,162.576,0.0,0.0,0
2026-07-01 03:00:00,2026-07-01 05:00:00,51.0,52.0,0.01,21.0,83.0,14.0,162.586,0.0,0.0,0
2026-07-01 04:00:00,2026-07-01 06:00:00,51.0,52.0,0.01,21.0,83.0,14.0,162.596,0.0,0.0,0
2026-07-01 05:00:00,2026-07-01 07:00:00,51.991,53.591,0.01,21.0,83.0,14.0,1.343,43.818,926.5,1
2026-07-01 06:00:00,2026-07-01 08:00:00,52.0,53.0,0.01,21.0,83.0,14.0,0.015,0.0,0.0,0
2026-07-01 07:00:00,2026-07-01 09:00:00,52.65,53.991,0.01,21.0,83.0,14.0,0.005,58.523,921.0,1
2026-07-01 08:00:00,2026-07-01 10:00:00,52.0,54.0,30.589,18.82,88.652,13.683,12.248,0.0,0.0,0
2026-07-01 09:00:00,2026-07-01 11:00:00,52.991,54.467,94.039,18.272,87.711,13.333,40.454,58.498,952.6,1
2026-07-01 10:00:00,2026-07-01 12:00:00,53.107,54.207,147.65,18.891,85.028,11.575,159.422,0.0,0.0,0
2026-07-01 11:00:00,2026-07-01 13:00:00,53.234,54.85,192.572,20.121,80.447,10.842,97.832,43.62,915.1,1
2026-07-01 12:00:00,2026-07-01 14:00:00,53.676,55.117,359.034,21.263,72.264,9.8,129.734,116.452,913.9,1
2026-07-01 13:00:00,2026-07-01 15:00:00,53.833,55.35,387.727,22.171,66.6,9.65,120.582,58.273,912.3,1
2026-07-01 14:00:00,2026-07-01 16:00:00,53.991,55.333,353.261,23.109,62.556,10.067,127.929,117.226,928.2,1
2026-07-01 15:00:00,2026-07-01 17:00:00,53.857,55.307,285.524,23.317,57.283,10.175,121.033,43.604,917.9,1
2026-07-01 16:00:00,2026-07-01 18:00:00,53.769,55.309,158.382,22.93,57.7,10.0,152.336,0.0,0.0,0
2026-07-01 17:00:00,2026-07-01 19:00:00,53.0,55.0,90.718,22.111,58.283,10.0,269.316,0.0,0.0,0
2026-07-01 18:00:00,2026-07-01 20:00:00,53.0,54.709,28.15,20.346,61.678,10.0,327.795,0.0,0.0,0
2026-07-01 19:00:00,2026-07-01 21:00:00,53.0,54.0,3.921,18.828,69.543,10.0,342.447,0.0,0.0,0
2026-07-01 20:00:00,2026-07-01 22:00:00,53.0,54.0,0.007,16.599,80.956,10.0,343.363,0.0,0.0,0
2026-07-01 21:00:00,2026-07-01 23:00:00,53.0,54.0,0.0,15.643,87.272,10.0,343.364,0.0,0.0,0
2026-07-01 22:00:00,2026-07-02 00:00:00,53.0,54.0,0.0,14.863,90.954,10.0,343.364,0.0,0.0,0
2026-07-01 23:00:00,2026-07-02 01:00:00,53.0,54.0,0.0,13.971,93.765,10.0,343.364,0.0,0.0,0
2026-07-02 00:00:00,2026-07-02 02:00:00,53.0,54.0,0.0,13.347,95.0,10.0,343.364,0.0,0.0,0
2026-07-02 01:00:00,2026-07-02 03:00:00,53.0,54.0,0.0,13.021,95.991,10.0,343.364,0.0,0.0,0
2026-07-02 02:00:00,2026-07-02 04:00:00,53.0,54.0,0.05,12.436,96.0,10.0,343.369,0.0,0.0,0
2026-07-02 03:00:00,2026-07-02 05:00:00,52.983,54.0,6.625,12.032,96.557,10.0,345.257,0.0,0.0,0
2026-07-02 04:00:00,2026-07-02 06:00:00,52.783,54.0,26.273,12.539,96.843,10.0,361.264,0.0,0.0,0
2026-07-02 05:00:00,2026-07-02 07:00:00,52.293,54.0,34.2,13.1,96.0,9.016,393.09,0.0,0.0,0
2026-07-02 06:00:00,2026-07-02 08:00:00,52.0,53.659,175.892,18.39,77.335,9.0,474.748,0.0,0.0,0
2026-07-02 07:00:00,2026-07-02 09:00:00,51.476,52.643,226.531,21.161,60.953,8.024,670.158,0.0,0.0,0
2026-07-02 08:00:00,2026-07-02 10:00:00,51.831,51.235,509.062,23.805,46.009,9.64,320.693,137.449,928.0,1
2026-07-02 09:00:00,2026-07-02 11:00:00,53.083,49.593,433.544,25.053,43.813,11.625,153.569,50.554,903.2,1
2026-07-02 10:00:00,2026-07-02 12:00:00,54.174,47.811,699.902,25.832,36.637,13.388,170.366,101.333,914.6,1
2026-07-02 11:00:00,2026-07-02 13:00:00,55.057,44.862,698.822,26.205,35.419,14.414,171.854,100.776,902.9,1
2026-07-02 12:00:00,2026-07-02 14:00:00,55.25,41.878,712.574,26.598,35.166,15.492,176.328,101.314,913.2,1
2026-07-02 13:00:00,2026-07-02 15:00:00,55.407,38.778,672.071,27.019,34.735,15.927,171.818,101.331,903.9,1
2026-07-02 14:00:00,2026-07-02 16:00:00,55.484,36.218,591.007,27.412,34.159,16.392,150.399,101.452,909.3,1
2026-07-02 15:00:00,2026-07-02 17:00:00,55.667,34.576,463.571,27.299,33.215,17.014,120.982,101.553,916.1,1
2026-07-02 16:00:00,2026-07-02 18:00:00,55.019,33.143,311.763,26.973,33.324,17.0,335.72,0.0,0.0,0
2026-07-02 17:00:00,2026-07-02 19:00:00,54.267,32.326,87.027,25.53,36.779,17.0,534.372,0.0,0.0,0
2026-07-02 18:00:00,2026-07-02 20:00:00,54.0,32.0,25.111,24.049,41.393,17.0,578.289,0.0,0.0,0
2026-07-02 19:00:00,2026-07-02 21:00:00,54.0,31.983,3.37,22.421,48.103,17.0,591.137,0.0,0.0,0
2026-07-02 20:00:00,2026-07-02 22:00:00,54.0,31.043,0.003,22.117,51.33,17.0,591.873,0.0,0.0,0
2026-07-02 21:00:00,2026-07-02 23:00:00,54.0,31.0,0.0,21.276,59.913,17.0,591.873,0.0,0.0,0
2026-07-02 22:00:00,2026-07-03 00:00:00,54.0,31.0,0.0,18.948,72.014,17.0,591.873,0.0,0.0,0
2026-07-02 23:00:00,2026-07-03 01:00:00,53.717,31.0,0.0,17.772,76.522,17.0,591.873,0.0,0.0,0
2026-07-03 00:00:00,2026-07-03 02:00:00,53.309,31.0,0.0,16.522,80.829,17.0,591.873,0.0,0.0,0
2026-07-03 01:00:00,2026-07-03 03:00:00,53.017,31.0,0.0,15.671,83.681,17.0,591.873,0.0,0.0,0
2026-07-03 02:00:00,2026-07-03 04:00:00,53.0,31.0,0.055,14.935,86.131,17.0,591.879,0.0,0.0,0
2026-07-03 03:00:00,2026-07-03 05:00:00,53.0,31.0,6.626,14.508,87.667,17.0,593.784,0.0,0.0,0
2026-07-03 04:00:00,2026-07-03 06:00:00,53.0,31.0,34.228,14.803,85.846,17.0,612.859,0.0,0.0,0
2026-07-03 05:00:00,2026-07-03 07:00:00,54.641,31.0,102.87,15.72,73.722,17.994,43.925,51.161,932.2,1
2026-07-03 06:00:00,2026-07-03 08:00:00,54.524,30.293,226.369,16.923,63.914,18.294,132.133,51.289,925.7,1
2026-07-03 07:00:00,2026-07-03 09:00:00,54.6,29.626,228.084,17.79,58.523,19.119,131.441,51.233,930.1,1
2026-07-03 08:00:00,2026-07-03 10:00:00,55.724,29.0,512.986,20.004,50.609,19.04,128.03,101.969,913.5,1
2026-07-03 09:00:00,2026-07-03 11:00:00,56.167,28.059,617.757,20.681,46.176,18.053,153.161,101.889,917.5,1
2026-07-03 10:00:00,2026-07-03 12:00:00,56.457,27.376,692.288,22.167,41.995,18.232,173.862,97.479,909.6,1
2026-07-03 11:00:00,2026-07-03 13:00:00,57.183,51.4,731.479,23.191,37.606,18.224,180.011,101.79,930.3,1
2026-07-03 12:00:00,2026-07-03 14:00:00,56.376,54.541,730.235,23.982,35.073,18.229,186.483,86.988,917.0,1
2026-07-03 13:00:00,2026-07-03 15:00:00,56.25,56.231,686.416,24.904,32.255,18.242,174.08,94.418,910.7,1
2026-07-03 14:00:00,2026-07-03 16:00:00,56.233,57.124,597.872,25.303,29.87,18.229,152.943,94.144,922.7,1
2026-07-03 15:00:00,2026-07-03 17:00:00,56.217,57.259,460.981,25.077,29.755,18.205,123.103,85.968,908.7,1
2026-07-03 16:00:00,2026-07-03 18:00:00,55.609,57.0,320.862,24.532,29.716,18.0,392.221,0.0,0.0,0
2026-07-03 17:00:00,2026-07-03 19:00:00,55.0,57.0,86.931,23.161,33.122,18.0,599.949,0.0,0.0,0
2026-07-03 18:00:00,2026-07-03 20:00:00,54.983,56.826,23.836,21.706,37.343,18.0,640.911,0.0,0.0,0
2026-07-03 19:00:00,2026-07-03 21:00:00,54.659,56.0,2.874,19.677,44.635,18.0,653.356,0.0,0.0,0
2026-07-03 20:00:00,2026-07-03 22:00:00,54.283,56.0,0.005,17.528,51.861,18.0,653.993,0.0,0.0,0
2026-07-03 21:00:00,2026-07-03 23:00:00,54.017,56.0,0.0,15.937,59.458,18.0,653.993,0.0,0.0,0
2026-07-03 22:00:00,2026-07-04 00:00:00,54.0,56.0,0.0,14.928,63.933,18.0,653.993,0.0,0.0,0
2026-07-03 23:00:00,2026-07-04 01:00:00,54.0,56.0,0.0,13.514,72.981,18.0,653.993,0.0,0.0,0
2026-07-04 00:00:00,2026-07-04 02:00:00,54.0,56.0,0.0,12.595,76.587,18.0,653.993,0.0,0.0,0
2026-07-04 01:00:00,2026-07-04 03:00:00,54.0,56.0,0.0,11.779,78.778,18.0,653.993,0.0,0.0,0
2026-07-04 02:00:00,2026-07-04 04:00:00,54.0,56.0,0.046,11.714,77.374,18.0,653.998,0.0,0.0,0
2026-07-04 03:00:00,2026-07-04 05:00:00,,,,,,18.0,654.024,0.0,0.0,0
2026-07-04 04:00:00,2026-07-04 06:00:00,,,,,,18.0,654.024,0.0,0.0,0
2026-07-04 05:00:00,2026-07-04 07:00:00,,,,,,18.008,1.482,44.104,934.1,1
2026-07-04 06:00:00,2026-07-04 08:00:00,,,,,,17.711,0.0,0.0,0.0,0
2026-07-04 07:00:00,2026-07-04 09:00:00,,,,,,17.875,0.0,43.634,927.4,1
2026-07-04 08:00:00,2026-07-04 10:00:00,,,,,,16.338,0.0,0.0,0.0,0
2026-07-04 09:00:00,2026-07-04 11:00:00,,,,,,15.352,0.0,44.125,933.0,1
2026-07-04 10:00:00,2026-07-04 12:00:00,,,,,,13.396,0.0,0.0,0.0,0
2026-07-04 11:00:00,2026-07-04 13:00:00,,,,,,12.394,0.0,43.72,911.0,1
2026-07-04 12:00:00,2026-07-04 14:00:00,,,,,,10.43,0.0,0.0,0.0,0
2026-07-04 13:00:00,2026-07-04 15:00:00,,,,,,9.427,0.0,43.681,926.9,1
2026-07-04 14:00:00,2026-07-04 16:00:00,,,,,,7.463,0.0,0.0,0.0,0
2026-07-04 15:00:00,2026-07-04 17:00:00,,,,,,6.483,0.0,43.95,925.8,1
2026-07-04 16:00:00,2026-07-04 18:00:00,,,,,,6.0,0.0,0.0,0.0,0
2026-07-04 17:00:00,2026-07-04 19:00:00,,,,,,6.0,0.0,0.0,0.0,0
2026-07-04 18:00:00,2026-07-04 20:00:00,,,,,,6.0,0.0,0.0,0.0,0
2026-07-04 19:00:00,2026-07-04 21:00:00,,,,,,6.0,0.0,0.0,0.0,0
2026-07-04 20:00:00,2026-07-04 22:00:00,,,,,,6.0,0.0,0.0,0.0,0
2026-07-04 21:00:00,2026-07-04 23:00:00,,,,,,6.0,0.0,0.0,0.0,0
2026-07-04 22:00:00,2026-07-05 00:00:00,,,,,,6.0,0.0,0.0,0.0,0
2026-07-04 23:00:00,2026-07-05 01:00:00,,,,,,6.0,0.0,0.0,0.0,0
2026-07-05 00:00:00,2026-07-05 02:00:00,,,,,,6.0,0.0,0.0,0.0,0
2026-07-05 01:00:00,2026-07-05 03:00:00,,,,,,6.0,0.0,0.0,0.0,0
2026-07-05 02:00:00,2026-07-05 04:00:00,,,,,,6.0,0.0,0.0,0.0,0
2026-07-05 03:00:00,2026-07-05 05:00:00,,,,,,6.0,0.0,0.0,0.0,0
2026-07-05 04:00:00,2026-07-05 06:00:00,,,,,,6.0,0.0,0.0,0.0,0
2026-07-05 05:00:00,2026-07-05 07:00:00,,,,,,6.0,0.0,44.075,931.4,1
2026-07-05 06:00:00,2026-07-05 08:00:00,,,,,,6.0,0.0,0.0,0.0,0
2026-07-05 07:00:00,2026-07-05 09:00:00,,,,,,6.008,0.0,43.739,944.6,1
2026-07-05 08:00:00,2026-07-05 10:00:00,,,,,,6.0,0.0,0.0,0.0,0
2026-07-05 09:00:00,2026-07-05 11:00:00,,,,,,6.0,0.0,43.506,922.4,1
2026-07-05 10:00:00,2026-07-05 12:00:00,,,,,,6.0,0.0,0.0,0.0,0
2026-07-05 11:00:00,2026-07-05 13:00:00,,,,,,6.0,0.0,43.511,952.9,1
2026-07-05 12:00:00,2026-07-05 14:00:00,,,,,,6.0,0.0,0.0,0.0,0
2026-07-05 13:00:00,2026-07-05 15:00:00,,,,,,6.0,0.0,43.986,925.2,1
2026-07-05 14:00:00,2026-07-05 16:00:00,,,,,,6.0,0.0,0.0,0.0,0
2026-07-05 15:00:00,2026-07-05 17:00:00,,,,,,6.0,0.0,43.985,935.3,1
2026-07-05 16:00:00,2026-07-05 18:00:00,,,,,,6.0,0.0,0.0,0.0,0
2026-07-05 17:00:00,2026-07-05 19:00:00,,,,,,6.0,0.0,0.0,0.0,0
2026-07-05 18:00:00,2026-07-05 20:00:00,,,,,,6.0,0.0,0.0,0.0,0
2026-07-05 19:00:00,2026-07-05 21:00:00,,,,,,6.0,0.0,0.0,0.0,0
2026-07-05 20:00:00,2026-07-05 22:00:00,,,,,,6.0,0.0,0.0,0.0,0
2026-07-05 21:00:00,2026-07-05 23:00:00,,,,,,6.0,0.0,0.0,0.0,0
2026-07-05 22:00:00,2026-07-06 00:00:00,,,,,,6.0,0.0,0.0,0.0,0
2026-07-05 23:00:00,2026-07-06 01:00:00,,,,,,6.0,0.0,0.0,0.0,0
2026-07-06 00:00:00,2026-07-06 02:00:00,,,,,,6.0,0.0,0.0,0.0,0
2026-07-06 01:00:00,2026-07-06 03:00:00,,,,,,6.0,0.0,0.0,0.0,0
2026-07-06 02:00:00,2026-07-06 04:00:00,,,,,,6.0,0.0,0.0,0.0,0
2026-07-06 03:00:00,2026-07-06 05:00:00,,,,,,6.0,0.0,0.0,0.0,0
2026-07-06 04:00:00,2026-07-06 06:00:00,,,,,,6.0,0.0,0.0,0.0,0
2026-07-06 05:00:00,2026-07-06 07:00:00,,,,,,6.0,0.0,44.178,949.7,1
2026-07-06 06:00:00,2026-07-06 08:00:00,,,,,,6.766,0.0,43.605,926.9,1
2026-07-06 07:00:00,2026-07-06 09:00:00,38.652,40.0,362.343,21.113,58.305,6.002,1.177,0.0,0.0,0
2026-07-06 08:00:00,2026-07-06 10:00:00,40.192,43.111,272.3,20.443,60.909,6.849,82.805,87.348,959.3,1
2026-07-06 09:00:00,2026-07-06 11:00:00,46.47,49.084,398.81,21.37,58.537,7.35,116.981,43.712,920.6,1
2026-07-06 10:00:00,2026-07-06 12:00:00,49.44,51.94,446.519,22.718,53.583,9.162,123.561,87.658,922.8,1
2026-07-06 11:00:00,2026-07-06 13:00:00,47.854,50.547,288.739,22.542,53.527,9.383,125.406,43.737,922.0,1
2026-07-06 12:00:00,2026-07-06 14:00:00,48.536,51.519,365.32,23.414,50.307,10.731,129.74,43.936,928.0,1
2026-07-06 13:00:00,2026-07-06 15:00:00,50.353,53.47,547.607,25.109,45.494,11.498,143.373,87.506,923.0,1
2026-07-06 14:00:00,2026-07-06 16:00:00,49.924,53.407,223.693,24.582,45.617,12.948,120.242,43.61,917.7,1
2026-07-06 15:00:00,2026-07-06 17:00:00,49.69,53.3,256.341,25.237,43.57,12.817,125.385,43.661,925.1,1
2026-07-06 16:00:00,2026-07-06 18:00:00,48.84,52.607,114.669,24.919,44.393,13.0,275.261,0.0,0.0,0
2026-07-06 17:00:00,2026-07-06 19:00:00,47.907,51.94,94.41,24.91,44.387,13.0,377.057,0.0,0.0,0
2026-07-06 18:00:00,2026-07-06 20:00:00,47.0,51.0,28.781,24.228,46.779,13.0,435.914,0.0,0.0,0
2026-07-06 19:00:00,2026-07-06 21:00:00,47.0,51.0,3.559,22.766,51.425,13.0,447.957,0.0,0.0,0
2026-07-06 20:00:00,2026-07-06 22:00:00,47.0,50.824,0.09,21.8,55.0,13.0,448.889,0.0,0.0,0
2026-07-06 21:00:00,2026-07-06 23:00:00,46.507,50.017,0.026,20.948,57.129,13.0,448.956,0.0,0.0,0
2026-07-06 22:00:00,2026-07-07 00:00:00,46.0,50.0,0.0,20.6,58.0,13.0,448.96,0.0,0.0,0
2026-07-06 23:00:00,2026-07-07 01:00:00,46.0,50.0,0.0,20.6,58.0,13.0,448.96,0.0,0.0,0
2026-07-07 00:00:00,2026-07-07 02:00:00,46.0,50.0,0.0,20.6,58.0,13.0,448.96,0.0,0.0,0
2026-07-07 01:00:00,2026-07-07 03:00:00,46.0,50.0,0.0,20.6,58.0,13.0,448.96,0.0,0.0,0
2026-07-07 02:00:00,2026-07-07 04:00:00,45.34,50.0,0.0,20.6,58.0,13.0,448.96,0.0,0.0,0
2026-07-07 03:00:00,2026-07-07 05:00:00,45.0,50.0,0.0,20.6,58.0,13.0,448.96,0.0,0.0,0
2026-07-07 04:00:00,2026-07-07 06:00:00,45.0,49.54,0.0,20.6,58.0,13.0,448.96,0.0,0.0,0
2026-07-07 05:00:00,2026-07-07 07:00:00,47.419,51.22,55.565,20.229,57.417,13.0,12.047,44.192,934.9,1
2026-07-07 06:00:00,2026-07-07 08:00:00,46.133,50.134,201.401,22.691,48.282,12.258,141.541,19.498,934.1,1
2026-07-07 07:00:00,2026-07-07 09:00:00,46.3,50.3,217.128,24.635,38.854,13.0,107.097,24.676,916.6,1
2026-07-07 08:00:00,2026-07-07 10:00:00,46.633,50.473,261.089,25.011,36.678,13.032,127.435,43.737,917.5,1
2026-07-07 09:00:00,2026-07-07 11:00:00,47.446,50.903,299.973,25.985,33.993,12.789,113.214,86.636,920.9,1
2026-07-07 10:00:00,2026-07-07 12:00:00,48.643,51.803,427.234,26.627,33.494,12.277,104.653,43.618,908.2,1
2026-07-07 11:00:00,2026-07-07 13:00:00,50.343,53.05,581.054,28.227,31.984,12.923,144.956,87.538,922.1,1
2026-07-07 12:00:00,2026-07-07 14:00:00,51.624,53.933,572.522,29.284,30.057,13.556,142.38,87.623,944.7,1
2026-07-07 13:00:00,2026-07-07 15:00:00,51.95,54.083,404.405,28.897,29.331,13.55,132.505,87.622,922.9,1
2026-07-07 14:00:00,2026-07-07 16:00:00,52.36,54.267,375.764,29.342,27.007,13.725,141.008,43.72,918.1,1
2026-07-07 15:00:00,2026-07-07 17:00:00,52.233,54.25,148.199,28.388,28.372,13.933,103.657,43.632,946.8,1
2026-07-07 16:00:00,2026-07-07 18:00:00,51.64,54.0,65.79,27.6,31.0,14.0,129.098,0.0,0.0,0
2026-07-07 17:00:00,2026-07-07 19:00:00,51.0,53.19,60.288,27.461,31.0,14.0,194.551,0.0,0.0,0
2026-07-07 18:00:00,2026-07-07 20:00:00,50.757,53.0,25.949,26.5,31.0,14.0,235.227,0.0,0.0,0
2026-07-07 19:00:00,2026-07-07 21:00:00,50.0,53.0,8.444,25.701,29.547,14.0,254.984,0.0,0.0,0
2026-07-07 20:00:00,2026-07-07 22:00:00,50.0,53.0,1.77,25.4,29.0,14.0,257.679,0.0,0.0,0
2026-07-07 21:00:00,2026-07-07 23:00:00,50.0,52.607,1.77,25.4,29.0,14.0,259.449,0.0,0.0,0
2026-07-07 22:00:00,2026-07-08 00:00:00,50.0,52.0,1.77,25.4,29.0,14.0,261.219,0.0,0.0,0
2026-07-07 23:00:00,2026-07-08 01:00:00,50.0,52.0,1.77,25.4,29.0,14.0,262.989,0.0,0.0,0
2026-07-08 00:00:00,2026-07-08 02:00:00,49.907,52.0,1.77,25.4,29.0,14.0,264.759,0.0,0.0,0
2026-07-08 01:00:00,2026-07-08 03:00:00,49.0,52.0,1.77,25.4,29.0,14.0,266.529,0.0,0.0,0
2026-07-08 02:00:00,2026-07-08 04:00:00,49.0,52.0,1.77,25.4,29.0,14.0,268.299,0.0,0.0,0
2026-07-08 03:00:00,2026-07-08 05:00:00,49.0,52.0,1.77,25.4,29.0,14.0,270.069,0.0,0.0,0
2026-07-08 04:00:00,2026-07-08 06:00:00,49.0,52.0,1.77,25.4,29.0,14.0,271.839,0.0,0.0,0
2026-07-08 05:00:00,2026-07-08 07:00:00,50.627,53.027,1.77,25.4,29.0,14.0,1.493,43.749,928.7,1
2026-07-08 06:00:00,2026-07-08 08:00:00,49.874,52.257,137.55,21.019,54.083,13.986,61.36,0.0,0.0,0
2026-07-08 07:00:00,2026-07-08 09:00:00,50.511,52.784,182.694,20.676,58.217,13.989,83.196,43.667,924.2,1
2026-07-08 08:00:00,2026-07-08 10:00:00,50.7,53.01,123.086,20.586,59.563,13.558,136.179,43.708,932.8,1
2026-07-08 09:00:00,2026-07-08 11:00:00,50.21,52.433,130.008,20.704,59.873,12.88,120.515,0.0,0.0,0
2026-07-08 10:00:00,2026-07-08 12:00:00,50.34,52.924,72.74,20.251,61.62,11.992,124.182,44.051,930.9,1
2026-07-08 11:00:00,2026-07-08 13:00:00,50.593,52.66,179.71,20.856,60.563,10.705,112.838,0.0,0.0,0
2026-07-08 12:00:00,2026-07-08 14:00:00,50.91,53.227,176.085,21.402,58.87,9.486,103.623,43.616,920.4,1
2026-07-08 13:00:00,2026-07-08 15:00:00,51.124,53.257,97.747,21.237,59.246,7.976,184.909,0.0,0.0,0
2026-07-08 14:00:00,2026-07-08 16:00:00,51.46,53.66,205.16,21.823,58.308,7.1,117.612,43.77,924.1,1
2026-07-08 15:00:00,2026-07-08 17:00:00,52.433,54.117,128.037,22.326,55.837,6.733,132.654,43.945,926.0,1
2026-07-08 16:00:00,2026-07-08 18:00:00,52.0,54.0,105.363,22.184,55.957,7.0,114.916,0.0,0.0,0
2026-07-08 17:00:00,2026-07-08 19:00:00,51.84,53.674,93.283,22.046,54.774,7.0,220.246,0.0,0.0,0
2026-07-08 18:00:00,2026-07-08 20:00:00,51.0,53.0,46.02,21.349,56.899,7.0,288.915,0.0,0.0,0
2026-07-08 19:00:00,2026-07-08 21:00:00,51.0,53.0,15.285,20.71,59.0,7.0,316.054,0.0,0.0,0
2026-07-08 20:00:00,2026-07-08 22:00:00,51.0,53.0,15.08,20.7,59.0,7.0,331.14,0.0,0.0,0
2026-07-08 21:00:00,2026-07-08 23:00:00,51.0,53.0,15.08,20.7,59.0,7.0,346.22,0.0,0.0,0
2026-07-08 22:00:00,2026-07-09 00:00:00,51.0,53.0,15.08,20.7,59.0,7.0,361.3,0.0,0.0,0
2026-07-08 23:00:00,2026-07-09 01:00:00,50.534,52.733,15.08,20.7,59.0,7.0,376.38,0.0,0.0,0
2026-07-09 00:00:00,2026-07-09 02:00:00,50.023,52.173,15.08,20.7,59.0,7.0,391.46,0.0,0.0,0
2026-07-09 01:00:00,2026-07-09 03:00:00,50.0,52.0,15.08,20.7,59.0,7.0,406.54,0.0,0.0,0
2026-07-09 02:00:00,2026-07-09 04:00:00,50.0,52.0,15.08,20.7,59.0,7.0,421.62,0.0,0.0,0
2026-07-09 03:00:00,2026-07-09 05:00:00,50.0,52.0,15.08,20.7,59.0,7.0,436.7,0.0,0.0,0
2026-07-09 04:00:00,2026-07-09 06:00:00,50.0,52.0,15.08,20.7,59.0,7.0,451.78,0.0,0.0,0
2026-07-09 05:00:00,2026-07-09 07:00:00,52.053,53.527,15.08,20.7,59.0,7.0,8.486,44.102,938.7,1
2026-07-09 06:00:00,2026-07-09 08:00:00,50.947,52.95,45.946,20.049,61.31,7.0,25.706,0.0,0.0,0
2026-07-09 07:00:00,2026-07-09 09:00:00,51.686,53.427,212.118,18.454,67.297,7.0,97.255,44.08,953.3,1
2026-07-09 08:00:00,2026-07-09 10:00:00,52.61,54.177,258.786,19.153,63.204,7.367,118.876,43.986,925.3,1
2026-07-09 09:00:00,2026-07-09 11:00:00,53.71,54.75,446.486,20.495,58.864,8.212,114.249,87.574,959.2,1
2026-07-09 10:00:00,2026-07-09 12:00:00,54.55,55.267,503.808,20.913,57.96,9.706,125.307,87.965,945.9,1
2026-07-09 11:00:00,2026-07-09 13:00:00,55.27,55.36,625.936,22.884,52.48,10.904,165.701,87.288,919.7,1
2026-07-09 12:00:00,2026-07-09 14:00:00,55.723,55.673,850.18,23.993,49.49,12.114,203.263,87.356,940.8,1
2026-07-09 13:00:00,2026-07-09 15:00:00,56.01,55.793,808.456,24.454,47.788,13.854,202.551,86.85,912.4,1
2026-07-09 14:00:00,2026-07-09 16:00:00,56.083,55.967,581.75,23.451,49.853,15.048,160.688,87.777,916.7,1
2026-07-09 15:00:00,2026-07-09 17:00:00,56.233,56.15,568.86,23.4,50.0,16.348,139.848,87.849,942.4,1
2026-07-09 16:00:00,2026-07-09 18:00:00,55.39,55.59,568.86,23.4,50.0,17.0,370.84,0.0,0.0,0
2026-07-09 17:00:00,2026-07-09 19:00:00,54.84,55.0,253.401,23.916,48.28,17.0,804.677,0.0,0.0,0
2026-07-09 18:00:00,2026-07-09 20:00:00,54.033,55.0,201.95,24.0,48.0,17.0,1010.326,0.0,0.0,0
2026-07-09 19:00:00,2026-07-09 21:00:00,54.0,55.0,126.201,22.871,50.259,17.0,1198.159,0.0,0.0,0
2026-07-09 20:00:00,2026-07-09 22:00:00,54.0,55.0,0.75,21.0,54.0,17.0,1238.254,0.0,0.0,0
2026-07-09 21:00:00,2026-07-09 23:00:00,54.0,55.0,0.75,21.0,54.0,17.0,1239.004,0.0,0.0,0
2026-07-09 22:00:00,2026-07-10 00:00:00,54.0,54.94,0.75,21.0,54.0,17.0,1239.754,0.0,0.0,0
2026-07-09 23:00:00,2026-07-10 01:00:00,54.0,54.733,0.75,21.0,54.0,17.0,1240.504,0.0,0.0,0
2026-07-10 00:00:00,2026-07-10 02:00:00,54.0,54.327,0.75,21.0,54.0,17.0,1241.254,0.0,0.0,0
2026-07-10 01:00:00,2026-07-10 03:00:00,54.0,54.257,0.75,21.0,54.0,17.0,1242.004,0.0,0.0,0
2026-07-10 02:00:00,2026-07-10 04:00:00,54.0,54.167,0.75,21.0,54.0,17.0,1242.754,0.0,0.0,0
2026-07-10 03:00:00,2026-07-10 05:00:00,54.0,54.0,0.75,21.0,54.0,17.0,1243.504,0.0,0.0,0
2026-07-10 04:00:00,2026-07-10 06:00:00,53.823,54.0,0.75,21.0,54.0,17.0,1244.254,0.0,0.0,0
2026-07-10 05:00:00,2026-07-10 07:00:00,55.003,55.46,34.939,20.115,58.148,17.0,7.861,44.379,936.9,1
2026-07-10 06:00:00,2026-07-10 08:00:00,54.08,54.64,124.39,17.8,69.0,17.0,96.895,0.0,0.0,0
2026-07-10 07:00:00,2026-07-10 09:00:00,54.233,54.633,104.369,20.448,59.192,17.0,61.016,43.977,932.7,1
2026-07-10 08:00:00,2026-07-10 10:00:00,52.477,53.267,135.706,21.186,57.142,16.202,142.329,0.0,0.0,0
2026-07-10 09:00:00,2026-07-10 11:00:00,53.5,53.767,527.93,24.1,52.0,16.25,129.516,87.334,926.4,1
2026-07-10 10:00:00,2026-07-10 12:00:00,55.276,54.86,630.009,25.14,45.313,16.317,149.948,87.436,925.7,1
2026-07-10 11:00:00,2026-07-10 13:00:00,56.143,55.543,665.31,25.5,43.0,16.542,163.756,87.612,934.8,1
2026-07-10 12:00:00,2026-07-10 14:00:00,56.267,55.8,665.31,25.5,43.0,16.533,163.802,88.04,923.7,1
2026-07-10 13:00:00,2026-07-10 15:00:00,56.3,55.824,681.279,27.603,36.425,16.558,167.46,87.325,916.5,1
2026-07-10 14:00:00,2026-07-10 16:00:00,56.283,55.743,618.042,29.32,30.447,16.55,155.664,87.698,934.4,1
2026-07-10 15:00:00,2026-07-10 17:00:00,56.41,55.967,537.721,29.568,30.0,16.55,134.012,87.782,946.1,1
2026-07-10 16:00:00,2026-07-10 18:00:00,55.68,55.39,532.04,29.6,30.0,16.0,488.715,0.0,0.0,0
2026-07-10 17:00:00,2026-07-10 19:00:00,55.0,55.0,532.04,29.6,30.0,16.0,1020.755,0.0,0.0,0
2026-07-10 18:00:00,2026-07-10 20:00:00,54.867,54.99,532.04,29.6,30.0,16.0,1552.795,0.0,0.0,0
2026-07-10 19:00:00,2026-07-10 21:00:00,54.24,54.183,532.04,29.6,30.0,16.0,2084.835,0.0,0.0,0
2026-07-10 20:00:00,2026-07-10 22:00:00,54.0,54.0,532.04,29.6,30.0,16.0,2616.875,0.0,0.0,0
2026-07-10 21:00:00,2026-07-10 23:00:00,54.0,54.0,532.04,29.6,30.0,16.0,3148.915,0.0,0.0,0
2026-07-10 22:00:00,2026-07-11 00:00:00,54.0,54.0,532.04,29.6,30.0,16.0,3680.955,0.0,0.0,0
2026-07-10 23:00:00,2026-07-11 01:00:00,54.0,54.0,532.04,29.6,30.0,16.0,4212.995,0.0,0.0,0
2026-07-11 00:00:00,2026-07-11 02:00:00,54.0,54.0,532.04,29.6,30.0,16.0,4745.035,0.0,0.0,0
2026-07-11 01:00:00,2026-07-11 03:00:00,54.0,54.0,532.04,29.6,30.0,16.0,5277.075,0.0,0.0,0
2026-07-11 02:00:00,2026-07-11 04:00:00,54.0,54.0,532.04,29.6,30.0,16.0,5809.115,0.0,0.0,0
2026-07-11 03:00:00,2026-07-11 05:00:00,54.0,54.0,532.04,29.6,30.0,16.0,6341.155,0.0,0.0,0
2026-07-11 04:00:00,2026-07-11 06:00:00,54.0,54.0,532.04,29.6,30.0,16.0,6873.195,0.0,0.0,0
2026-07-11 05:00:00,2026-07-11 07:00:00,56.096,55.687,532.04,29.6,30.0,16.489,146.461,87.825,935.7,1
2026-07-11 06:00:00,2026-07-11 08:00:00,57.026,56.326,532.04,29.6,30.0,18.462,130.88,87.581,921.4,1
2026-07-11 07:00:00,2026-07-11 09:00:00,57.423,56.524,532.04,29.6,30.0,19.456,130.917,87.519,937.8,1
2026-07-11 08:00:00,2026-07-11 10:00:00,57.876,57.093,532.04,29.6,30.0,21.437,130.955,88.013,933.9,1
2026-07-11 09:00:00,2026-07-11 11:00:00,57.497,56.924,532.04,29.6,30.0,21.942,131.225,87.683,960.0,1
2026-07-11 10:00:00,2026-07-11 12:00:00,56.55,56.15,532.04,29.6,30.0,21.925,131.372,88.021,926.7,1
2026-07-11 11:00:00,2026-07-11 13:00:00,56.267,55.733,575.179,29.302,30.906,21.9,136.347,87.866,920.1,1
2026-07-11 12:00:00,2026-07-11 14:00:00,56.383,55.774,716.77,29.002,31.937,21.883,174.291,87.359,932.4,1
2026-07-11 13:00:00,2026-07-11 15:00:00,56.627,55.793,688.37,29.013,31.1,21.867,173.028,87.353,955.2,1
2026-07-11 14:00:00,2026-07-11 16:00:00,56.483,55.633,596.954,29.902,30.41,21.867,151.413,87.267,936.6,1
2026-07-11 15:00:00,2026-07-11 17:00:00,56.49,55.95,495.735,29.176,32.82,21.85,130.345,87.199,917.4,1
2026-07-11 16:00:00,2026-07-11 18:00:00,55.64,55.107,366.738,28.755,34.0,22.0,348.487,0.0,0.0,0
2026-07-11 17:00:00,2026-07-11 19:00:00,55.0,55.0,117.065,27.446,34.493,22.0,600.971,0.0,0.0,0
2026-07-11 18:00:00,2026-07-11 20:00:00,55.0,54.424,24.607,25.771,34.733,22.0,648.74,0.0,0.0,0
2026-07-11 19:00:00,2026-07-11 21:00:00,54.807,54.0,3.284,24.033,37.022,22.0,661.617,0.0,0.0,0
2026-07-11 20:00:00,2026-07-11 22:00:00,54.283,54.0,0.086,22.973,41.23,22.0,662.429,0.0,0.0,0
2026-07-11 21:00:00,2026-07-11 23:00:00,54.033,54.0,0.0,22.8,42.0,22.0,662.44,0.0,0.0,0
2026-07-11 22:00:00,2026-07-12 00:00:00,54.0,54.0,0.0,22.8,42.0,22.0,662.44,0.0,0.0,0
2026-07-11 23:00:00,2026-07-12 01:00:00,54.0,54.0,0.0,22.8,42.0,22.0,662.44,0.0,0.0,0
2026-07-12 00:00:00,2026-07-12 02:00:00,54.0,54.0,0.0,22.8,42.0,22.0,662.44,0.0,0.0,0
2026-07-12 01:00:00,2026-07-12 03:00:00,54.0,54.0,0.0,22.8,42.0,22.0,662.44,0.0,0.0,0
2026-07-12 02:00:00,2026-07-12 04:00:00,54.0,54.0,0.0,22.8,42.0,22.0,662.44,0.0,0.0,0
2026-07-12 03:00:00,2026-07-12 05:00:00,54.0,54.0,0.0,22.8,42.0,22.0,662.44,0.0,0.0,0
2026-07-12 04:00:00,2026-07-12 06:00:00,54.0,54.0,0.0,22.8,42.0,22.0,662.44,0.0,0.0,0
2026-07-12 05:00:00,2026-07-12 07:00:00,55.243,54.993,11.136,22.651,42.854,21.511,1.915,44.203,937.6,1
2026-07-12 06:00:00,2026-07-12 08:00:00,54.426,54.25,212.378,21.735,48.407,19.546,103.971,0.0,0.0,0
2026-07-12 07:00:00,2026-07-12 09:00:00,54.42,54.19,119.487,23.067,43.284,18.544,47.119,44.38,940.1,1
2026-07-12 08:00:00,2026-07-12 10:00:00,54.403,53.917,483.265,24.47,36.598,17.45,127.162,87.898,937.3,1
2026-07-12 09:00:00,2026-07-12 11:00:00,55.943,54.869,605.261,25.512,33.667,17.433,147.745,87.333,936.7,1
2026-07-12 10:00:00,2026-07-12 12:00:00,56.676,55.75,680.623,26.537,32.65,17.438,166.799,87.133,940.0,1
2026-07-12 11:00:00,2026-07-12 13:00:00,56.69,55.59,714.625,27.262,31.397,17.446,178.64,99.27,917.1,1
2026-07-12 12:00:00,2026-07-12 14:00:00,56.693,55.776,723.119,28.285,30.34,17.467,180.378,87.559,922.1,1
2026-07-12 13:00:00,2026-07-12 15:00:00,56.69,55.6,692.228,28.993,29.08,17.45,176.467,87.424,920.8,1
2026-07-12 14:00:00,2026-07-12 16:00:00,56.533,55.617,658.257,29.019,28.226,17.483,167.091,87.833,928.1,1
2026-07-12 15:00:00,2026-07-12 17:00:00,56.65,55.823,564.74,28.4,29.0,17.517,140.728,88.148,950.4,1
2026-07-12 16:00:00,2026-07-12 18:00:00,56.0,55.167,564.74,28.4,29.0,18.0,335.211,0.0,0.0,0
2026-07-12 17:00:00,2026-07-12 19:00:00,55.023,55.0,564.74,28.4,29.0,18.0,899.951,0.0,0.0,0
2026-07-12 18:00:00,2026-07-12 20:00:00,55.0,54.407,564.74,28.4,29.0,18.0,1464.691,0.0,0.0,0
2026-07-12 19:00:00,2026-07-12 21:00:00,55.0,54.0,564.74,28.4,29.0,18.0,2029.431,0.0,0.0,0
2026-07-12 20:00:00,2026-07-12 22:00:00,54.707,54.0,564.74,28.4,29.0,18.0,2594.171,0.0,0.0,0
2026-07-12 21:00:00,2026-07-12 23:00:00,54.4,54.0,564.74,28.4,29.0,18.0,3158.911,0.0,0.0,0
2026-07-12 22:00:00,2026-07-13 00:00:00,54.083,54.0,564.74,28.4,29.0,18.0,3723.651,0.0,0.0,0
2026-07-12 23:00:00,2026-07-13 01:00:00,54.0,54.0,564.74,28.4,29.0,18.0,4288.391,0.0,0.0,0
2026-07-13 00:00:00,2026-07-13 02:00:00,54.0,54.0,564.74,28.4,29.0,18.0,4853.131,0.0,0.0,0
2026-07-13 01:00:00,2026-07-13 03:00:00,54.0,54.0,564.74,28.4,29.0,18.0,5417.871,0.0,0.0,0
2026-07-13 02:00:00,2026-07-13 04:00:00,54.0,54.0,564.74,28.4,29.0,18.0,5982.611,0.0,0.0,0
2026-07-13 03:00:00,2026-07-13 05:00:00,54.0,54.0,564.74,28.4,29.0,18.0,6547.351,0.0,0.0,0
2026-07-13 04:00:00,2026-07-13 06:00:00,54.0,54.0,564.74,28.4,29.0,18.0,7112.091,0.0,0.0,0
2026-07-13 05:00:00,2026-07-13 07:00:00,56.413,55.603,553.71,28.237,29.644,18.489,154.928,88.313,936.5,1
2026-07-13 06:00:00,2026-07-13 08:00:00,56.607,56.017,154.318,22.495,52.047,19.981,78.67,55.344,919.7,1
2026-07-13 07:00:00,2026-07-13 09:00:00,55.933,55.424,154.49,22.5,52.0,19.375,138.729,43.849,925.1,1
2026-07-13 08:00:00,2026-07-13 10:00:00,55.324,54.783,265.332,24.018,47.664,19.269,115.288,43.789,918.0,1
2026-07-13 09:00:00,2026-07-13 11:00:00,55.92,55.226,512.34,27.4,38.0,18.933,127.564,86.755,910.4,1
2026-07-13 10:00:00,2026-07-13 12:00:00,56.443,55.717,614.679,28.365,36.07,18.925,150.394,86.72,909.3,1
2026-07-13 11:00:00,2026-07-13 13:00:00,56.824,56.033,708.03,29.641,31.294,18.925,174.466,86.86,914.8,1
2026-07-13 12:00:00,2026-07-13 14:00:00,56.773,56.033,683.85,30.775,29.687,18.925,169.368,87.627,946.9,1
2026-07-13 13:00:00,2026-07-13 15:00:00,57.009,55.95,671.075,31.473,28.173,18.933,172.363,86.855,912.0,1
2026-07-13 14:00:00,2026-07-13 16:00:00,56.86,55.867,575.827,31.598,27.3,18.917,144.278,87.139,913.7,1
2026-07-13 15:00:00,2026-07-13 17:00:00,56.697,55.74,325.503,31.309,28.37,18.752,120.12,44.236,924.5,1
2026-07-13 16:00:00,2026-07-13 18:00:00,55.673,55.0,107.711,30.146,30.446,18.0,165.362,0.0,0.0,0
2026-07-13 17:00:00,2026-07-13 19:00:00,55.0,54.34,70.346,29.61,32.12,18.0,257.074,0.0,0.0,0
2026-07-13 18:00:00,2026-07-13 20:00:00,54.923,54.0,21.727,27.921,36.973,18.0,299.662,0.0,0.0,0
2026-07-13 19:00:00,2026-07-13 21:00:00,54.134,54.0,1.687,26.473,38.513,18.0,309.664,0.0,0.0,0
2026-07-13 20:00:00,2026-07-13 22:00:00,54.0,54.0,0.001,24.486,47.156,18.0,310.007,0.0,0.0,0
2026-07-13 21:00:00,2026-07-13 23:00:00,54.017,54.0,0.0,22.896,50.974,18.0,310.007,0.0,0.0,0
2026-07-13 22:00:00,2026-07-14 00:00:00,54.0,54.0,0.0,23.079,50.873,18.0,310.007,0.0,0.0,0
2026-07-13 23:00:00,2026-07-14 01:00:00,54.0,54.0,0.0,21.742,57.887,18.0,310.007,0.0,0.0,0
2026-07-14 00:00:00,2026-07-14 02:00:00,54.0,54.0,0.0,20.827,59.104,18.0,310.007,0.0,0.0,0
2026-07-14 01:00:00,2026-07-14 03:00:00,54.0,54.0,0.0,20.287,59.163,18.0,310.007,0.0,0.0,0
2026-07-14 02:00:00,2026-07-14 04:00:00,54.0,54.0,0.009,18.958,63.696,18.0,310.008,0.0,0.0,0
2026-07-14 03:00:00,2026-07-14 05:00:00,54.0,54.0,4.79,18.095,67.222,18.0,311.019,0.0,0.0,0
2026-07-14 04:00:00,2026-07-14 06:00:00,54.0,54.0,42.456,17.982,69.345,18.0,329.555,0.0,0.0,0
2026-07-14 05:00:00,2026-07-14 07:00:00,54.993,54.1,101.302,21.647,58.701,17.519,45.862,44.167,933.4,1
2026-07-14 06:00:00,2026-07-14 08:00:00,54.274,54.0,85.887,22.509,55.157,16.019,142.42,0.0,0.0,0
2026-07-14 07:00:00,2026-07-14 09:00:00,55.36,54.167,165.687,24.109,51.208,16.633,73.035,43.384,923.8,1
2026-07-14 08:00:00,2026-07-14 10:00:00,55.633,54.333,233.678,24.707,51.01,16.521,119.153,43.913,928.0,1
2026-07-14 09:00:00,2026-07-14 11:00:00,56.327,54.877,385.555,25.785,48.918,15.917,135.778,87.772,953.3,1
2026-07-14 10:00:00,2026-07-14 12:00:00,57.26,55.85,631.674,28.414,41.937,15.9,153.654,87.15,930.5,1
2026-07-14 11:00:00,2026-07-14 13:00:00,57.427,56.027,687.436,29.388,39.047,15.892,173.759,77.372,935.8,1
2026-07-14 12:00:00,2026-07-14 14:00:00,57.507,56.017,641.964,30.605,35.47,15.892,164.344,79.331,911.7,1
2026-07-14 13:00:00,2026-07-14 15:00:00,57.426,55.916,552.943,30.899,35.217,15.869,144.813,60.14,906.8,1
2026-07-14 14:00:00,2026-07-14 16:00:00,56.497,55.19,112.836,29.502,38.306,15.361,62.761,43.33,913.7,1
2026-07-14 15:00:00,2026-07-14 17:00:00,56.577,55.493,173.476,23.725,65.061,13.642,135.216,44.492,935.1,1
2026-07-14 16:00:00,2026-07-14 18:00:00,56.157,55.073,300.532,25.338,60.875,14.0,182.39,0.0,0.0,0
2026-07-14 17:00:00,2026-07-14 19:00:00,55.99,55.0,275.88,25.694,57.159,14.0,469.743,0.0,0.0,0
2026-07-14 18:00:00,2026-07-14 20:00:00,55.676,55.0,17.37,21.264,66.639,14.0,613.323,0.0,0.0,0
2026-07-14 19:00:00,2026-07-14 21:00:00,55.55,55.0,31.88,19.9,77.0,14.0,638.13,0.0,0.0,0
2026-07-14 20:00:00,2026-07-14 22:00:00,55.517,55.0,31.88,19.9,77.0,14.0,670.01,0.0,0.0,0
2026-07-14 21:00:00,2026-07-14 23:00:00,55.057,55.0,31.88,19.9,77.0,14.0,701.89,0.0,0.0,0
2026-07-14 22:00:00,2026-07-15 00:00:00,55.0,55.0,31.88,19.9,77.0,14.0,733.77,0.0,0.0,0
2026-07-14 23:00:00,2026-07-15 01:00:00,55.0,55.0,31.88,19.9,77.0,14.0,765.65,0.0,0.0,0
2026-07-15 00:00:00,2026-07-15 02:00:00,55.0,55.0,31.88,19.9,77.0,14.0,797.53,0.0,0.0,0
2026-07-15 01:00:00,2026-07-15 03:00:00,55.0,55.0,31.88,19.9,77.0,14.0,829.41,0.0,0.0,0
2026-07-15 02:00:00,2026-07-15 04:00:00,55.0,55.0,31.88,19.9,77.0,14.0,861.29,0.0,0.0,0
2026-07-15 03:00:00,2026-07-15 05:00:00,55.0,55.0,31.88,19.9,77.0,14.0,893.17,0.0,0.0,0
2026-07-15 04:00:00,2026-07-15 06:00:00,55.0,55.0,30.409,18.887,80.638,14.0,924.862,,,0
2026-07-15 05:00:00,2026-07-15 07:00:00,55.0,54.49,26.22,16.0,91.0,14.0,15.076,,,0
2026-07-15 06:00:00,2026-07-15 08:00:00,54.39,54.0,156.144,18.365,81.315,14.0,91.356,,,0
2026-07-15 07:00:00,2026-07-15 09:00:00,53.607,53.573,112.738,19.845,74.758,14.0,61.796,0.0,0.0,0
2026-07-15 08:00:00,2026-07-15 10:00:00,52.583,52.676,100.29,20.3,73.0,13.361,160.272,0.0,0.0,0
2026-07-15 09:00:00,2026-07-15 11:00:00,52.457,52.431,100.29,20.3,73.0,13.319,51.857,44.111,957.6,1
2026-07-15 10:00:00,2026-07-15 12:00:00,51.117,51.267,100.29,20.3,73.0,11.38,148.118,0.0,0.0,0
2026-07-15 11:00:00,2026-07-15 13:00:00,50.923,51.307,272.346,25.054,49.282,10.45,110.199,87.801,924.8,1
2026-07-15 12:00:00,2026-07-15 14:00:00,50.867,51.267,299.96,25.7,46.0,9.669,111.816,43.717,928.8,1
2026-07-15 13:00:00,2026-07-15 15:00:00,51.31,51.477,308.734,26.886,47.223,8.85,122.656,43.802,941.9,1
2026-07-15 14:00:00,2026-07-15 16:00:00,52.219,51.443,338.24,28.0,45.0,8.633,134.747,43.217,907.9,1
2026-07-15 15:00:00,2026-07-15 17:00:00,53.284,52.14,301.232,27.245,41.657,9.831,132.306,78.105,921.1,1
2026-07-15 16:00:00,2026-07-15 18:00:00,52.94,51.99,266.52,27.3,39.0,10.0,142.651,9.612,905.7,1
2026-07-15 17:00:00,2026-07-15 19:00:00,52.123,51.0,214.47,26.087,44.894,10.0,402.546,0.0,0.0,0
2026-07-15 18:00:00,2026-07-15 20:00:00,52.0,51.0,37.081,22.275,64.486,10.0,512.155,0.0,0.0,0
2026-07-15 19:00:00,2026-07-15 21:00:00,52.0,51.0,3.387,21.264,70.453,10.0,530.744,0.0,0.0,0
2026-07-15 20:00:00,2026-07-15 22:00:00,52.0,51.0,0.13,20.9,71.0,10.0,531.419,0.0,0.0,0
2026-07-15 21:00:00,2026-07-15 23:00:00,52.0,51.0,0.13,20.9,71.0,10.0,531.549,0.0,0.0,0
2026-07-15 22:00:00,2026-07-16 00:00:00,52.0,51.0,0.13,20.9,71.0,10.0,531.679,0.0,0.0,0
2026-07-15 23:00:00,2026-07-16 01:00:00,52.0,51.0,0.13,20.9,71.0,10.0,531.809,0.0,0.0,0
2026-07-16 00:00:00,2026-07-16 02:00:00,52.0,51.0,0.13,20.9,71.0,10.0,531.939,0.0,0.0,0
2026-07-16 01:00:00,2026-07-16 03:00:00,52.0,51.0,0.13,20.9,71.0,10.0,532.069,0.0,0.0,0
2026-07-16 02:00:00,2026-07-16 04:00:00,52.0,51.0,0.13,20.9,71.0,10.0,532.199,0.0,0.0,0
2026-07-16 03:00:00,2026-07-16 05:00:00,52.0,51.0,0.13,20.9,71.0,10.0,532.329,0.0,0.0,0
2026-07-16 04:00:00,2026-07-16 06:00:00,52.0,51.0,0.13,20.9,71.0,10.0,532.459,0.0,0.0,0
2026-07-16 05:00:00,2026-07-16 07:00:00,53.109,51.96,53.794,18.945,81.518,10.0,19.568,44.445,965.1,1
2026-07-16 06:00:00,2026-07-16 08:00:00,52.803,51.36,160.662,19.814,79.44,10.0,114.463,0.0,0.0,0
2026-07-16 07:00:00,2026-07-16 09:00:00,53.388,51.881,170.899,22.074,69.009,10.0,61.16,44.233,933.7,1
2026-07-16 08:00:00,2026-07-16 10:00:00,54.305,52.495,470.19,24.658,58.062,11.07,123.618,88.242,949.0,1
2026-07-16 09:00:00,2026-07-16 11:00:00,55.983,54.083,582.748,26.283,50.526,12.044,139.433,87.27,921.2,1
2026-07-16 10:00:00,2026-07-16 12:00:00,57.01,55.503,695.985,27.654,46.748,13.987,168.486,87.319,925.2,1
2026-07-16 11:00:00,2026-07-16 13:00:00,57.033,55.84,483.659,27.606,47.409,14.8,144.581,86.933,914.4,1
2026-07-16 12:00:00,2026-07-16 14:00:00,57.25,56.01,567.169,28.783,40.914,15.464,157.132,87.466,927.4,1
2026-07-16 13:00:00,2026-07-16 15:00:00,56.967,55.684,287.91,28.734,36.693,16.158,114.049,43.319,911.8,1
2026-07-16 14:00:00,2026-07-16 16:00:00,56.457,55.424,95.33,26.836,42.142,15.377,120.602,0.0,0.0,0
2026-07-16 15:00:00,2026-07-16 17:00:00,56.793,55.567,258.68,26.776,44.44,14.802,122.587,44.173,935.6,1
2026-07-16 16:00:00,2026-07-16 18:00:00,56.007,55.0,202.457,27.607,42.34,14.0,299.479,0.0,0.0,0
2026-07-16 17:00:00,2026-07-16 19:00:00,55.907,54.44,83.081,27.283,43.412,14.0,440.369,0.0,0.0,0
2026-07-16 18:00:00,2026-07-16 20:00:00,55.033,54.0,19.343,26.061,48.498,14.0,489.239,0.0,0.0,0
2026-07-16 19:00:00,2026-07-16 21:00:00,55.0,54.0,0.476,24.167,54.655,14.0,495.73,0.0,0.0,0
2026-07-16 20:00:00,2026-07-16 22:00:00,55.0,54.0,0.0,23.351,61.902,14.0,495.799,0.0,0.0,0
2026-07-16 21:00:00,2026-07-16 23:00:00,,,,,,14.0,495.799,0.0,0.0,0
2026-07-16 22:00:00,2026-07-17 00:00:00,,,,,,14.0,495.799,0.0,0.0,0
2026-07-16 23:00:00,2026-07-17 01:00:00,,,,,,14.0,495.799,0.0,0.0,0
2026-07-17 00:00:00,2026-07-17 02:00:00,,,,,,14.0,495.799,0.0,0.0,0
2026-07-17 01:00:00,2026-07-17 03:00:00,,,,,,14.0,495.799,0.0,0.0,0
2026-07-17 02:00:00,2026-07-17 04:00:00,,,,,,14.0,495.799,0.0,0.0,0
2026-07-17 03:00:00,2026-07-17 05:00:00,,,,,,14.0,495.799,0.0,0.0,0
2026-07-17 04:00:00,2026-07-17 06:00:00,,,,,,14.0,495.799,0.0,0.0,0
2026-07-17 05:00:00,2026-07-17 07:00:00,,,,,,14.0,1.251,44.312,934.9,1
2026-07-17 06:00:00,2026-07-17 08:00:00,,,,,,14.0,0.0,0.0,0.0,0
2026-07-17 07:00:00,2026-07-17 09:00:00,,,,,,14.0,0.0,43.916,934.4,1
2026-07-17 08:00:00,2026-07-17 10:00:00,,,,,,12.93,0.0,0.0,0.0,0
2026-07-17 09:00:00,2026-07-17 11:00:00,,,,,,11.961,0.0,43.635,919.6,1
2026-07-17 10:00:00,2026-07-17 12:00:00,,,,,,10.013,0.0,0.0,0.0,0
2026-07-17 11:00:00,2026-07-17 13:00:00,,,,,,9.136,0.0,43.27,915.1,1
2026-07-17 12:00:00,2026-07-17 14:00:00,,,,,,7.313,0.0,0.0,0.0,0
2026-07-17 13:00:00,2026-07-17 15:00:00,,,,,,6.442,0.0,55.302,920.9,1
2026-07-17 14:00:00,2026-07-17 16:00:00,,,,,,6.0,0.0,0.0,0.0,0
2026-07-17 15:00:00,2026-07-17 17:00:00,,,,,,6.242,0.0,43.985,933.5,1
2026-07-17 16:00:00,2026-07-17 18:00:00,,,,,,6.0,0.0,0.0,0.0,0
2026-07-17 17:00:00,2026-07-17 19:00:00,,,,,,6.0,0.0,0.0,0.0,0
2026-07-17 18:00:00,2026-07-17 20:00:00,,,,,,6.0,0.0,0.0,0.0,0
2026-07-17 19:00:00,2026-07-17 21:00:00,,,,,,6.0,0.0,0.0,0.0,0
2026-07-17 20:00:00,2026-07-17 22:00:00,,,,,,6.0,0.0,0.0,0.0,0
2026-07-17 21:00:00,2026-07-17 23:00:00,,,,,,6.0,0.0,0.0,0.0,0
2026-07-17 22:00:00,2026-07-18 00:00:00,,,,,,6.0,0.0,0.0,0.0,0
2026-07-17 23:00:00,2026-07-18 01:00:00,,,,,,6.0,0.0,0.0,0.0,0
2026-07-18 00:00:00,2026-07-18 02:00:00,,,,,,6.0,0.0,0.0,0.0,0
2026-07-18 01:00:00,2026-07-18 03:00:00,,,,,,6.0,0.0,0.0,0.0,0
2026-07-18 02:00:00,2026-07-18 04:00:00,,,,,,6.0,0.0,0.0,0.0,0
2026-07-18 03:00:00,2026-07-18 05:00:00,,,,,,6.0,0.0,0.0,0.0,0
2026-07-18 04:00:00,2026-07-18 06:00:00,,,,,,6.0,0.0,0.0,0.0,0
2026-07-18 05:00:00,2026-07-18 07:00:00,,,,,,6.008,0.0,43.871,935.9,1
2026-07-18 06:00:00,2026-07-18 08:00:00,,,,,,6.0,0.0,0.0,0.0,0
2026-07-18 07:00:00,2026-07-18 09:00:00,,,,,,6.589,0.0,99.723,944.0,1
2026-07-18 08:00:00,2026-07-18 10:00:00,,,,,,7.0,0.0,0.0,0.0,0
2026-07-18 09:00:00,2026-07-18 11:00:00,,,,,,6.592,0.0,43.988,927.6,1
2026-07-18 10:00:00,2026-07-18 12:00:00,,,,,,7.0,0.0,0.0,0.0,0
2026-07-18 11:00:00,2026-07-18 13:00:00,,,,,,6.592,0.0,43.889,918.3,1
2026-07-18 12:00:00,2026-07-18 14:00:00,,,,,,7.0,0.0,0.0,0.0,0
2026-07-18 13:00:00,2026-07-18 15:00:00,,,,,,6.592,0.0,44.0,920.7,1
2026-07-18 14:00:00,2026-07-18 16:00:00,,,,,,7.0,0.0,0.0,0.0,0
2026-07-18 15:00:00,2026-07-18 17:00:00,,,,,,6.6,0.0,43.871,926.2,1
2026-07-18 16:00:00,2026-07-18 18:00:00,,,,,,7.0,0.0,0.0,0.0,0
2026-07-18 17:00:00,2026-07-18 19:00:00,,,,,,7.0,0.0,0.0,0.0,0
2026-07-18 18:00:00,2026-07-18 20:00:00,,,,,,7.0,0.0,0.0,0.0,0
2026-07-18 19:00:00,2026-07-18 21:00:00,,,,,,7.0,0.0,0.0,0.0,0
2026-07-18 20:00:00,2026-07-18 22:00:00,,,,,,7.0,0.0,0.0,0.0,0
2026-07-18 21:00:00,2026-07-18 23:00:00,,,,,,7.0,0.0,0.0,0.0,0
2026-07-18 22:00:00,2026-07-19 00:00:00,,,,,,7.0,0.0,0.0,0.0,0
2026-07-18 23:00:00,2026-07-19 01:00:00,,,,,,7.0,0.0,0.0,0.0,0
2026-07-19 00:00:00,2026-07-19 02:00:00,,,,,,7.0,0.0,0.0,0.0,0
2026-07-19 01:00:00,2026-07-19 03:00:00,,,,,,7.0,0.0,0.0,0.0,0
2026-07-19 02:00:00,2026-07-19 04:00:00,,,,,,7.0,0.0,0.0,0.0,0
2026-07-19 03:00:00,2026-07-19 05:00:00,,,,,,7.0,0.0,0.0,0.0,0
2026-07-19 04:00:00,2026-07-19 06:00:00,,,,,,7.0,0.0,0.0,0.0,0
2026-07-19 05:00:00,2026-07-19 07:00:00,,,,,,7.0,0.0,55.73,936.1,1
2026-07-19 06:00:00,2026-07-19 08:00:00,,,,,,7.0,0.0,0.0,0.0,0
2026-07-19 07:00:00,2026-07-19 09:00:00,,,,,,6.419,0.0,43.782,926.5,1
2026-07-19 08:00:00,2026-07-19 10:00:00,,,,,,6.0,0.0,0.0,0.0,0
2026-07-19 09:00:00,2026-07-19 11:00:00,,,,,,6.417,0.0,43.948,958.1,1
2026-07-19 10:00:00,2026-07-19 12:00:00,,,,,,6.0,0.0,0.0,0.0,0
2026-07-19 11:00:00,2026-07-19 13:00:00,48.944,45.675,621.625,21.258,49.757,6.624,43.358,132.373,1063.6,1
2026-07-19 12:00:00,2026-07-19 14:00:00,51.395,49.821,665.195,21.614,45.836,8.653,27.537,81.066,908.6,1
2026-07-19 13:00:00,2026-07-19 15:00:00,51.548,49.647,654.694,22.622,42.288,9.361,142.552,86.835,916.6,1
2026-07-19 14:00:00,2026-07-19 16:00:00,53.782,52.45,510.309,22.18,40.565,10.83,151.423,86.848,912.2,1
2026-07-19 15:00:00,2026-07-19 17:00:00,55.082,53.482,420.902,22.138,39.201,12.017,140.936,43.174,908.6,1
2026-07-19 16:00:00,2026-07-19 18:00:00,56.885,56.634,236.62,21.301,40.41,12.0,339.129,0.0,0.0,0
2026-07-19 17:00:00,2026-07-19 19:00:00,55.634,55.701,51.959,19.826,43.397,12.0,483.461,0.0,0.0,0
2026-07-19 18:00:00,2026-07-19 20:00:00,55.0,55.017,21.803,18.41,48.11,12.0,518.007,0.0,0.0,0
2026-07-19 19:00:00,2026-07-19 21:00:00,55.0,55.0,1.627,16.48,53.163,12.0,528.016,0.0,0.0,0
2026-07-19 20:00:00,2026-07-19 22:00:00,55.0,55.0,0.0,14.82,57.696,12.0,528.315,0.0,0.0,0
2026-07-19 21:00:00,2026-07-19 23:00:00,55.0,55.0,0.0,13.272,65.207,12.0,528.315,0.0,0.0,0
2026-07-19 22:00:00,2026-07-20 00:00:00,55.0,55.0,0.0,11.92,74.29,12.0,528.315,0.0,0.0,0
2026-07-19 23:00:00,2026-07-20 01:00:00,55.0,55.0,0.0,10.679,79.634,12.0,528.315,0.0,0.0,0
2026-07-20 00:00:00,2026-07-20 02:00:00,55.0,55.049,0.0,10.166,81.696,12.0,528.315,0.0,0.0,0
2026-07-20 01:00:00,2026-07-20 03:00:00,55.0,55.034,0.0,9.571,84.729,12.0,528.315,0.0,0.0,0
2026-07-20 02:00:00,2026-07-20 04:00:00,55.0,55.083,0.003,8.465,89.399,12.0,528.315,0.0,0.0,0
2026-07-20 03:00:00,2026-07-20 05:00:00,55.0,55.316,3.026,8.097,89.949,12.0,528.943,0.0,0.0,0
2026-07-20 04:00:00,2026-07-20 06:00:00,55.0,55.701,25.867,8.787,88.171,12.0,541.167,0.0,0.0,0
2026-07-20 05:00:00,2026-07-20 07:00:00,56.049,56.832,89.653,12.228,77.04,12.008,36.962,44.559,947.9,1
2026-07-20 06:00:00,2026-07-20 08:00:00,56.266,56.282,153.753,14.876,60.474,12.0,164.415,0.0,0.0,0
2026-07-20 07:00:00,2026-07-20 09:00:00,56.184,56.384,143.84,15.946,55.155,12.008,50.082,44.071,953.9,1
2026-07-20 08:00:00,2026-07-20 10:00:00,56.748,56.731,468.991,18.028,49.94,12.941,126.513,87.711,928.6,1
2026-07-20 09:00:00,2026-07-20 11:00:00,57.102,57.134,511.908,19.186,46.048,13.883,137.316,87.27,922.4,1
2026-07-20 10:00:00,2026-07-20 12:00:00,57.232,57.117,627.488,20.157,44.756,15.816,157.468,87.176,948.8,1
2026-07-20 11:00:00,2026-07-20 13:00:00,57.299,57.166,685.428,20.846,41.468,16.667,176.213,87.252,919.4,1
2026-07-20 12:00:00,2026-07-20 14:00:00,57.367,57.184,628.583,21.499,39.684,16.166,164.484,86.999,919.4,1
2026-07-20 13:00:00,2026-07-20 15:00:00,57.283,57.183,607.233,21.555,37.387,16.912,125.962,86.522,950.5,1
2026-07-20 14:00:00,2026-07-20 16:00:00,57.267,57.132,568.533,21.749,36.262,17.075,147.319,87.207,920.7,1
2026-07-20 15:00:00,2026-07-20 17:00:00,57.267,57.217,416.719,21.514,36.569,17.166,141.345,79.364,949.9,1
2026-07-20 16:00:00,2026-07-20 18:00:00,56.519,57.018,237.755,20.413,38.448,18.0,151.309,7.834,895.8,1
2026-07-20 17:00:00,2026-07-20 19:00:00,56.0,57.0,77.859,19.004,41.017,18.0,295.574,0.0,0.0,0
2026-07-20 18:00:00,2026-07-20 20:00:00,56.0,56.801,26.72,18.0,41.446,18.0,347.23,0.0,0.0,0
2026-07-20 19:00:00,2026-07-20 21:00:00,56.0,56.017,3.327,16.535,44.93,18.0,359.705,0.0,0.0,0
2026-07-20 20:00:00,2026-07-20 22:00:00,56.0,56.0,0.008,15.282,49.59,18.0,360.501,0.0,0.0,0
2026-07-20 21:00:00,2026-07-20 23:00:00,56.0,56.0,0.0,12.881,58.171,18.0,360.505,0.0,0.0,0
2026-07-20 22:00:00,2026-07-21 00:00:00,56.0,56.017,0.0,13.34,56.731,18.0,360.505,0.0,0.0,0
2026-07-20 23:00:00,2026-07-21 01:00:00,56.0,56.0,0.0,11.811,69.781,18.0,360.505,0.0,0.0,0
2026-07-21 00:00:00,2026-07-21 02:00:00,56.0,56.0,0.0,10.706,77.277,18.0,360.505,0.0,0.0,0
2026-07-21 01:00:00,2026-07-21 03:00:00,56.0,56.0,0.0,10.058,81.833,18.0,360.505,0.0,0.0,0
2026-07-21 02:00:00,2026-07-21 04:00:00,55.9,56.05,0.002,8.234,87.063,18.0,360.505,0.0,0.0,0
2026-07-21 03:00:00,2026-07-21 05:00:00,55.7,56.083,2.564,8.335,89.566,18.0,361.004,0.0,0.0,0
2026-07-21 04:00:00,2026-07-21 06:00:00,55.618,56.167,24.668,9.132,87.471,18.0,372.449,0.0,0.0,0
2026-07-21 05:00:00,2026-07-21 07:00:00,56.948,57.932,84.039,12.262,77.478,18.0,34.24,44.585,948.0,1
2026-07-21 06:00:00,2026-07-21 08:00:00,56.55,57.415,196.897,15.028,68.657,18.125,141.236,44.061,936.3,1
2026-07-21 07:00:00,2026-07-21 09:00:00,56.549,57.399,156.808,16.053,65.372,18.009,81.823,0.0,0.0,0
2026-07-21 08:00:00,2026-07-21 10:00:00,57.284,57.835,364.203,17.505,59.419,17.992,134.588,87.96,930.8,1
2026-07-21 09:00:00,2026-07-21 11:00:00,57.434,58.132,383.806,18.157,56.552,17.717,105.808,56.935,914.3,1
2026-07-21 10:00:00,2026-07-21 12:00:00,57.799,58.233,560.934,19.586,50.823,17.408,150.462,87.599,953.4,1
2026-07-21 11:00:00,2026-07-21 13:00:00,57.283,57.982,287.021,19.443,47.566,16.975,137.25,43.5,914.2,1
2026-07-21 12:00:00,2026-07-21 14:00:00,57.168,57.934,278.62,19.809,47.884,16.084,128.541,43.715,921.3,1
2026-07-21 13:00:00,2026-07-21 15:00:00,57.183,57.968,275.03,20.3,47.0,15.183,124.999,79.87,932.6,1
2026-07-21 14:00:00,2026-07-21 16:00:00,57.182,57.816,275.03,20.3,47.0,14.225,116.308,51.31,915.2,1
2026-07-21 15:00:00,2026-07-21 17:00:00,57.118,57.783,214.764,20.483,43.704,13.267,164.286,0.0,0.0,0
2026-07-21 16:00:00,2026-07-21 18:00:00,56.584,57.551,195.036,20.819,41.134,12.0,379.308,0.0,0.0,0
2026-07-21 17:00:00,2026-07-21 19:00:00,56.0,57.0,55.132,19.833,43.347,12.0,472.008,0.0,0.0,0
2026-07-21 18:00:00,2026-07-21 20:00:00,56.0,57.0,49.61,20.0,45.0,12.0,523.734,0.0,0.0,0
2026-07-21 19:00:00,2026-07-21 21:00:00,56.0,57.0,49.61,20.0,45.0,12.0,573.344,0.0,0.0,0
2026-07-21 20:00:00,2026-07-21 22:00:00,56.0,57.0,49.61,20.0,45.0,12.0,622.954,0.0,0.0,0
2026-07-21 21:00:00,2026-07-21 23:00:00,56.0,57.0,49.61,20.0,45.0,12.0,672.564,0.0,0.0,0
2026-07-21 22:00:00,2026-07-22 00:00:00,56.0,57.0,49.61,20.0,45.0,12.0,722.174,0.0,0.0,0
2026-07-21 23:00:00,2026-07-22 01:00:00,56.0,57.0,49.61,20.0,45.0,12.0,771.784,0.0,0.0,0
2026-07-22 00:00:00,2026-07-22 02:00:00,56.0,57.0,49.61,20.0,45.0,12.0,821.394,0.0,0.0,0
2026-07-22 01:00:00,2026-07-22 03:00:00,56.0,57.0,49.61,20.0,45.0,12.0,871.004,0.0,0.0,0
2026-07-22 02:00:00,2026-07-22 04:00:00,56.0,57.0,49.61,20.0,45.0,12.0,920.614,0.0,0.0,0
2026-07-22 03:00:00,2026-07-22 05:00:00,56.0,57.0,49.61,20.0,45.0,12.0,970.224,0.0,0.0,0
2026-07-22 04:00:00,2026-07-22 06:00:00,56.0,57.0,49.61,20.0,45.0,12.0,1019.834,0.0,0.0,0
2026-07-22 05:00:00,2026-07-22 07:00:00,57.132,58.465,39.337,10.827,84.588,12.0,20.051,44.094,941.1,1
2026-07-22 06:00:00,2026-07-22 08:00:00,56.618,57.951,104.38,12.916,76.469,11.875,71.723,0.0,0.0,0
2026-07-22 07:00:00,2026-07-22 09:00:00,57.282,58.416,185.187,17.912,58.295,11.991,80.217,43.94,933.6,1
2026-07-22 08:00:00,2026-07-22 10:00:00,57.732,58.699,467.849,21.63,43.796,12.192,123.961,87.964,953.3,1
2026-07-22 09:00:00,2026-07-22 11:00:00,57.65,58.65,452.665,22.103,39.317,12.083,158.264,87.6,923.7,1
2026-07-22 10:00:00,2026-07-22 12:00:00,57.717,58.7,623.942,23.489,36.402,12.425,150.955,87.726,926.0,1
2026-07-22 11:00:00,2026-07-22 13:00:00,57.432,58.416,520.623,23.946,34.921,12.883,127.733,87.505,921.0,1
2026-07-22 12:00:00,2026-07-22 14:00:00,57.601,58.484,659.852,24.955,33.168,13.791,148.786,88.181,926.3,1
2026-07-22 13:00:00,2026-07-22 15:00:00,57.366,58.25,359.887,24.375,34.095,14.5,112.584,43.619,917.3,1
2026-07-22 14:00:00,2026-07-22 16:00:00,57.118,58.051,258.412,23.767,35.899,14.483,131.134,43.716,918.5,1
2026-07-22 15:00:00,2026-07-22 17:00:00,57.067,58.1,307.778,23.487,39.963,14.65,144.762,43.933,921.8,1
2026-07-22 16:00:00,2026-07-22 18:00:00,56.101,57.368,160.819,22.199,44.329,15.0,300.633,0.0,0.0,0
2026-07-22 17:00:00,2026-07-22 19:00:00,56.0,57.0,82.87,20.51,48.631,15.0,418.755,0.0,0.0,0
2026-07-22 18:00:00,2026-07-22 20:00:00,56.0,57.0,27.716,18.767,52.131,15.0,475.99,0.0,0.0,0
2026-07-22 19:00:00,2026-07-22 21:00:00,56.0,57.0,0.982,16.825,55.378,15.0,485.658,0.0,0.0,0
2026-07-22 20:00:00,2026-07-22 22:00:00,56.0,57.0,0.0,15.744,59.214,15.0,485.827,0.0,0.0,0
2026-07-22 21:00:00,2026-07-22 23:00:00,56.0,57.0,0.0,15.051,63.012,15.0,485.827,0.0,0.0,0
2026-07-22 22:00:00,2026-07-23 00:00:00,56.0,57.0,0.0,13.708,68.478,15.0,485.827,0.0,0.0,0
2026-07-22 23:00:00,2026-07-23 01:00:00,56.0,57.0,0.0,13.148,71.399,15.0,485.827,0.0,0.0,0
2026-07-23 00:00:00,2026-07-23 02:00:00,56.0,57.0,0.0,12.643,74.528,15.0,485.827,0.0,0.0,0
2026-07-23 01:00:00,2026-07-23 03:00:00,56.0,57.0,0.0,11.901,78.665,15.0,485.827,0.0,0.0,0
2026-07-23 02:00:00,2026-07-23 04:00:00,56.0,57.0,0.001,11.216,82.296,15.0,485.827,0.0,0.0,0
2026-07-23 03:00:00,2026-07-23 05:00:00,56.0,57.0,1.475,11.246,84.933,15.0,486.143,0.0,0.0,0
2026-07-23 04:00:00,2026-07-23 06:00:00,56.0,57.0,23.568,12.69,83.334,15.0,494.576,0.0,0.0,0
2026-07-23 05:00:00,2026-07-23 07:00:00,57.015,58.015,79.789,14.015,79.955,15.0,34.39,44.32,941.3,1
2026-07-23 06:00:00,2026-07-23 08:00:00,56.351,57.95,118.731,14.756,75.589,15.0,133.925,0.0,0.0,0
2026-07-23 07:00:00,2026-07-23 09:00:00,57.216,58.5,159.081,15.516,69.54,15.0,77.556,49.694,926.9,1
2026-07-23 08:00:00,2026-07-23 10:00:00,57.317,58.517,223.035,16.428,62.221,14.392,124.276,43.659,957.3,1
2026-07-23 09:00:00,2026-07-23 11:00:00,57.782,58.85,376.17,17.573,57.493,14.017,147.802,57.223,920.5,1
2026-07-23 10:00:00,2026-07-23 12:00:00,57.617,58.632,338.454,18.661,50.453,13.625,95.689,73.634,919.1,1
2026-07-23 11:00:00,2026-07-23 13:00:00,57.768,58.933,538.811,19.747,46.654,13.092,144.642,147.847,938.7,1
2026-07-23 12:00:00,2026-07-23 14:00:00,57.899,59.017,500.076,20.417,44.033,12.851,146.168,43.537,912.1,1
2026-07-23 13:00:00,2026-07-23 15:00:00,57.933,59.017,636.378,21.372,41.453,12.94,165.216,87.204,914.2,1
2026-07-23 14:00:00,2026-07-23 16:00:00,57.751,58.984,433.306,21.306,40.331,13.807,110.67,92.241,950.8,1
2026-07-23 15:00:00,2026-07-23 17:00:00,57.549,58.749,311.321,20.701,41.484,13.966,120.332,43.937,926.2,1
2026-07-23 16:00:00,2026-07-23 18:00:00,57.168,58.401,215.722,20.414,42.483,14.0,283.98,0.0,0.0,0
2026-07-23 17:00:00,2026-07-23 19:00:00,56.401,58.0,59.017,19.649,40.883,14.0,413.37,0.0,0.0,0
2026-07-23 18:00:00,2026-07-23 20:00:00,56.067,58.0,21.763,18.561,43.231,14.0,452.832,0.0,0.0,0
2026-07-23 19:00:00,2026-07-23 21:00:00,56.0,58.0,1.168,16.903,47.929,14.0,461.79,0.0,0.0,0
2026-07-23 20:00:00,2026-07-23 22:00:00,56.0,58.0,0.0,14.643,55.256,14.0,461.981,0.0,0.0,0
2026-07-23 21:00:00,2026-07-23 23:00:00,56.0,58.0,0.0,12.197,67.023,14.0,461.981,0.0,0.0,0
2026-07-23 22:00:00,2026-07-24 00:00:00,56.0,58.0,0.0,11.333,70.267,14.0,461.981,0.0,0.0,0
2026-07-23 23:00:00,2026-07-24 01:00:00,56.0,58.0,0.0,9.657,78.572,14.0,461.981,0.0,0.0,0
2026-07-24 00:00:00,2026-07-24 02:00:00,56.0,58.0,0.0,8.687,82.881,14.0,461.981,0.0,0.0,0
2026-07-24 01:00:00,2026-07-24 03:00:00,56.0,58.0,0.0,8.021,85.664,14.0,461.981,0.0,0.0,0
2026-07-24 02:00:00,2026-07-24 04:00:00,56.0,58.0,0.001,7.187,89.098,14.0,461.981,0.0,0.0,0
2026-07-24 03:00:00,2026-07-24 05:00:00,56.0,58.0,2.087,7.13,89.565,14.0,462.395,0.0,0.0,0
2026-07-24 04:00:00,2026-07-24 06:00:00,56.0,58.0,23.441,7.503,89.142,14.0,472.384,0.0,0.0,0
2026-07-24 05:00:00,2026-07-24 07:00:00,57.666,58.982,76.982,10.94,77.129,14.0,31.723,44.221,945.5,1
2026-07-24 06:00:00,2026-07-24 08:00:00,57.149,59.099,143.509,14.301,65.744,14.0,149.192,0.0,0.0,0
2026-07-24 07:00:00,2026-07-24 09:00:00,57.534,59.001,110.554,17.03,56.148,14.0,39.313,43.852,932.1,1
2026-07-24 08:00:00,2026-07-24 10:00:00,57.832,58.983,466.958,20.787,44.151,14.29,128.313,87.521,968.4,1
2026-07-24 09:00:00,2026-07-24 11:00:00,58.167,59.15,571.735,22.173,40.854,15.074,139.189,86.709,917.9,1
2026-07-24 10:00:00,2026-07-24 12:00:00,58.117,59.25,655.313,22.922,37.721,15.465,160.38,87.246,924.6,1
2026-07-24 11:00:00,2026-07-24 13:00:00,58.233,59.3,695.569,23.634,35.353,15.991,172.323,87.353,915.9,1
2026-07-24 12:00:00,2026-07-24 14:00:00,58.133,59.183,694.066,24.506,32.034,16.207,176.236,87.381,921.1,1
2026-07-24 13:00:00,2026-07-24 15:00:00,58.183,59.183,646.395,25.292,30.203,16.233,163.934,87.136,938.2,1
2026-07-24 14:00:00,2026-07-24 16:00:00,58.067,59.15,555.242,25.841,28.917,16.241,142.543,87.604,947.1,1
2026-07-24 15:00:00,2026-07-24 17:00:00,58.0,59.083,426.428,25.64,29.101,16.925,124.919,44.629,938.7,1
2026-07-24 16:00:00,2026-07-24 18:00:00,57.018,58.651,250.616,25.824,28.348,17.0,358.384,0.0,0.0,0
2026-07-24 17:00:00,2026-07-24 19:00:00,56.2,58.0,45.187,24.204,31.332,17.0,485.657,0.0,0.0,0
2026-07-24 18:00:00,2026-07-24 20:00:00,56.0,58.0,16.296,22.733,34.681,17.0,515.546,0.0,0.0,0
2026-07-24 19:00:00,2026-07-24 21:00:00,56.0,58.0,0.753,21.283,37.498,17.0,521.854,0.0,0.0,0
2026-07-24 20:00:00,2026-07-24 22:00:00,56.0,58.0,0.0,19.739,41.243,17.0,521.975,0.0,0.0,0
2026-07-24 21:00:00,2026-07-24 23:00:00,56.0,58.0,0.0,17.355,50.061,17.0,521.975,0.0,0.0,0
2026-07-24 22:00:00,2026-07-25 00:00:00,56.0,58.0,0.0,16.658,52.597,17.0,521.975,0.0,0.0,0
2026-07-24 23:00:00,2026-07-25 01:00:00,56.0,58.0,0.0,15.18,60.657,17.0,521.975,0.0,0.0,0
2026-07-25 00:00:00,2026-07-25 02:00:00,56.0,58.0,0.0,13.399,66.498,17.0,521.975,0.0,0.0,0
2026-07-25 01:00:00,2026-07-25 03:00:00,56.0,58.0,0.0,13.029,68.525,17.0,521.975,0.0,0.0,0
2026-07-25 02:00:00,2026-07-25 04:00:00,56.0,58.0,0.001,12.423,76.465,17.0,521.975,0.0,0.0,0
2026-07-25 03:00:00,2026-07-25 05:00:00,56.0,58.0,2.457,11.738,77.281,17.0,522.424,0.0,0.0,0
2026-07-25 04:00:00,2026-07-25 06:00:00,56.0,58.0,27.219,12.406,76.141,17.0,535.084,0.0,0.0,0
2026-07-25 05:00:00,2026-07-25 07:00:00,57.216,58.966,66.108,14.54,67.363,17.0,29.8,44.709,947.1,1
2026-07-25 06:00:00,2026-07-25 08:00:00,56.884,58.651,131.327,17.501,54.762,17.0,130.621,0.0,0.0,0
2026-07-25 07:00:00,2026-07-25 09:00:00,57.299,58.783,182.058,21.026,46.224,17.0,70.616,44.726,968.4,1
2026-07-25 08:00:00,2026-07-25 10:00:00,57.599,58.999,350.248,23.963,35.61,17.05,131.162,47.935,940.6,1
2026-07-25 09:00:00,2026-07-25 11:00:00,57.967,59.15,579.36,26.514,28.404,16.9,136.976,25.311,273.7,1
2026-07-25 10:00:00,2026-07-25 12:00:00,58.133,59.117,655.219,27.886,25.685,16.883,163.834,25.097,268.2,1
2026-07-25 11:00:00,2026-07-25 13:00:00,58.133,59.167,690.228,29.163,24.767,16.867,174.983,22.391,269.1,1
2026-07-25 12:00:00,2026-07-25 14:00:00,58.1,59.167,683.21,30.247,22.705,16.892,169.106,25.308,275.4,1
2026-07-25 13:00:00,2026-07-25 15:00:00,58.017,59.1,638.27,32.041,18.569,16.892,164.215,21.061,268.5,1
2026-07-25 14:00:00,2026-07-25 16:00:00,57.683,59.067,539.353,32.402,17.717,16.892,137.92,23.583,278.9,1
2026-07-25 15:00:00,2026-07-25 17:00:00,57.567,58.933,399.717,31.789,18.882,16.892,108.975,22.293,281.2,1
2026-07-25 16:00:00,2026-07-25 18:00:00,56.869,58.334,220.527,30.448,19.832,17.0,281.993,0.0,0.0,0
2026-07-25 17:00:00,2026-07-25 19:00:00,56.0,57.933,60.671,27.891,21.348,17.0,407.151,0.0,0.0,0
2026-07-25 18:00:00,2026-07-25 20:00:00,56.0,57.068,9.123,26.214,22.066,17.0,439.516,0.0,0.0,0
2026-07-25 19:00:00,2026-07-25 21:00:00,56.0,57.0,0.447,24.88,24.564,17.0,442.732,0.0,0.0,0
2026-07-25 20:00:00,2026-07-25 22:00:00,56.0,57.0,0.0,22.186,34.959,17.0,442.793,0.0,0.0,0
2026-07-25 21:00:00,2026-07-25 23:00:00,56.0,57.0,0.0,20.338,40.787,17.0,442.793,0.0,0.0,0
2026-07-25 22:00:00,2026-07-26 00:00:00,55.983,57.0,0.0,18.031,47.482,17.0,442.793,0.0,0.0,0
2026-07-25 23:00:00,2026-07-26 01:00:00,55.9,57.0,0.0,17.647,49.718,17.0,442.793,0.0,0.0,0
2026-07-26 00:00:00,2026-07-26 02:00:00,55.818,57.0,0.0,16.478,52.792,17.0,442.793,0.0,0.0,0
2026-07-26 01:00:00,2026-07-26 03:00:00,55.916,57.0,0.0,15.256,59.947,17.0,442.793,0.0,0.0,0
2026-07-26 02:00:00,2026-07-26 04:00:00,55.617,57.0,0.0,15.01,60.768,17.0,442.793,0.0,0.0,0
2026-07-26 03:00:00,2026-07-26 05:00:00,55.451,57.0,1.746,14.643,61.476,17.0,443.117,0.0,0.0,0
2026-07-26 04:00:00,2026-07-26 06:00:00,55.2,57.0,24.488,14.435,63.654,17.0,453.481,0.0,0.0,0
2026-07-26 05:00:00,2026-07-26 07:00:00,56.832,58.049,75.818,16.979,55.81,17.0,34.146,20.208,474.1,1
2026-07-26 06:00:00,2026-07-26 08:00:00,56.2,57.867,128.968,20.372,49.138,17.0,137.185,0.0,0.0,0
2026-07-26 07:00:00,2026-07-26 09:00:00,56.85,58.251,167.358,22.46,47.156,17.0,70.98,15.478,402.3,1
2026-07-26 08:00:00,2026-07-26 10:00:00,57.299,58.398,380.084,24.967,41.57,17.032,128.457,26.105,335.1,1
2026-07-26 09:00:00,2026-07-26 11:00:00,57.649,58.883,509.666,26.37,39.036,16.908,136.228,20.002,274.1,1
2026-07-26 10:00:00,2026-07-26 12:00:00,57.866,59.082,602.135,27.518,36.285,16.917,152.898,20.829,275.9,1
2026-07-26 11:00:00,2026-07-26 13:00:00,57.834,59.084,580.969,28.03,34.002,16.919,149.318,22.078,283.6,1
2026-07-26 12:00:00,2026-07-26 14:00:00,57.767,59.083,605.418,28.583,32.353,16.917,148.919,25.519,279.8,1
2026-07-26 13:00:00,2026-07-26 15:00:00,57.768,58.983,548.086,28.847,29.985,16.932,138.993,25.146,281.8,1
2026-07-26 14:00:00,2026-07-26 16:00:00,57.516,58.932,467.454,29.109,29.331,16.923,116.575,25.246,280.1,1
2026-07-26 15:00:00,2026-07-26 17:00:00,57.468,58.968,377.368,29.095,29.984,16.656,121.094,25.602,291.7,1
2026-07-26 16:00:00,2026-07-26 18:00:00,57.333,58.784,216.597,28.275,28.868,17.0,197.064,0.0,0.0,0
2026-07-26 17:00:00,2026-07-26 19:00:00,56.084,58.0,73.616,26.737,29.78,17.0,332.345,0.0,0.0,0
2026-07-26 18:00:00,2026-07-26 20:00:00,56.0,58.0,11.999,23.854,40.266,17.0,369.884,0.0,0.0,0
2026-07-26 19:00:00,2026-07-26 21:00:00,56.0,58.0,0.458,22.268,45.883,17.0,374.513,0.0,0.0,0
2026-07-26 20:00:00,2026-07-26 22:00:00,56.0,58.0,0.0,21.852,49.98,17.0,374.603,0.0,0.0,0
2026-07-26 21:00:00,2026-07-26 23:00:00,56.0,58.0,0.0,21.567,53.463,17.0,374.603,0.0,0.0,0
2026-07-26 22:00:00,2026-07-27 00:00:00,56.0,57.883,0.0,20.595,58.659,17.0,374.603,0.0,0.0,0
2026-07-26 23:00:00,2026-07-27 01:00:00,56.0,57.301,0.0,19.527,64.697,17.0,374.603,0.0,0.0,0
2026-07-27 00:00:00,2026-07-27 02:00:00,56.0,57.2,0.0,19.172,66.1,17.0,374.603,0.0,0.0,0
2026-07-27 01:00:00,2026-07-27 03:00:00,56.0,57.0,0.0,19.578,65.483,17.0,374.603,0.0,0.0,0
2026-07-27 02:00:00,2026-07-27 04:00:00,56.0,57.0,0.0,19.226,66.681,17.0,374.603,0.0,0.0,0
2026-07-27 03:00:00,2026-07-27 05:00:00,56.0,57.0,0.51,17.641,76.898,17.0,374.696,0.0,0.0,0
2026-07-27 04:00:00,2026-07-27 06:00:00,56.0,57.0,19.649,15.425,88.466,17.0,381.599,0.0,0.0,0
2026-07-27 05:00:00,2026-07-27 07:00:00,56.982,58.898,55.24,16.172,88.185,17.0,27.679,12.579,273.3,1
2026-07-27 06:00:00,2026-07-27 08:00:00,56.718,58.101,117.74,17.341,83.091,17.0,114.488,0.0,0.0,0
2026-07-27 07:00:00,2026-07-27 09:00:00,57.432,58.966,193.097,19.052,71.814,17.0,80.886,12.539,272.7,1
2026-07-27 08:00:00,2026-07-27 10:00:00,57.715,59.15,249.699,20.829,60.458,16.903,130.848,12.686,269.6,1
2026-07-27 09:00:00,2026-07-27 11:00:00,57.368,59.0,128.09,19.795,61.495,15.912,128.199,12.806,272.4,1
2026-07-27 10:00:00,2026-07-27 12:00:00,56.534,58.468,281.884,20.887,58.707,14.465,225.449,0.0,0.0,0
2026-07-27 11:00:00,2026-07-27 13:00:00,56.0,57.568,459.901,22.444,49.806,12.495,559.432,0.0,0.0,0
2026-07-27 12:00:00,2026-07-27 14:00:00,54.984,56.534,374.292,22.912,47.285,10.506,1004.835,0.0,0.0,0
2026-07-27 13:00:00,2026-07-27 15:00:00,54.001,55.701,402.932,23.236,44.537,8.531,1378.574,0.0,0.0,0
2026-07-27 14:00:00,2026-07-27 16:00:00,53.168,54.651,289.487,23.667,41.734,6.548,1756.463,0.0,0.0,0
2026-07-27 15:00:00,2026-07-27 17:00:00,52.934,54.0,196.471,23.508,41.803,4.923,1969.257,0.0,0.0,0
2026-07-27 16:00:00,2026-07-27 18:00:00,52.017,53.918,156.779,23.328,41.779,4.0,2155.728,0.0,0.0,0
2026-07-27 17:00:00,2026-07-27 19:00:00,52.017,53.0,69.397,22.217,46.065,4.0,2265.527,0.0,0.0,0
2026-07-27 18:00:00,2026-07-27 20:00:00,52.0,53.0,18.963,20.862,48.096,4.0,2307.787,0.0,0.0,0
2026-07-27 19:00:00,2026-07-27 21:00:00,52.0,53.0,0.815,19.037,54.077,4.0,2315.275,0.0,0.0,0
2026-07-27 20:00:00,2026-07-27 22:00:00,52.0,53.0,0.0,16.931,62.84,4.0,2315.396,0.0,0.0,0
2026-07-27 21:00:00,2026-07-27 23:00:00,52.0,53.0,0.0,15.152,71.014,4.0,2315.396,0.0,0.0,0
2026-07-27 22:00:00,2026-07-28 00:00:00,52.0,53.0,0.0,14.863,70.846,4.0,2315.396,0.0,0.0,0
2026-07-27 23:00:00,2026-07-28 01:00:00,52.0,53.0,0.0,13.136,78.345,4.0,2315.396,0.0,0.0,0
2026-07-28 00:00:00,2026-07-28 02:00:00,52.0,53.0,0.0,13.368,77.985,4.0,2315.396,0.0,0.0,0
2026-07-28 01:00:00,2026-07-28 03:00:00,52.0,53.0,0.0,12.849,78.896,4.0,2315.396,0.0,0.0,0
2026-07-28 02:00:00,2026-07-28 04:00:00,52.0,53.0,0.0,11.341,86.027,4.0,2315.396,0.0,0.0,0
2026-07-28 03:00:00,2026-07-28 05:00:00,52.0,53.0,1.441,11.351,87.22,4.0,2315.632,0.0,0.0,0
2026-07-28 04:00:00,2026-07-28 06:00:00,52.0,53.0,24.116,12.007,84.871,4.0,2326.078,0.0,0.0,0
2026-07-28 05:00:00,2026-07-28 07:00:00,52.0,53.0,75.091,14.928,73.228,3.003,2372.22,0.0,0.0,0
2026-07-28 06:00:00,2026-07-28 08:00:00,51.983,52.351,104.123,17.515,66.988,3.0,2475.494,0.0,0.0,0
2026-07-28 07:00:00,2026-07-28 09:00:00,51.084,51.818,127.41,19.765,56.415,2.531,1232.623,8.3,931.4,1
2026-07-28 08:00:00,2026-07-28 10:00:00,52.165,52.181,453.831,22.589,45.525,3.792,100.499,97.002,1663.0,1
2026-07-28 09:00:00,2026-07-28 11:00:00,53.531,52.999,565.998,24.052,42.399,5.608,135.737,57.256,916.5,1
2026-07-28 10:00:00,2026-07-28 12:00:00,54.517,53.9,646.241,24.519,40.435,7.057,156.644,63.256,924.5,1
2026-07-28 11:00:00,2026-07-28 13:00:00,55.749,54.832,690.102,25.66,37.489,9.032,169.625,57.618,960.3,1
2026-07-28 12:00:00,2026-07-28 14:00:00,56.316,55.948,690.723,26.671,34.868,11.015,172.031,57.226,917.7,1
2026-07-28 13:00:00,2026-07-28 15:00:00,56.683,56.367,646.257,27.926,32.534,12.99,165.099,57.477,918.8,1
2026-07-28 14:00:00,2026-07-28 16:00:00,56.617,57.066,554.361,27.867,32.984,14.965,143.337,57.825,920.5,1
2026-07-28 15:00:00,2026-07-28 17:00:00,56.6,57.151,425.093,28.246,32.418,16.84,131.13,57.741,922.3,1
2026-07-28 16:00:00,2026-07-28 18:00:00,56.118,57.0,243.401,27.973,32.814,18.0,186.79,0.0,0.0,0
2026-07-28 17:00:00,2026-07-28 19:00:00,55.818,57.0,39.239,26.809,34.367,18.0,306.979,0.0,0.0,0
2026-07-28 18:00:00,2026-07-28 20:00:00,55.0,56.9,16.559,25.581,37.78,18.0,334.715,0.0,0.0,0
2026-07-28 19:00:00,2026-07-28 21:00:00,55.0,56.068,0.686,23.969,41.146,18.0,341.516,0.0,0.0,0
2026-07-28 20:00:00,2026-07-28 22:00:00,55.0,56.0,0.0,22.741,43.416,18.0,341.618,0.0,0.0,0
2026-07-28 21:00:00,2026-07-28 23:00:00,55.0,56.0,0.0,20.675,49.208,18.0,341.618,0.0,0.0,0
2026-07-28 22:00:00,2026-07-29 00:00:00,55.0,56.0,0.0,18.669,55.349,18.0,341.618,0.0,0.0,0
2026-07-28 23:00:00,2026-07-29 01:00:00,55.0,56.0,0.0,19.004,53.55,18.0,341.618,0.0,0.0,0
2026-07-29 00:00:00,2026-07-29 02:00:00,55.0,56.0,0.0,17.337,59.84,18.0,341.618,0.0,0.0,0
2026-07-29 01:00:00,2026-07-29 03:00:00,55.0,56.0,0.0,15.987,68.228,18.0,341.618,0.0,0.0,0
2026-07-29 02:00:00,2026-07-29 04:00:00,55.0,56.0,0.0,14.961,71.298,18.0,341.618,0.0,0.0,0
2026-07-29 03:00:00,2026-07-29 05:00:00,55.0,56.0,1.685,14.008,74.98,18.0,341.903,0.0,0.0,0
2026-07-29 04:00:00,2026-07-29 06:00:00,55.0,56.0,20.915,15.644,68.794,18.0,351.335,0.0,0.0,0
2026-07-29 05:00:00,2026-07-29 07:00:00,55.882,56.966,70.435,18.134,63.111,18.999,29.067,42.513,940.6,1
2026-07-29 06:00:00,2026-07-29 08:00:00,55.134,56.384,102.448,21.115,51.935,19.0,130.062,0.0,0.0,0
2026-07-29 07:00:00,2026-07-29 09:00:00,55.3,56.35,115.404,23.555,47.56,19.475,36.414,28.925,926.3,1
2026-07-29 08:00:00,2026-07-29 10:00:00,55.333,56.117,449.653,26.954,39.272,18.234,129.11,57.572,923.2,1
2026-07-29 09:00:00,2026-07-29 11:00:00,55.966,56.382,562.183,29.041,34.902,17.658,137.455,58.121,927.4,1
2026-07-29 10:00:00,2026-07-29 12:00:00,56.467,56.85,638.597,30.654,31.636,17.642,156.65,57.619,924.6,1
2026-07-29 11:00:00,2026-07-29 13:00:00,56.533,57.133,678.333,32.027,29.003,17.642,170.655,62.903,920.9,1
2026-07-29 12:00:00,2026-07-29 14:00:00,56.666,57.499,676.005,33.357,27.8,17.633,172.037,57.435,919.0,1
2026-07-29 13:00:00,2026-07-29 15:00:00,56.351,57.368,536.077,33.743,29.398,17.575,154.058,56.659,915.9,1
2026-07-29 14:00:00,2026-07-29 16:00:00,56.25,57.382,442.184,34.015,29.95,17.559,123.36,29.253,932.5,1
2026-07-29 15:00:00,2026-07-29 17:00:00,56.132,57.183,387.479,34.117,28.936,17.117,129.559,57.299,933.3,1
2026-07-29 16:00:00,2026-07-29 18:00:00,55.752,57.051,211.184,34.491,26.599,17.0,185.747,0.0,0.0,0
2026-07-29 17:00:00,2026-07-29 19:00:00,55.0,56.401,66.116,33.116,28.232,17.0,300.524,0.0,0.0,0
2026-07-29 18:00:00,2026-07-29 20:00:00,55.0,56.0,24.418,31.568,31.745,17.0,348.11,0.0,0.0,0
2026-07-29 19:00:00,2026-07-29 21:00:00,54.318,56.0,0.626,28.821,37.044,17.0,356.938,0.0,0.0,0
2026-07-29 20:00:00,2026-07-29 22:00:00,54.0,56.0,0.0,25.981,45.923,17.0,357.026,0.0,0.0,0
2026-07-29 21:00:00,2026-07-29 23:00:00,54.0,56.0,0.0,23.575,50.982,17.0,357.026,0.0,0.0,0
2026-07-29 22:00:00,2026-07-30 00:00:00,54.0,56.0,0.0,22.18,56.093,17.0,357.026,0.0,0.0,0
2026-07-29 23:00:00,2026-07-30 01:00:00,54.0,56.0,0.0,21.13,62.498,17.0,357.026,0.0,0.0,0
2026-07-30 00:00:00,2026-07-30 02:00:00,54.0,56.0,0.0,20.489,66.047,17.0,357.026,0.0,0.0,0
2026-07-30 01:00:00,2026-07-30 03:00:00,54.0,56.0,0.0,19.52,68.309,17.0,357.026,0.0,0.0,0
2026-07-30 02:00:00,2026-07-30 04:00:00,54.0,55.883,0.0,17.677,75.616,17.0,357.026,0.0,0.0,0
2026-07-30 03:00:00,2026-07-30 05:00:00,54.0,55.301,1.488,17.578,75.632,17.0,357.269,0.0,0.0,0
2026-07-30 04:00:00,2026-07-30 06:00:00,54.0,55.133,21.196,18.196,74.255,17.0,366.38,0.0,0.0,0
2026-07-30 05:00:00,2026-07-30 07:00:00,55.032,56.016,71.204,22.697,59.25,17.0,29.727,29.051,972.7,1
2026-07-30 06:00:00,2026-07-30 08:00:00,54.518,55.851,109.689,24.977,52.704,17.0,131.703,0.0,0.0,0
2026-07-30 07:00:00,2026-07-30 09:00:00,54.667,55.667,114.248,27.646,46.813,17.0,39.801,29.03,933.2,1
2026-07-30 08:00:00,2026-07-30 10:00:00,54.532,55.267,443.749,32.161,33.907,16.975,130.942,57.424,922.1,1
2026-07-30 09:00:00,2026-07-30 11:00:00,55.132,55.417,555.265,34.203,27.572,16.983,134.146,57.31,945.9,1
2026-07-30 10:00:00,2026-07-30 12:00:00,55.617,55.433,622.491,35.359,21.672,16.975,155.324,57.184,914.9,1
2026-07-30 11:00:00,2026-07-30 13:00:00,56.0,55.383,650.362,35.865,19.368,16.975,161.694,56.934,944.5,1
2026-07-30 12:00:00,2026-07-30 14:00:00,56.067,55.517,651.414,36.301,19.533,17.0,163.83,57.189,912.6,1
2026-07-30 13:00:00,2026-07-30 15:00:00,56.067,55.484,598.692,36.565,19.35,17.05,151.722,57.467,916.9,1
2026-07-30 14:00:00,2026-07-30 16:00:00,56.0,55.566,498.855,36.927,18.749,17.058,134.628,49.655,947.3,1
2026-07-30 15:00:00,2026-07-30 17:00:00,55.75,55.283,338.515,36.14,19.467,17.401,105.303,37.098,942.7,1
2026-07-30 16:00:00,2026-07-30 18:00:00,55.418,55.068,143.122,35.123,21.377,17.0,188.715,0.0,0.0,0
2026-07-30 17:00:00,2026-07-30 19:00:00,54.967,54.134,39.381,30.664,32.174,17.0,266.86,0.0,0.0,0
2026-07-30 18:00:00,2026-07-30 20:00:00,54.068,54.0,3.405,27.772,41.422,17.0,282.711,0.0,0.0,0
2026-07-30 19:00:00,2026-07-30 21:00:00,54.0,54.0,0.12,25.742,44.717,17.0,284.195,0.0,0.0,0
2026-07-30 20:00:00,2026-07-30 22:00:00,54.0,54.0,0.0,24.367,48.394,17.0,284.212,0.0,0.0,0
2026-07-30 21:00:00,2026-07-30 23:00:00,54.0,54.0,0.0,22.107,55.81,17.0,284.212,0.0,0.0,0
2026-07-30 22:00:00,2026-07-31 00:00:00,54.0,54.0,0.0,20.501,61.543,17.0,284.212,0.0,0.0,0
2026-07-30 23:00:00,2026-07-31 01:00:00,54.0,54.0,0.0,18.811,68.114,17.0,284.212,0.0,0.0,0
2026-07-31 00:00:00,2026-07-31 02:00:00,54.0,54.0,0.0,17.916,71.829,17.0,284.212,0.0,0.0,0
2026-07-31 01:00:00,2026-07-31 03:00:00,54.0,54.0,0.0,17.815,73.082,17.0,284.212,0.0,0.0,0
2026-07-31 02:00:00,2026-07-31 04:00:00,54.0,54.0,0.0,17.572,75.015,17.0,284.212,0.0,0.0,0
2026-07-31 03:00:00,2026-07-31 05:00:00,54.0,54.0,1.277,17.655,74.967,17.0,284.41,0.0,0.0,0
2026-07-31 04:00:00,2026-07-31 06:00:00,54.0,54.0,23.828,17.302,75.638,17.0,293.956,0.0,0.0,0
2026-07-31 05:00:00,2026-07-31 07:00:00,54.966,54.067,77.672,20.036,68.941,17.0,32.999,29.061,933.3,1
2026-07-31 06:00:00,2026-07-31 08:00:00,54.734,54.0,108.111,21.892,63.418,17.0,125.36,0.0,0.0,0
2026-07-31 07:00:00,2026-07-31 09:00:00,55.066,54.1,181.886,24.223,56.492,17.0,95.993,28.77,922.4,1
2026-07-31 08:00:00,2026-07-31 10:00:00,55.199,54.116,255.793,25.818,51.692,16.659,156.092,28.97,952.9,1
2026-07-31 09:00:00,2026-07-31 11:00:00,56.05,54.683,475.883,29.939,39.845,16.5,119.709,57.61,934.3,1
2026-07-31 10:00:00,2026-07-31 12:00:00,56.216,54.899,546.992,32.419,33.286,16.434,131.951,56.937,912.5,1
2026-07-31 11:00:00,2026-07-31 13:00:00,56.467,55.217,635.348,34.143,30.47,16.425,156.313,62.678,910.1,1
2026-07-31 12:00:00,2026-07-31 14:00:00,56.399,55.216,569.059,35.415,27.519,16.425,151.001,57.419,928.1,1
2026-07-31 13:00:00,2026-07-31 15:00:00,56.501,55.8,451.037,35.47,27.265,16.25,127.394,87.125,912.1,1
2026-07-31 14:00:00,2026-07-31 16:00:00,56.584,56.267,475.493,35.616,25.432,16.025,141.343,62.432,943.8,1
2026-07-31 15:00:00,2026-07-31 17:00:00,56.25,56.483,211.692,33.764,29.796,15.651,131.973,24.208,895.9,1
2026-07-31 16:00:00,2026-07-31 18:00:00,55.434,56.0,84.948,31.823,33.118,15.0,265.819,0.0,0.0,0
2026-07-31 17:00:00,2026-07-31 19:00:00,55.0,55.618,49.924,30.861,30.433,15.0,339.568,0.0,0.0,0
2026-07-31 18:00:00,2026-07-31 20:00:00,55.0,55.033,3.766,29.115,34.278,15.0,356.15,0.0,0.0,0
2026-07-31 19:00:00,2026-07-31 21:00:00,55.0,55.017,0.174,27.74,38.996,15.0,357.747,0.0,0.0,0
2026-07-31 20:00:00,2026-07-31 22:00:00,54.851,55.0,0.0,26.622,42.613,15.0,357.769,0.0,0.0,0
2026-07-31 21:00:00,2026-07-31 23:00:00,54.05,55.0,0.0,25.176,48.432,15.0,357.769,0.0,0.0,0
2026-07-31 22:00:00,2026-08-01 00:00:00,54.0,55.0,0.0,21.091,73.59,15.0,357.769,0.0,0.0,0
2026-07-31 23:00:00,2026-08-01 01:00:00,54.0,55.0,0.0,18.923,81.809,15.0,357.769,0.0,0.0,0
2026-08-01 00:00:00,2026-08-01 02:00:00,54.133,55.0,0.0,18.126,88.262,15.0,357.769,0.0,0.0,0
2026-08-01 01:00:00,2026-08-01 03:00:00,54.3,55.0,0.0,17.981,90.033,15.0,357.769,0.0,0.0,0
2026-08-01 02:00:00,2026-08-01 04:00:00,54.2,55.0,0.0,18.173,89.469,15.0,357.769,0.0,0.0,0
2026-08-01 03:00:00,2026-08-01 05:00:00,54.183,55.0,0.4,18.297,87.018,15.0,357.838,0.0,0.0,0
2026-08-01 04:00:00,2026-08-01 06:00:00,54.05,55.0,9.66,18.348,87.267,15.0,361.185,0.0,0.0,0
2026-08-01 05:00:00,2026-08-01 07:00:00,55.931,55.982,31.107,18.73,87.2,14.999,14.821,44.192,931.2,1
2026-08-01 06:00:00,2026-08-01 08:00:00,55.901,56.0,67.439,19.342,86.435,15.0,59.83,0.0,0.0,0
2026-08-01 07:00:00,2026-08-01 09:00:00,56.416,56.883,97.187,19.853,85.816,15.0,35.748,43.555,922.3,1
2026-08-01 08:00:00,2026-08-01 10:00:00,56.566,56.549,224.531,21.61,79.412,14.907,124.224,43.927,926.7,1
2026-08-01 09:00:00,2026-08-01 11:00:00,56.767,57.467,288.616,23.313,67.409,14.093,110.551,43.866,924.5,1
2026-08-01 10:00:00,2026-08-01 12:00:00,57.367,58.183,362.09,24.819,62.82,13.484,126.842,43.592,957.9,1
2026-08-01 11:00:00,2026-08-01 13:00:00,57.317,58.283,363.166,26.196,55.706,13.074,114.312,87.135,921.1,1
2026-08-01 12:00:00,2026-08-01 14:00:00,57.317,58.383,459.482,27.318,50.401,12.682,131.593,87.081,950.2,1
2026-08-01 13:00:00,2026-08-01 15:00:00,57.282,58.366,439.26,27.36,52.048,12.618,129.497,43.387,909.3,1
2026-08-01 14:00:00,2026-08-01 16:00:00,57.251,58.284,317.66,27.109,51.863,12.525,116.576,86.652,905.6,1
2026-08-01 15:00:00,2026-08-01 17:00:00,56.768,58.3,194.823,25.867,54.919,12.0,131.603,0.0,0.0,0
2026-08-01 16:00:00,2026-08-01 18:00:00,56.0,57.884,176.926,25.849,53.683,12.0,316.603,0.0,0.0,0
2026-08-01 17:00:00,2026-08-01 19:00:00,56.0,57.15,64.023,24.349,57.823,12.0,438.009,0.0,0.0,0
2026-08-01 18:00:00,2026-08-01 20:00:00,56.0,57.0,16.554,22.392,64.797,12.0,477.827,0.0,0.0,0
2026-08-01 19:00:00,2026-08-01 21:00:00,56.0,57.0,0.293,21.188,67.214,12.0,483.279,0.0,0.0,0
2026-08-01 20:00:00,2026-08-01 22:00:00,56.0,57.0,0.0,20.059,70.796,12.0,483.315,0.0,0.0,0
2026-08-01 21:00:00,2026-08-01 23:00:00,55.934,57.0,0.0,18.859,77.66,12.0,483.315,0.0,0.0,0
2026-08-01 22:00:00,2026-08-02 00:00:00,55.916,57.0,0.0,17.623,83.278,12.0,483.315,0.0,0.0,0
2026-08-01 23:00:00,2026-08-02 01:00:00,55.833,57.0,0.0,16.719,85.999,12.0,483.315,0.0,0.0,0
2026-08-02 00:00:00,2026-08-02 02:00:00,55.917,57.0,0.0,15.888,88.114,12.0,483.315,0.0,0.0,0
2026-08-02 01:00:00,2026-08-02 03:00:00,55.95,57.0,0.0,15.31,90.133,12.0,483.315,0.0,0.0,0
2026-08-02 02:00:00,2026-08-02 04:00:00,56.0,57.0,0.0,14.929,89.983,12.0,483.315,0.0,0.0,0
2026-08-02 03:00:00,2026-08-02 05:00:00,56.0,57.0,0.854,13.989,91.364,12.0,483.444,0.0,0.0,0
2026-08-02 04:00:00,2026-08-02 06:00:00,55.983,57.0,18.126,13.882,92.487,12.0,490.361,0.0,0.0,0
2026-08-02 05:00:00,2026-08-02 07:00:00,56.982,58.616,62.252,15.815,85.638,12.0,27.957,44.131,958.9,1
2026-08-02 06:00:00,2026-08-02 08:00:00,56.534,58.0,111.63,17.524,80.521,12.0,120.057,0.0,0.0,0
2026-08-02 07:00:00,2026-08-02 09:00:00,57.182,58.8,121.973,19.103,75.292,12.0,46.142,43.748,927.1,1
2026-08-02 08:00:00,2026-08-02 10:00:00,57.499,58.849,435.018,22.474,55.842,12.465,130.267,88.054,948.3,1
2026-08-02 09:00:00,2026-08-02 11:00:00,57.75,59.15,546.734,24.371,36.207,13.44,130.588,87.376,955.9,1
2026-08-02 10:00:00,2026-08-02 12:00:00,57.883,59.183,624.665,25.616,33.619,14.123,153.26,87.152,948.7,1
2026-08-02 11:00:00,2026-08-02 13:00:00,57.85,59.2,665.33,27.036,29.887,14.55,165.131,87.056,933.7,1
2026-08-02 12:00:00,2026-08-02 14:00:00,57.734,59.15,663.541,28.083,30.414,14.95,166.549,87.438,915.0,1
2026-08-02 13:00:00,2026-08-02 15:00:00,57.782,59.182,615.784,28.768,34.347,15.198,157.007,86.618,907.6,1
2026-08-02 14:00:00,2026-08-02 16:00:00,57.601,59.151,518.185,29.311,35.682,15.523,136.146,86.784,921.3,1
2026-08-02 15:00:00,2026-08-02 17:00:00,57.484,59.117,387.296,29.411,36.516,16.473,114.465,43.396,912.5,1
2026-08-02 16:00:00,2026-08-02 18:00:00,56.451,58.584,206.794,29.097,37.432,17.0,288.071,0.0,0.0,0
2026-08-02 17:00:00,2026-08-02 19:00:00,56.0,58.0,49.891,28.303,38.9,17.0,397.831,0.0,0.0,0
2026-08-02 18:00:00,2026-08-02 20:00:00,56.0,58.0,16.192,27.075,39.565,17.0,431.113,0.0,0.0,0
2026-08-02 19:00:00,2026-08-02 21:00:00,56.0,58.0,0.267,25.6,41.181,17.0,436.662,0.0,0.0,0
2026-08-02 20:00:00,2026-08-02 22:00:00,56.0,58.0,0.0,24.398,43.58,17.0,436.694,0.0,0.0,0
2026-08-02 21:00:00,2026-08-02 23:00:00,56.0,57.933,0.0,23.438,48.243,17.0,436.694,0.0,0.0,0
2026-08-02 22:00:00,2026-08-03 00:00:00,56.0,57.284,0.0,22.271,57.206,17.0,436.694,0.0,0.0,0
2026-08-02 23:00:00,2026-08-03 01:00:00,56.0,57.017,0.0,21.164,66.56,17.0,436.694,0.0,0.0,0
2026-08-03 00:00:00,2026-08-03 02:00:00,56.0,57.0,0.0,20.377,70.848,17.0,436.694,0.0,0.0,0
2026-08-03 01:00:00,2026-08-03 03:00:00,55.8,57.0,0.0,19.922,72.915,17.0,436.694,0.0,0.0,0
2026-08-03 02:00:00,2026-08-03 04:00:00,55.733,57.0,0.0,19.527,74.865,17.0,436.694,0.0,0.0,0
2026-08-03 03:00:00,2026-08-03 05:00:00,55.618,57.0,0.946,19.066,76.481,17.0,436.835,0.0,0.0,0
2026-08-03 04:00:00,2026-08-03 06:00:00,55.367,57.0,19.968,18.817,77.736,17.0,444.946,0.0,0.0,0
2026-08-03 05:00:00,2026-08-03 07:00:00,56.964,58.316,66.659,21.011,70.908,17.0,28.429,43.975,932.9,1
2026-08-03 06:00:00,2026-08-03 08:00:00,56.068,58.0,107.856,22.254,68.085,17.0,123.971,0.0,0.0,0
2026-08-03 07:00:00,2026-08-03 09:00:00,56.9,58.433,131.067,24.046,62.211,17.008,51.242,43.911,935.3,1
2026-08-03 08:00:00,2026-08-03 10:00:00,57.132,58.599,397.707,27.079,52.821,16.933,138.144,99.058,924.6,1
2026-08-03 09:00:00,2026-08-03 11:00:00,57.518,59.117,410.211,29.055,48.587,16.752,116.616,43.584,913.0,1
2026-08-03 10:00:00,2026-08-03 12:00:00,57.65,59.167,579.751,30.826,43.606,16.458,144.774,86.777,923.4,1
2026-08-03 11:00:00,2026-08-03 13:00:00,58.017,59.283,650.017,32.295,37.189,16.45,160.005,86.444,904.0,1
2026-08-03 12:00:00,2026-08-03 14:00:00,58.083,59.5,641.925,33.891,32.485,16.433,160.481,86.087,906.5,1
2026-08-03 13:00:00,2026-08-03 15:00:00,58.25,59.965,590.413,35.259,28.906,16.433,148.661,86.042,902.7,1
2026-08-03 14:00:00,2026-08-03 16:00:00,58.267,60.167,408.63,35.93,26.931,16.275,142.059,90.888,911.3,1
2026-08-03 15:00:00,2026-08-03 17:00:00,58.017,59.883,140.349,34.335,30.379,15.527,109.364,0.0,0.0,0
2026-08-03 16:00:00,2026-08-03 18:00:00,57.69,59.6,111.48,33.083,33.855,15.912,100.246,86.646,942.1,1
2026-08-03 17:00:00,2026-08-03 19:00:00,58.0,60.0,59.2,31.875,36.814,17.0,59.927,0.0,0.0,0
2026-08-03 18:00:00,2026-08-03 20:00:00,57.18,59.613,13.44,29.958,42.247,17.0,96.221,0.0,0.0,0
2026-08-03 19:00:00,2026-08-03 21:00:00,57.0,59.167,0.156,28.072,48.923,17.0,100.332,0.0,0.0,0
2026-08-03 20:00:00,2026-08-03 22:00:00,57.0,59.0,0.0,26.927,50.767,17.0,100.35,0.0,0.0,0
2026-08-03 21:00:00,2026-08-03 23:00:00,57.0,59.0,0.0,25.656,53.779,17.0,100.35,0.0,0.0,0
2026-08-03 22:00:00,2026-08-04 00:00:00,57.0,59.0,0.0,23.378,66.641,17.0,100.35,0.0,0.0,0
2026-08-03 23:00:00,2026-08-04 01:00:00,57.0,59.0,0.0,22.454,71.2,17.0,100.35,0.0,0.0,0
2026-08-04 00:00:00,2026-08-04 02:00:00,56.813,59.0,0.0,22.558,70.433,17.0,100.35,0.0,0.0,0
2026-08-04 01:00:00,2026-08-04 03:00:00,56.4,59.0,0.0,22.783,66.629,17.0,100.35,0.0,0.0,0
2026-08-04 02:00:00,2026-08-04 04:00:00,56.233,59.0,0.0,21.3,73.814,17.0,100.35,0.0,0.0,0
2026-08-04 03:00:00,2026-08-04 05:00:00,56.083,59.0,0.591,21.45,69.239,17.0,100.433,0.0,0.0,0
2026-08-04 04:00:00,2026-08-04 06:00:00,56.0,59.0,22.136,21.895,65.087,17.0,108.158,0.0,0.0,0
2026-08-04 05:00:00,2026-08-04 07:00:00,57.923,59.97,68.559,23.476,61.825,17.008,29.492,43.851,927.4,1
2026-08-04 06:00:00,2026-08-04 08:00:00,57.18,59.147,110.246,26.105,52.293,17.0,131.005,0.0,0.0,0
2026-08-04 07:00:00,2026-08-04 09:00:00,57.933,59.833,129.355,27.74,49.313,17.0,49.776,43.502,918.2,1
2026-08-04 08:00:00,2026-08-04 10:00:00,58.17,60.057,407.078,31.538,41.836,17.029,135.641,87.146,959.5,1
2026-08-04 09:00:00,2026-08-04 11:00:00,58.99,60.72,517.107,33.995,33.122,17.141,129.323,86.124,907.2,1
2026-08-04 10:00:00,2026-08-04 12:00:00,59.587,61.2,600.622,35.006,30.537,17.421,148.509,78.978,908.9,1
2026-08-04 11:00:00,2026-08-04 13:00:00,60.08,61.613,642.082,35.488,29.243,17.429,162.914,71.667,904.3,1
2026-08-04 12:00:00,2026-08-04 14:00:00,58.66,60.73,642.946,36.375,26.993,17.421,157.691,77.758,906.3,1
2026-08-04 13:00:00,2026-08-04 15:00:00,,,,,,,,,,0
