zone,start_local,start_utc,duration_sec,accuracy,source
Randreihe,2026-05-12 15:00:00,2026-05-12 13:00:00,180,stunde_rekonstruiert,ha_lts_power_energy
Randreihe,2026-05-12 16:00:00,2026-05-12 14:00:00,172,stunde_rekonstruiert,ha_lts_power_energy
Randreihe,2026-05-12 16:30:00,2026-05-12 14:30:00,172,stunde_rekonstruiert,ha_lts_power_energy
Randreihe,2026-05-13 07:00:00,2026-05-13 05:00:00,172,stunde_rekonstruiert,ha_lts_power_energy
Randreihe,2026-05-13 08:00:00,2026-05-13 06:00:00,171,stunde_rekonstruiert,ha_lts_power_energy
Randreihe,2026-05-13 09:00:00,2026-05-13 07:00:00,174,stunde_rekonstruiert,ha_lts_power_energy
Randreihe,2026-05-13 09:30:00,2026-05-13 07:30:00,174,stunde_rekonstruiert,ha_lts_power_energy
Randreihe,2026-05-13 10:00:00,2026-05-13 08:00:00,172,stunde_rekonstruiert,ha_lts_power_energy
Randreihe,2026-05-13 10:30:00,2026-05-13 08:30:00,172,stunde_rekonstruiert,ha_lts_power_energy
Randreihe,2026-05-13 11:00:00,2026-05-13 09:00:00,175,stunde_rekonstruiert,ha_lts_power_energy
Randreihe,2026-05-13 11:30:00,2026-05-13 09:30:00,175,stunde_rekonstruiert,ha_lts_power_energy
Randreihe,2026-05-13 12:00:00,2026-05-13 10:00:00,169,stunde_rekonstruiert,ha_lts_power_energy
Randreihe,2026-05-13 12:30:00,2026-05-13 10:30:00,169,stunde_rekonstruiert,ha_lts_power_energy
Randreihe,2026-05-13 13:00:00,2026-05-13 11:00:00,175,stunde_rekonstruiert,ha_lts_power_energy
Randreihe,2026-05-13 14:00:00,2026-05-13 12:00:00,177,stunde_rekonstruiert,ha_lts_power_energy
Randreihe,2026-05-13 15:00:00,2026-05-13 13:00:00,174,stunde_rekonstruiert,ha_lts_power_energy
Randreihe,2026-05-13 16:00:00,2026-05-13 14:00:00,170,stunde_rekonstruiert,ha_lts_power_energy
Randreihe,2026-05-13 17:00:00,2026-05-13 15:00:00,176,stunde_rekonstruiert,ha_lts_power_energy
Randreihe,2026-05-13 17:30:00,2026-05-13 15:30:00,176,stunde_rekonstruiert,ha_lts_power_energy
Randreihe,2026-05-14 07:00:00,2026-05-14 05:00:00,171,stunde_rekonstruiert,ha_lts_power_energy
Randreihe,2026-05-14 08:00:00,2026-05-14 06:00:00,177,stunde_rekonstruiert,ha_lts_power_energy
Randreihe,2026-05-14 09:00:00,2026-05-14 07:00:00,175,stunde_rekonstruiert,ha_lts_power_energy
Randreihe,2026-05-14 09:30:00,2026-05-14 07:30:00,175,stunde_rekonstruiert,ha_lts_power_energy
Randreihe,2026-05-14 10:00:00,2026-05-14 08:00:00,175,stunde_rekonstruiert,ha_lts_power_energy
Randreihe,2026-05-14 11:00:00,2026-05-14 09:00:00,177,stunde_rekonstruiert,ha_lts_power_energy
Randreihe,2026-05-14 11:30:00,2026-05-14 09:30:00,177,stunde_rekonstruiert,ha_lts_power_energy
Randreihe,2026-05-14 12:00:00,2026-05-14 10:00:00,176,stunde_rekonstruiert,ha_lts_power_energy
Reihe 2,2026-05-14 12:00:00,2026-05-14 10:00:00,180,stunde_rekonstruiert,ha_lts_power_energy
Randreihe,2026-05-14 12:30:00,2026-05-14 10:30:00,176,stunde_rekonstruiert,ha_lts_power_energy
Randreihe,2026-05-14 13:00:00,2026-05-14 11:00:00,118,stunde_rekonstruiert,ha_lts_power_energy
Reihe 2,2026-05-14 13:00:00,2026-05-14 11:00:00,72,stunde_rekonstruiert,ha_lts_power_energy
Reihe 3,2026-05-14 13:00:00,2026-05-14 11:00:00,72,stunde_rekonstruiert,ha_lts_power_energy
Randreihe,2026-05-14 13:30:00,2026-05-14 11:30:00,118,stunde_rekonstruiert,ha_lts_power_energy
Randreihe,2026-05-14 14:00:00,2026-05-14 12:00:00,118,stunde_rekonstruiert,ha_lts_power_energy
Randreihe,2026-05-14 14:30:00,2026-05-14 12:30:00,118,stunde_rekonstruiert,ha_lts_power_energy
Randreihe,2026-05-14 15:00:00,2026-05-14 13:00:00,119,stunde_rekonstruiert,ha_lts_power_energy
Randreihe,2026-05-14 16:00:00,2026-05-14 14:00:00,117,stunde_rekonstruiert,ha_lts_power_energy
Randreihe,2026-05-14 16:30:00,2026-05-14 14:30:00,117,stunde_rekonstruiert,ha_lts_power_energy
Randreihe,2026-05-14 17:00:00,2026-05-14 15:00:00,118,stunde_rekonstruiert,ha_lts_power_energy
Randreihe,2026-05-14 17:30:00,2026-05-14 15:30:00,118,stunde_rekonstruiert,ha_lts_power_energy
Randreihe,2026-05-15 07:00:00,2026-05-15 05:00:00,114,stunde_rekonstruiert,ha_lts_power_energy
Randreihe,2026-05-15 09:00:00,2026-05-15 07:00:00,117,stunde_rekonstruiert,ha_lts_power_energy
Randreihe,2026-05-15 09:30:00,2026-05-15 07:30:00,117,stunde_rekonstruiert,ha_lts_power_energy
Randreihe,2026-05-15 10:00:00,2026-05-15 08:00:00,117,stunde_rekonstruiert,ha_lts_power_energy
Reihe 1,2026-05-15 10:00:00,2026-05-15 08:00:00,10,stunde_rekonstruiert,ha_lts_power_energy
Randreihe,2026-05-15 10:30:00,2026-05-15 08:30:00,117,stunde_rekonstruiert,ha_lts_power_energy
Randreihe,2026-05-15 11:00:00,2026-05-15 09:00:00,115,stunde_rekonstruiert,ha_lts_power_energy
Reihe 2,2026-05-15 11:00:00,2026-05-15 09:00:00,72,stunde_rekonstruiert,ha_lts_power_energy
Reihe 3,2026-05-15 11:00:00,2026-05-15 09:00:00,72,stunde_rekonstruiert,ha_lts_power_energy
Randreihe,2026-05-15 11:30:00,2026-05-15 09:30:00,115,stunde_rekonstruiert,ha_lts_power_energy
Randreihe,2026-05-15 12:00:00,2026-05-15 10:00:00,119,stunde_rekonstruiert,ha_lts_power_energy
Randreihe,2026-05-15 13:00:00,2026-05-15 11:00:00,117,stunde_rekonstruiert,ha_lts_power_energy
Randreihe,2026-05-15 13:30:00,2026-05-15 11:30:00,117,stunde_rekonstruiert,ha_lts_power_energy
Randreihe,2026-05-15 14:00:00,2026-05-15 12:00:00,114,stunde_rekonstruiert,ha_lts_power_energy
Reihe 1,2026-05-15 14:00:00,2026-05-15 12:00:00,11,stunde_rekonstruiert,ha_lts_power_energy
Randreihe,2026-05-15 14:30:00,2026-05-15 12:30:00,114,stunde_rekonstruiert,ha_lts_power_energy
Randreihe,2026-05-15 15:00:00,2026-05-15 13:00:00,118,stunde_rekonstruiert,ha_lts_power_energy
Randreihe,2026-05-15 15:30:00,2026-05-15 13:30:00,118,stunde_rekonstruiert,ha_lts_power_energy
Randreihe,2026-05-15 16:00:00,2026-05-15 14:00:00,116,stunde_rekonstruiert,ha_lts_power_energy
Randreihe,2026-05-15 16:30:00,2026-05-15 14:30:00,116,stunde_rekonstruiert,ha_lts_power_energy
Randreihe,2026-05-15 17:00:00,2026-05-15 15:00:00,117,stunde_rekonstruiert,ha_lts_power_energy
Randreihe,2026-05-15 17:30:00,2026-05-15 15:30:00,117,stunde_rekonstruiert,ha_lts_power_energy
Randreihe,2026-05-16 07:00:00,2026-05-16 05:00:00,116,stunde_rekonstruiert,ha_lts_power_energy
Randreihe,2026-05-16 08:00:00,2026-05-16 06:00:00,118,stunde_rekonstruiert,ha_lts_power_energy
Randreihe,2026-05-16 09:00:00,2026-05-16 07:00:00,118,stunde_rekonstruiert,ha_lts_power_energy
Randreihe,2026-05-16 09:30:00,2026-05-16 07:30:00,118,stunde_rekonstruiert,ha_lts_power_energy
Randreihe,2026-05-16 10:00:00,2026-05-16 08:00:00,114,stunde_rekonstruiert,ha_lts_power_energy
Reihe 1,2026-05-16 10:00:00,2026-05-16 08:00:00,8,stunde_rekonstruiert,ha_lts_power_energy
Randreihe,2026-05-16 10:30:00,2026-05-16 08:30:00,114,stunde_rekonstruiert,ha_lts_power_energy
Randreihe,2026-05-16 11:00:00,2026-05-16 09:00:00,116,stunde_rekonstruiert,ha_lts_power_energy
Reihe 2,2026-05-16 11:00:00,2026-05-16 09:00:00,72,stunde_rekonstruiert,ha_lts_power_energy
Reihe 3,2026-05-16 11:00:00,2026-05-16 09:00:00,72,stunde_rekonstruiert,ha_lts_power_energy
Randreihe,2026-05-16 11:30:00,2026-05-16 09:30:00,116,stunde_rekonstruiert,ha_lts_power_energy
Randreihe,2026-05-16 12:00:00,2026-05-16 10:00:00,113,stunde_rekonstruiert,ha_lts_power_energy
Randreihe,2026-05-16 12:30:00,2026-05-16 10:30:00,113,stunde_rekonstruiert,ha_lts_power_energy
Randreihe,2026-05-16 13:00:00,2026-05-16 11:00:00,117,stunde_rekonstruiert,ha_lts_power_energy
Randreihe,2026-05-16 13:30:00,2026-05-16 11:30:00,117,stunde_rekonstruiert,ha_lts_power_energy
Randreihe,2026-05-16 14:00:00,2026-05-16 12:00:00,116,stunde_rekonstruiert,ha_lts_power_energy
Reihe 1,2026-05-16 14:00:00,2026-05-16 12:00:00,8,stunde_rekonstruiert,ha_lts_power_energy
Randreihe,2026-05-16 14:30:00,2026-05-16 12:30:00,116,stunde_rekonstruiert,ha_lts_power_energy
Randreihe,2026-05-16 15:00:00,2026-05-16 13:00:00,116,stunde_rekonstruiert,ha_lts_power_energy
Randreihe,2026-05-16 15:30:00,2026-05-16 13:30:00,116,stunde_rekonstruiert,ha_lts_power_energy
Randreihe,2026-05-16 16:00:00,2026-05-16 14:00:00,118,stunde_rekonstruiert,ha_lts_power_energy
Randreihe,2026-05-16 17:00:00,2026-05-16 15:00:00,116,stunde_rekonstruiert,ha_lts_power_energy
Randreihe,2026-05-16 17:30:00,2026-05-16 15:30:00,116,stunde_rekonstruiert,ha_lts_power_energy
Randreihe,2026-05-17 07:00:00,2026-05-17 05:00:00,117,stunde_rekonstruiert,ha_lts_power_energy
Randreihe,2026-05-17 08:00:00,2026-05-17 06:00:00,116,stunde_rekonstruiert,ha_lts_power_energy
Randreihe,2026-05-17 09:00:00,2026-05-17 07:00:00,117,stunde_rekonstruiert,ha_lts_power_energy
Randreihe,2026-05-17 09:30:00,2026-05-17 07:30:00,117,stunde_rekonstruiert,ha_lts_power_energy
Randreihe,2026-05-17 10:00:00,2026-05-17 08:00:00,113,stunde_rekonstruiert,ha_lts_power_energy
Reihe 1,2026-05-17 10:00:00,2026-05-17 08:00:00,9,stunde_rekonstruiert,ha_lts_power_energy
Randreihe,2026-05-17 10:30:00,2026-05-17 08:30:00,113,stunde_rekonstruiert,ha_lts_power_energy
Randreihe,2026-05-17 11:00:00,2026-05-17 09:00:00,116,stunde_rekonstruiert,ha_lts_power_energy
Reihe 2,2026-05-17 11:00:00,2026-05-17 09:00:00,72,stunde_rekonstruiert,ha_lts_power_energy
Reihe 3,2026-05-17 11:00:00,2026-05-17 09:00:00,72,stunde_rekonstruiert,ha_lts_power_energy
Randreihe,2026-05-17 11:30:00,2026-05-17 09:30:00,116,stunde_rekonstruiert,ha_lts_power_energy
Randreihe,2026-05-17 12:00:00,2026-05-17 10:00:00,118,stunde_rekonstruiert,ha_lts_power_energy
Randreihe,2026-05-17 12:30:00,2026-05-17 10:30:00,118,stunde_rekonstruiert,ha_lts_power_energy
Randreihe,2026-05-17 13:00:00,2026-05-17 11:00:00,118,stunde_rekonstruiert,ha_lts_power_energy
Randreihe,2026-05-17 13:30:00,2026-05-17 11:30:00,118,stunde_rekonstruiert,ha_lts_power_energy
Randreihe,2026-05-17 14:00:00,2026-05-17 12:00:00,117,stunde_rekonstruiert,ha_lts_power_energy
Reihe 1,2026-05-17 14:00:00,2026-05-17 12:00:00,8,stunde_rekonstruiert,ha_lts_power_energy
Randreihe,2026-05-17 15:00:00,2026-05-17 13:00:00,116,stunde_rekonstruiert,ha_lts_power_energy
Randreihe,2026-05-17 15:30:00,2026-05-17 13:30:00,116,stunde_rekonstruiert,ha_lts_power_energy
Randreihe,2026-05-17 16:00:00,2026-05-17 14:00:00,117,stunde_rekonstruiert,ha_lts_power_energy
Randreihe,2026-05-17 16:30:00,2026-05-17 14:30:00,117,stunde_rekonstruiert,ha_lts_power_energy
Randreihe,2026-05-17 17:00:00,2026-05-17 15:00:00,116,stunde_rekonstruiert,ha_lts_power_energy
Randreihe,2026-05-17 17:30:00,2026-05-17 15:30:00,116,stunde_rekonstruiert,ha_lts_power_energy
Randreihe,2026-05-18 07:00:00,2026-05-18 05:00:00,115,stunde_rekonstruiert,ha_lts_power_energy
Randreihe,2026-05-18 08:00:00,2026-05-18 06:00:00,119,stunde_rekonstruiert,ha_lts_power_energy
Randreihe,2026-05-18 09:00:00,2026-05-18 07:00:00,115,stunde_rekonstruiert,ha_lts_power_energy
Randreihe,2026-05-18 09:30:00,2026-05-18 07:30:00,115,stunde_rekonstruiert,ha_lts_power_energy
Randreihe,2026-05-18 10:00:00,2026-05-18 08:00:00,116,stunde_rekonstruiert,ha_lts_power_energy
Reihe 1,2026-05-18 10:00:00,2026-05-18 08:00:00,9,stunde_rekonstruiert,ha_lts_power_energy
Randreihe,2026-05-18 10:30:00,2026-05-18 08:30:00,116,stunde_rekonstruiert,ha_lts_power_energy
Randreihe,2026-05-18 11:00:00,2026-05-18 09:00:00,117,stunde_rekonstruiert,ha_lts_power_energy
Reihe 2,2026-05-18 11:00:00,2026-05-18 09:00:00,72,stunde_rekonstruiert,ha_lts_power_energy
Reihe 3,2026-05-18 11:00:00,2026-05-18 09:00:00,72,stunde_rekonstruiert,ha_lts_power_energy
Randreihe,2026-05-18 11:30:00,2026-05-18 09:30:00,117,stunde_rekonstruiert,ha_lts_power_energy
Randreihe,2026-05-18 12:00:00,2026-05-18 10:00:00,118,stunde_rekonstruiert,ha_lts_power_energy
Randreihe,2026-05-18 12:30:00,2026-05-18 10:30:00,118,stunde_rekonstruiert,ha_lts_power_energy
Randreihe,2026-05-18 13:00:00,2026-05-18 11:00:00,114,stunde_rekonstruiert,ha_lts_power_energy
Randreihe,2026-05-18 13:30:00,2026-05-18 11:30:00,114,stunde_rekonstruiert,ha_lts_power_energy
Randreihe,2026-05-18 14:00:00,2026-05-18 12:00:00,118,stunde_rekonstruiert,ha_lts_power_energy
Reihe 1,2026-05-18 14:00:00,2026-05-18 12:00:00,8,stunde_rekonstruiert,ha_lts_power_energy
Randreihe,2026-05-18 14:30:00,2026-05-18 12:30:00,118,stunde_rekonstruiert,ha_lts_power_energy
Randreihe,2026-05-18 15:00:00,2026-05-18 13:00:00,115,stunde_rekonstruiert,ha_lts_power_energy
Randreihe,2026-05-18 15:30:00,2026-05-18 13:30:00,115,stunde_rekonstruiert,ha_lts_power_energy
Randreihe,2026-05-18 16:00:00,2026-05-18 14:00:00,113,stunde_rekonstruiert,ha_lts_power_energy
Randreihe,2026-05-18 16:30:00,2026-05-18 14:30:00,113,stunde_rekonstruiert,ha_lts_power_energy
Randreihe,2026-05-18 17:00:00,2026-05-18 15:00:00,118,stunde_rekonstruiert,ha_lts_power_energy
Randreihe,2026-05-18 17:30:00,2026-05-18 15:30:00,118,stunde_rekonstruiert,ha_lts_power_energy
Randreihe,2026-05-19 07:00:00,2026-05-19 05:00:00,116,stunde_rekonstruiert,ha_lts_power_energy
Randreihe,2026-05-19 08:00:00,2026-05-19 06:00:00,118,stunde_rekonstruiert,ha_lts_power_energy
Randreihe,2026-05-19 09:00:00,2026-05-19 07:00:00,116,stunde_rekonstruiert,ha_lts_power_energy
Randreihe,2026-05-19 09:30:00,2026-05-19 07:30:00,116,stunde_rekonstruiert,ha_lts_power_energy
Randreihe,2026-05-19 10:00:00,2026-05-19 08:00:00,117,stunde_rekonstruiert,ha_lts_power_energy
Reihe 1,2026-05-19 10:00:00,2026-05-19 08:00:00,12,stunde_rekonstruiert,ha_lts_power_energy
Randreihe,2026-05-19 10:30:00,2026-05-19 08:30:00,117,stunde_rekonstruiert,ha_lts_power_energy
Randreihe,2026-05-19 11:00:00,2026-05-19 09:00:00,128,stunde_rekonstruiert,ha_lts_power_energy
Reihe 1,2026-05-19 11:00:00,2026-05-19 09:00:00,22,stunde_rekonstruiert,ha_lts_power_energy
Reihe 2,2026-05-19 11:00:00,2026-05-19 09:00:00,72,stunde_rekonstruiert,ha_lts_power_energy
Reihe 3,2026-05-19 11:00:00,2026-05-19 09:00:00,72,stunde_rekonstruiert,ha_lts_power_energy
Reihe 1,2026-05-19 11:30:00,2026-05-19 09:30:00,22,stunde_rekonstruiert,ha_lts_power_energy
Randreihe,2026-05-19 12:00:00,2026-05-19 10:00:00,117,stunde_rekonstruiert,ha_lts_power_energy
Randreihe,2026-05-19 12:30:00,2026-05-19 10:30:00,117,stunde_rekonstruiert,ha_lts_power_energy
Randreihe,2026-05-19 13:00:00,2026-05-19 11:00:00,115,stunde_rekonstruiert,ha_lts_power_energy
Randreihe,2026-05-19 13:30:00,2026-05-19 11:30:00,115,stunde_rekonstruiert,ha_lts_power_energy
Randreihe,2026-05-19 14:00:00,2026-05-19 12:00:00,115,stunde_rekonstruiert,ha_lts_power_energy
Randreihe,2026-05-19 14:30:00,2026-05-19 12:30:00,115,stunde_rekonstruiert,ha_lts_power_energy
Randreihe,2026-05-19 15:00:00,2026-05-19 13:00:00,114,stunde_rekonstruiert,ha_lts_power_energy
Randreihe,2026-05-19 15:30:00,2026-05-19 13:30:00,114,stunde_rekonstruiert,ha_lts_power_energy
Randreihe,2026-05-19 16:00:00,2026-05-19 14:00:00,118,stunde_rekonstruiert,ha_lts_power_energy
Randreihe,2026-05-19 16:30:00,2026-05-19 14:30:00,118,stunde_rekonstruiert,ha_lts_power_energy
Randreihe,2026-05-19 17:00:00,2026-05-19 15:00:00,120,stunde_rekonstruiert,ha_lts_power_energy
Randreihe,2026-05-20 07:00:00,2026-05-20 05:00:00,116,stunde_rekonstruiert,ha_lts_power_energy
Randreihe,2026-05-20 08:00:00,2026-05-20 06:00:00,116,stunde_rekonstruiert,ha_lts_power_energy
Randreihe,2026-05-20 09:00:00,2026-05-20 07:00:00,117,stunde_rekonstruiert,ha_lts_power_energy
Randreihe,2026-05-20 10:00:00,2026-05-20 08:00:00,117,stunde_rekonstruiert,ha_lts_power_energy
Reihe 1,2026-05-20 10:00:00,2026-05-20 08:00:00,22,stunde_rekonstruiert,ha_lts_power_energy
Randreihe,2026-05-20 10:30:00,2026-05-20 08:30:00,117,stunde_rekonstruiert,ha_lts_power_energy
Reihe 1,2026-05-20 10:30:00,2026-05-20 08:30:00,22,stunde_rekonstruiert,ha_lts_power_energy
Randreihe,2026-05-20 11:00:00,2026-05-20 09:00:00,117,stunde_rekonstruiert,ha_lts_power_energy
Reihe 2,2026-05-20 11:00:00,2026-05-20 09:00:00,72,stunde_rekonstruiert,ha_lts_power_energy
Reihe 3,2026-05-20 11:00:00,2026-05-20 09:00:00,72,stunde_rekonstruiert,ha_lts_power_energy
Randreihe,2026-05-20 11:30:00,2026-05-20 09:30:00,117,stunde_rekonstruiert,ha_lts_power_energy
Randreihe,2026-05-20 12:00:00,2026-05-20 10:00:00,117,stunde_rekonstruiert,ha_lts_power_energy
Reihe 1,2026-05-20 12:00:00,2026-05-20 10:00:00,14,stunde_rekonstruiert,ha_lts_power_energy
Reihe 1,2026-05-20 12:30:00,2026-05-20 10:30:00,14,stunde_rekonstruiert,ha_lts_power_energy
Randreihe,2026-05-20 13:00:00,2026-05-20 11:00:00,117,stunde_rekonstruiert,ha_lts_power_energy
Randreihe,2026-05-20 14:00:00,2026-05-20 12:00:00,118,stunde_rekonstruiert,ha_lts_power_energy
Reihe 1,2026-05-20 14:00:00,2026-05-20 12:00:00,15,stunde_rekonstruiert,ha_lts_power_energy
Randreihe,2026-05-20 14:30:00,2026-05-20 12:30:00,118,stunde_rekonstruiert,ha_lts_power_energy
Reihe 1,2026-05-20 14:30:00,2026-05-20 12:30:00,15,stunde_rekonstruiert,ha_lts_power_energy
Randreihe,2026-05-20 15:00:00,2026-05-20 13:00:00,119,stunde_rekonstruiert,ha_lts_power_energy
Randreihe,2026-05-20 15:30:00,2026-05-20 13:30:00,119,stunde_rekonstruiert,ha_lts_power_energy
Randreihe,2026-05-20 16:00:00,2026-05-20 14:00:00,118,stunde_rekonstruiert,ha_lts_power_energy
Reihe 1,2026-05-20 16:00:00,2026-05-20 14:00:00,14,stunde_rekonstruiert,ha_lts_power_energy
Reihe 1,2026-05-20 16:30:00,2026-05-20 14:30:00,14,stunde_rekonstruiert,ha_lts_power_energy
Randreihe,2026-05-20 17:00:00,2026-05-20 15:00:00,115,stunde_rekonstruiert,ha_lts_power_energy
Randreihe,2026-05-20 17:30:00,2026-05-20 15:30:00,115,stunde_rekonstruiert,ha_lts_power_energy
Reihe 1,2026-05-20 18:00:00,2026-05-20 16:00:00,14,stunde_rekonstruiert,ha_lts_power_energy
Reihe 1,2026-05-20 18:30:00,2026-05-20 16:30:00,14,stunde_rekonstruiert,ha_lts_power_energy
Reihe 1,2026-05-21 06:00:00,2026-05-21 04:00:00,15,stunde_rekonstruiert,ha_lts_power_energy
Reihe 1,2026-05-21 06:30:00,2026-05-21 04:30:00,15,stunde_rekonstruiert,ha_lts_power_energy
Randreihe,2026-05-21 07:00:00,2026-05-21 05:00:00,117,stunde_rekonstruiert,ha_lts_power_energy
Randreihe,2026-05-21 08:00:00,2026-05-21 06:00:00,117,stunde_rekonstruiert,ha_lts_power_energy
Reihe 1,2026-05-21 08:00:00,2026-05-21 06:00:00,14,stunde_rekonstruiert,ha_lts_power_energy
Reihe 1,2026-05-21 08:30:00,2026-05-21 06:30:00,14,stunde_rekonstruiert,ha_lts_power_energy
Randreihe,2026-05-21 09:00:00,2026-05-21 07:00:00,117,stunde_rekonstruiert,ha_lts_power_energy
Randreihe,2026-05-21 09:30:00,2026-05-21 07:30:00,117,stunde_rekonstruiert,ha_lts_power_energy
Randreihe,2026-05-21 10:00:00,2026-05-21 08:00:00,117,stunde_rekonstruiert,ha_lts_power_energy
Reihe 1,2026-05-21 10:00:00,2026-05-21 08:00:00,14,stunde_rekonstruiert,ha_lts_power_energy
Randreihe,2026-05-21 10:30:00,2026-05-21 08:30:00,117,stunde_rekonstruiert,ha_lts_power_energy
Reihe 1,2026-05-21 10:30:00,2026-05-21 08:30:00,14,stunde_rekonstruiert,ha_lts_power_energy
Randreihe,2026-05-21 11:00:00,2026-05-21 09:00:00,119,stunde_rekonstruiert,ha_lts_power_energy
Reihe 2,2026-05-21 11:00:00,2026-05-21 09:00:00,72,stunde_rekonstruiert,ha_lts_power_energy
Reihe 3,2026-05-21 11:00:00,2026-05-21 09:00:00,72,stunde_rekonstruiert,ha_lts_power_energy
Randreihe,2026-05-21 11:30:00,2026-05-21 09:30:00,119,stunde_rekonstruiert,ha_lts_power_energy
Randreihe,2026-05-21 12:00:00,2026-05-21 10:00:00,117,stunde_rekonstruiert,ha_lts_power_energy
Reihe 1,2026-05-21 12:00:00,2026-05-21 10:00:00,14,stunde_rekonstruiert,ha_lts_power_energy
Randreihe,2026-05-21 12:30:00,2026-05-21 10:30:00,117,stunde_rekonstruiert,ha_lts_power_energy
Reihe 1,2026-05-21 12:30:00,2026-05-21 10:30:00,14,stunde_rekonstruiert,ha_lts_power_energy
Randreihe,2026-05-21 13:00:00,2026-05-21 11:00:00,117,stunde_rekonstruiert,ha_lts_power_energy
Randreihe,2026-05-21 13:30:00,2026-05-21 11:30:00,117,stunde_rekonstruiert,ha_lts_power_energy
Randreihe,2026-05-21 14:00:00,2026-05-21 12:00:00,114,stunde_rekonstruiert,ha_lts_power_energy
Reihe 1,2026-05-21 14:00:00,2026-05-21 12:00:00,14,stunde_rekonstruiert,ha_lts_power_energy
Randreihe,2026-05-21 14:30:00,2026-05-21 12:30:00,114,stunde_rekonstruiert,ha_lts_power_energy
Reihe 1,2026-05-21 14:30:00,2026-05-21 12:30:00,14,stunde_rekonstruiert,ha_lts_power_energy
Randreihe,2026-05-21 15:00:00,2026-05-21 13:00:00,112,stunde_rekonstruiert,ha_lts_power_energy
Randreihe,2026-05-21 15:30:00,2026-05-21 13:30:00,112,stunde_rekonstruiert,ha_lts_power_energy
Randreihe,2026-05-21 16:00:00,2026-05-21 14:00:00,115,stunde_rekonstruiert,ha_lts_power_energy
Reihe 1,2026-05-21 16:00:00,2026-05-21 14:00:00,14,stunde_rekonstruiert,ha_lts_power_energy
Reihe 1,2026-05-21 16:30:00,2026-05-21 14:30:00,14,stunde_rekonstruiert,ha_lts_power_energy
Randreihe,2026-05-21 17:00:00,2026-05-21 15:00:00,118,stunde_rekonstruiert,ha_lts_power_energy
Randreihe,2026-05-21 17:30:00,2026-05-21 15:30:00,118,stunde_rekonstruiert,ha_lts_power_energy
Reihe 1,2026-05-21 18:00:00,2026-05-21 16:00:00,14,stunde_rekonstruiert,ha_lts_power_energy
Reihe 1,2026-05-21 18:30:00,2026-05-21 16:30:00,14,stunde_rekonstruiert,ha_lts_power_energy
Reihe 1,2026-05-21 20:00:00,2026-05-21 18:00:00,14,stunde_rekonstruiert,ha_lts_power_energy
Reihe 1,2026-05-21 20:30:00,2026-05-21 18:30:00,14,stunde_rekonstruiert,ha_lts_power_energy
Reihe 1,2026-05-22 06:00:00,2026-05-22 04:00:00,14,stunde_rekonstruiert,ha_lts_power_energy
Reihe 1,2026-05-22 06:30:00,2026-05-22 04:30:00,14,stunde_rekonstruiert,ha_lts_power_energy
Randreihe,2026-05-22 07:00:00,2026-05-22 05:00:00,114,stunde_rekonstruiert,ha_lts_power_energy
Randreihe,2026-05-22 08:00:00,2026-05-22 06:00:00,118,stunde_rekonstruiert,ha_lts_power_energy
Reihe 1,2026-05-22 08:00:00,2026-05-22 06:00:00,14,stunde_rekonstruiert,ha_lts_power_energy
Reihe 1,2026-05-22 08:30:00,2026-05-22 06:30:00,14,stunde_rekonstruiert,ha_lts_power_energy
Randreihe,2026-05-22 09:00:00,2026-05-22 07:00:00,114,stunde_rekonstruiert,ha_lts_power_energy
Randreihe,2026-05-22 09:30:00,2026-05-22 07:30:00,114,stunde_rekonstruiert,ha_lts_power_energy
Reihe 1,2026-05-22 10:00:00,2026-05-22 08:00:00,11,stunde_rekonstruiert,ha_lts_power_energy
Randreihe,2026-05-22 11:00:00,2026-05-22 09:00:00,72,stunde_rekonstruiert,ha_lts_power_energy
Reihe 1,2026-05-22 11:00:00,2026-05-22 09:00:00,11,stunde_rekonstruiert,ha_lts_power_energy
Reihe 2,2026-05-22 11:00:00,2026-05-22 09:00:00,110,stunde_rekonstruiert,ha_lts_power_energy
Reihe 3,2026-05-22 11:00:00,2026-05-22 09:00:00,119,stunde_rekonstruiert,ha_lts_power_energy
Reihe 1,2026-05-22 12:00:00,2026-05-22 10:00:00,13,stunde_rekonstruiert,ha_lts_power_energy
Randreihe,2026-05-22 13:00:00,2026-05-22 11:00:00,176,stunde_rekonstruiert,ha_lts_power_energy
Reihe 1,2026-05-22 13:00:00,2026-05-22 11:00:00,11,stunde_rekonstruiert,ha_lts_power_energy
Reihe 2,2026-05-22 13:00:00,2026-05-22 11:00:00,72,stunde_rekonstruiert,ha_lts_power_energy
Reihe 3,2026-05-22 13:00:00,2026-05-22 11:00:00,174,stunde_rekonstruiert,ha_lts_power_energy
Reihe 3,2026-05-22 13:30:00,2026-05-22 11:30:00,174,stunde_rekonstruiert,ha_lts_power_energy
Randreihe,2026-05-22 14:00:00,2026-05-22 12:00:00,171,stunde_rekonstruiert,ha_lts_power_energy
Reihe 1,2026-05-22 14:00:00,2026-05-22 12:00:00,13,stunde_rekonstruiert,ha_lts_power_energy
Randreihe,2026-05-22 15:00:00,2026-05-22 13:00:00,178,stunde_rekonstruiert,ha_lts_power_energy
Reihe 1,2026-05-22 15:00:00,2026-05-22 13:00:00,11,stunde_rekonstruiert,ha_lts_power_energy
Randreihe,2026-05-22 16:00:00,2026-05-22 14:00:00,177,stunde_rekonstruiert,ha_lts_power_energy
Reihe 1,2026-05-22 16:00:00,2026-05-22 14:00:00,13,stunde_rekonstruiert,ha_lts_power_energy
Randreihe,2026-05-22 17:00:00,2026-05-22 15:00:00,177,stunde_rekonstruiert,ha_lts_power_energy
Reihe 1,2026-05-22 17:00:00,2026-05-22 15:00:00,11,stunde_rekonstruiert,ha_lts_power_energy
Reihe 1,2026-05-22 18:00:00,2026-05-22 16:00:00,13,stunde_rekonstruiert,ha_lts_power_energy
Reihe 2,2026-05-22 18:00:00,2026-05-22 16:00:00,176,stunde_rekonstruiert,ha_lts_power_energy
Reihe 3,2026-05-22 18:00:00,2026-05-22 16:00:00,179,stunde_rekonstruiert,ha_lts_power_energy
Reihe 1,2026-05-22 19:00:00,2026-05-22 17:00:00,11,stunde_rekonstruiert,ha_lts_power_energy
Reihe 1,2026-05-22 20:00:00,2026-05-22 18:00:00,11,stunde_rekonstruiert,ha_lts_power_energy
Reihe 2,2026-05-22 20:00:00,2026-05-22 18:00:00,176,stunde_rekonstruiert,ha_lts_power_energy
Reihe 3,2026-05-22 20:00:00,2026-05-22 18:00:00,175,stunde_rekonstruiert,ha_lts_power_energy
Reihe 1,2026-05-23 06:00:00,2026-05-23 04:00:00,11,stunde_rekonstruiert,ha_lts_power_energy
Randreihe,2026-05-23 07:00:00,2026-05-23 05:00:00,174,stunde_rekonstruiert,ha_lts_power_energy
Reihe 1,2026-05-23 07:00:00,2026-05-23 05:00:00,11,stunde_rekonstruiert,ha_lts_power_energy
Reihe 2,2026-05-23 07:00:00,2026-05-23 05:00:00,176,stunde_rekonstruiert,ha_lts_power_energy
Reihe 3,2026-05-23 07:00:00,2026-05-23 05:00:00,180,stunde_rekonstruiert,ha_lts_power_energy
Reihe 1,2026-05-23 08:00:00,2026-05-23 06:00:00,11,stunde_rekonstruiert,ha_lts_power_energy
Randreihe,2026-05-23 09:00:00,2026-05-23 07:00:00,175,stunde_rekonstruiert,ha_lts_power_energy
Reihe 1,2026-05-23 09:00:00,2026-05-23 07:00:00,11,stunde_rekonstruiert,ha_lts_power_energy
Reihe 2,2026-05-23 09:00:00,2026-05-23 07:00:00,176,stunde_rekonstruiert,ha_lts_power_energy
Reihe 3,2026-05-23 09:00:00,2026-05-23 07:00:00,178,stunde_rekonstruiert,ha_lts_power_energy
Reihe 3,2026-05-23 09:30:00,2026-05-23 07:30:00,178,stunde_rekonstruiert,ha_lts_power_energy
Randreihe,2026-05-23 10:00:00,2026-05-23 08:00:00,176,stunde_rekonstruiert,ha_lts_power_energy
Reihe 1,2026-05-23 10:00:00,2026-05-23 08:00:00,11,stunde_rekonstruiert,ha_lts_power_energy
Reihe 2,2026-05-23 10:00:00,2026-05-23 08:00:00,170,stunde_rekonstruiert,ha_lts_power_energy
Reihe 3,2026-05-23 10:00:00,2026-05-23 08:00:00,179,stunde_rekonstruiert,ha_lts_power_energy
Randreihe,2026-05-23 10:30:00,2026-05-23 08:30:00,176,stunde_rekonstruiert,ha_lts_power_energy
Reihe 2,2026-05-23 10:30:00,2026-05-23 08:30:00,170,stunde_rekonstruiert,ha_lts_power_energy
Randreihe,2026-05-23 11:00:00,2026-05-23 09:00:00,130,stunde_rekonstruiert,ha_lts_power_energy
Reihe 1,2026-05-23 11:00:00,2026-05-23 09:00:00,11,stunde_rekonstruiert,ha_lts_power_energy
Reihe 2,2026-05-23 11:00:00,2026-05-23 09:00:00,129,stunde_rekonstruiert,ha_lts_power_energy
Reihe 3,2026-05-23 11:00:00,2026-05-23 09:00:00,180,stunde_rekonstruiert,ha_lts_power_energy
Randreihe,2026-05-23 12:00:00,2026-05-23 10:00:00,72,stunde_rekonstruiert,ha_lts_power_energy
Reihe 1,2026-05-23 12:00:00,2026-05-23 10:00:00,11,stunde_rekonstruiert,ha_lts_power_energy
Reihe 2,2026-05-23 12:00:00,2026-05-23 10:00:00,72,stunde_rekonstruiert,ha_lts_power_energy
Reihe 3,2026-05-23 12:00:00,2026-05-23 10:00:00,179,stunde_rekonstruiert,ha_lts_power_energy
Randreihe,2026-05-23 13:00:00,2026-05-23 11:00:00,176,stunde_rekonstruiert,ha_lts_power_energy
Reihe 1,2026-05-23 13:00:00,2026-05-23 11:00:00,12,stunde_rekonstruiert,ha_lts_power_energy
Reihe 2,2026-05-23 13:00:00,2026-05-23 11:00:00,178,stunde_rekonstruiert,ha_lts_power_energy
Reihe 3,2026-05-23 13:00:00,2026-05-23 11:00:00,177,stunde_rekonstruiert,ha_lts_power_energy
Randreihe,2026-05-23 14:00:00,2026-05-23 12:00:00,172,stunde_rekonstruiert,ha_lts_power_energy
Reihe 1,2026-05-23 14:00:00,2026-05-23 12:00:00,11,stunde_rekonstruiert,ha_lts_power_energy
Reihe 2,2026-05-23 14:00:00,2026-05-23 12:00:00,177,stunde_rekonstruiert,ha_lts_power_energy
Reihe 3,2026-05-23 14:00:00,2026-05-23 12:00:00,179,stunde_rekonstruiert,ha_lts_power_energy
Reihe 3,2026-05-23 14:30:00,2026-05-23 12:30:00,179,stunde_rekonstruiert,ha_lts_power_energy
Randreihe,2026-05-23 15:00:00,2026-05-23 13:00:00,175,stunde_rekonstruiert,ha_lts_power_energy
Reihe 1,2026-05-23 15:00:00,2026-05-23 13:00:00,11,stunde_rekonstruiert,ha_lts_power_energy
Reihe 2,2026-05-23 15:00:00,2026-05-23 13:00:00,175,stunde_rekonstruiert,ha_lts_power_energy
Reihe 3,2026-05-23 15:00:00,2026-05-23 13:00:00,179,stunde_rekonstruiert,ha_lts_power_energy
Randreihe,2026-05-23 16:00:00,2026-05-23 14:00:00,177,stunde_rekonstruiert,ha_lts_power_energy
Reihe 1,2026-05-23 16:00:00,2026-05-23 14:00:00,11,stunde_rekonstruiert,ha_lts_power_energy
Reihe 2,2026-05-23 16:00:00,2026-05-23 14:00:00,179,stunde_rekonstruiert,ha_lts_power_energy
Reihe 3,2026-05-23 16:00:00,2026-05-23 14:00:00,179,stunde_rekonstruiert,ha_lts_power_energy
Randreihe,2026-05-23 17:00:00,2026-05-23 15:00:00,176,stunde_rekonstruiert,ha_lts_power_energy
Reihe 1,2026-05-23 17:00:00,2026-05-23 15:00:00,11,stunde_rekonstruiert,ha_lts_power_energy
Reihe 2,2026-05-23 17:00:00,2026-05-23 15:00:00,178,stunde_rekonstruiert,ha_lts_power_energy
Reihe 3,2026-05-23 17:00:00,2026-05-23 15:00:00,179,stunde_rekonstruiert,ha_lts_power_energy
Reihe 1,2026-05-23 18:00:00,2026-05-23 16:00:00,11,stunde_rekonstruiert,ha_lts_power_energy
Reihe 1,2026-05-23 19:00:00,2026-05-23 17:00:00,11,stunde_rekonstruiert,ha_lts_power_energy
Reihe 1,2026-05-23 20:00:00,2026-05-23 18:00:00,11,stunde_rekonstruiert,ha_lts_power_energy
Reihe 1,2026-05-24 06:00:00,2026-05-24 04:00:00,11,stunde_rekonstruiert,ha_lts_power_energy
Randreihe,2026-05-24 07:00:00,2026-05-24 05:00:00,175,stunde_rekonstruiert,ha_lts_power_energy
Reihe 1,2026-05-24 07:00:00,2026-05-24 05:00:00,11,stunde_rekonstruiert,ha_lts_power_energy
Reihe 2,2026-05-24 07:00:00,2026-05-24 05:00:00,173,stunde_rekonstruiert,ha_lts_power_energy
Reihe 3,2026-05-24 07:00:00,2026-05-24 05:00:00,179,stunde_rekonstruiert,ha_lts_power_energy
Reihe 1,2026-05-24 08:00:00,2026-05-24 06:00:00,11,stunde_rekonstruiert,ha_lts_power_energy
Randreihe,2026-05-24 09:00:00,2026-05-24 07:00:00,176,stunde_rekonstruiert,ha_lts_power_energy
Reihe 1,2026-05-24 09:00:00,2026-05-24 07:00:00,13,stunde_rekonstruiert,ha_lts_power_energy
Reihe 2,2026-05-24 09:00:00,2026-05-24 07:00:00,175,stunde_rekonstruiert,ha_lts_power_energy
Reihe 3,2026-05-24 09:00:00,2026-05-24 07:00:00,176,stunde_rekonstruiert,ha_lts_power_energy
Randreihe,2026-05-24 10:00:00,2026-05-24 08:00:00,177,stunde_rekonstruiert,ha_lts_power_energy
Reihe 1,2026-05-24 10:00:00,2026-05-24 08:00:00,11,stunde_rekonstruiert,ha_lts_power_energy
Reihe 2,2026-05-24 10:00:00,2026-05-24 08:00:00,176,stunde_rekonstruiert,ha_lts_power_energy
Reihe 3,2026-05-24 10:00:00,2026-05-24 08:00:00,177,stunde_rekonstruiert,ha_lts_power_energy
Reihe 3,2026-05-24 10:30:00,2026-05-24 08:30:00,177,stunde_rekonstruiert,ha_lts_power_energy
Randreihe,2026-05-24 11:00:00,2026-05-24 09:00:00,176,stunde_rekonstruiert,ha_lts_power_energy
Reihe 1,2026-05-24 11:00:00,2026-05-24 09:00:00,13,stunde_rekonstruiert,ha_lts_power_energy
Reihe 2,2026-05-24 11:00:00,2026-05-24 09:00:00,178,stunde_rekonstruiert,ha_lts_power_energy
Reihe 3,2026-05-24 11:00:00,2026-05-24 09:00:00,178,stunde_rekonstruiert,ha_lts_power_energy
Randreihe,2026-05-24 12:00:00,2026-05-24 10:00:00,171,stunde_rekonstruiert,ha_lts_power_energy
Reihe 1,2026-05-24 12:00:00,2026-05-24 10:00:00,11,stunde_rekonstruiert,ha_lts_power_energy
Reihe 2,2026-05-24 12:00:00,2026-05-24 10:00:00,178,stunde_rekonstruiert,ha_lts_power_energy
Reihe 3,2026-05-24 12:00:00,2026-05-24 10:00:00,178,stunde_rekonstruiert,ha_lts_power_energy
Randreihe,2026-05-24 13:00:00,2026-05-24 11:00:00,178,stunde_rekonstruiert,ha_lts_power_energy
Reihe 1,2026-05-24 13:00:00,2026-05-24 11:00:00,23,stunde_rekonstruiert,ha_lts_power_energy
Reihe 2,2026-05-24 13:00:00,2026-05-24 11:00:00,178,stunde_rekonstruiert,ha_lts_power_energy
Reihe 3,2026-05-24 13:00:00,2026-05-24 11:00:00,178,stunde_rekonstruiert,ha_lts_power_energy
Reihe 1,2026-05-24 13:30:00,2026-05-24 11:30:00,23,stunde_rekonstruiert,ha_lts_power_energy
Randreihe,2026-05-24 14:00:00,2026-05-24 12:00:00,177,stunde_rekonstruiert,ha_lts_power_energy
Reihe 1,2026-05-24 14:00:00,2026-05-24 12:00:00,10,stunde_rekonstruiert,ha_lts_power_energy
Reihe 2,2026-05-24 14:00:00,2026-05-24 12:00:00,177,stunde_rekonstruiert,ha_lts_power_energy
Reihe 3,2026-05-24 14:00:00,2026-05-24 12:00:00,144,stunde_rekonstruiert,ha_lts_power_energy
Reihe 1,2026-05-24 14:30:00,2026-05-24 12:30:00,10,stunde_rekonstruiert,ha_lts_power_energy
Reihe 3,2026-05-24 14:30:00,2026-05-24 12:30:00,144,stunde_rekonstruiert,ha_lts_power_energy
Randreihe,2026-05-24 15:00:00,2026-05-24 13:00:00,172,stunde_rekonstruiert,ha_lts_power_energy
Reihe 1,2026-05-24 15:00:00,2026-05-24 13:00:00,11,stunde_rekonstruiert,ha_lts_power_energy
Reihe 2,2026-05-24 15:00:00,2026-05-24 13:00:00,179,stunde_rekonstruiert,ha_lts_power_energy
Reihe 3,2026-05-24 15:00:00,2026-05-24 13:00:00,121,stunde_rekonstruiert,ha_lts_power_energy
Reihe 1,2026-05-24 15:30:00,2026-05-24 13:30:00,11,stunde_rekonstruiert,ha_lts_power_energy
Reihe 3,2026-05-24 15:30:00,2026-05-24 13:30:00,121,stunde_rekonstruiert,ha_lts_power_energy
Randreihe,2026-05-24 16:00:00,2026-05-24 14:00:00,177,stunde_rekonstruiert,ha_lts_power_energy
Reihe 1,2026-05-24 16:00:00,2026-05-24 14:00:00,11,stunde_rekonstruiert,ha_lts_power_energy
Reihe 2,2026-05-24 16:00:00,2026-05-24 14:00:00,178,stunde_rekonstruiert,ha_lts_power_energy
Reihe 3,2026-05-24 16:00:00,2026-05-24 14:00:00,179,stunde_rekonstruiert,ha_lts_power_energy
Reihe 1,2026-05-24 16:30:00,2026-05-24 14:30:00,11,stunde_rekonstruiert,ha_lts_power_energy
Randreihe,2026-05-24 17:00:00,2026-05-24 15:00:00,175,stunde_rekonstruiert,ha_lts_power_energy
Reihe 1,2026-05-24 17:00:00,2026-05-24 15:00:00,11,stunde_rekonstruiert,ha_lts_power_energy
Reihe 2,2026-05-24 17:00:00,2026-05-24 15:00:00,178,stunde_rekonstruiert,ha_lts_power_energy
Reihe 3,2026-05-24 17:00:00,2026-05-24 15:00:00,174,stunde_rekonstruiert,ha_lts_power_energy
Reihe 1,2026-05-24 17:30:00,2026-05-24 15:30:00,11,stunde_rekonstruiert,ha_lts_power_energy
Reihe 1,2026-05-24 18:00:00,2026-05-24 16:00:00,11,stunde_rekonstruiert,ha_lts_power_energy
Reihe 1,2026-05-24 19:00:00,2026-05-24 17:00:00,11,stunde_rekonstruiert,ha_lts_power_energy
Reihe 1,2026-05-24 19:30:00,2026-05-24 17:30:00,11,stunde_rekonstruiert,ha_lts_power_energy
Reihe 1,2026-05-24 20:00:00,2026-05-24 18:00:00,11,stunde_rekonstruiert,ha_lts_power_energy
Reihe 1,2026-05-24 20:30:00,2026-05-24 18:30:00,11,stunde_rekonstruiert,ha_lts_power_energy
Reihe 1,2026-05-25 06:00:00,2026-05-25 04:00:00,11,stunde_rekonstruiert,ha_lts_power_energy
Reihe 1,2026-05-25 06:30:00,2026-05-25 04:30:00,11,stunde_rekonstruiert,ha_lts_power_energy
Randreihe,2026-05-25 07:00:00,2026-05-25 05:00:00,174,stunde_rekonstruiert,ha_lts_power_energy
Reihe 1,2026-05-25 07:00:00,2026-05-25 05:00:00,11,stunde_rekonstruiert,ha_lts_power_energy
Reihe 2,2026-05-25 07:00:00,2026-05-25 05:00:00,173,stunde_rekonstruiert,ha_lts_power_energy
Reihe 3,2026-05-25 07:00:00,2026-05-25 05:00:00,177,stunde_rekonstruiert,ha_lts_power_energy
Reihe 1,2026-05-25 07:30:00,2026-05-25 05:30:00,11,stunde_rekonstruiert,ha_lts_power_energy
Reihe 1,2026-05-25 08:00:00,2026-05-25 06:00:00,11,stunde_rekonstruiert,ha_lts_power_energy
Reihe 1,2026-05-25 08:30:00,2026-05-25 06:30:00,11,stunde_rekonstruiert,ha_lts_power_energy
Randreihe,2026-05-25 09:00:00,2026-05-25 07:00:00,176,stunde_rekonstruiert,ha_lts_power_energy
Reihe 1,2026-05-25 09:00:00,2026-05-25 07:00:00,11,stunde_rekonstruiert,ha_lts_power_energy
Reihe 2,2026-05-25 09:00:00,2026-05-25 07:00:00,177,stunde_rekonstruiert,ha_lts_power_energy
Reihe 3,2026-05-25 09:00:00,2026-05-25 07:00:00,177,stunde_rekonstruiert,ha_lts_power_energy
Reihe 1,2026-05-25 09:30:00,2026-05-25 07:30:00,11,stunde_rekonstruiert,ha_lts_power_energy
Reihe 3,2026-05-25 09:30:00,2026-05-25 07:30:00,177,stunde_rekonstruiert,ha_lts_power_energy
Randreihe,2026-05-25 10:00:00,2026-05-25 08:00:00,177,stunde_rekonstruiert,ha_lts_power_energy
Reihe 1,2026-05-25 10:00:00,2026-05-25 08:00:00,11,stunde_rekonstruiert,ha_lts_power_energy
Reihe 2,2026-05-25 10:00:00,2026-05-25 08:00:00,179,stunde_rekonstruiert,ha_lts_power_energy
Reihe 3,2026-05-25 10:00:00,2026-05-25 08:00:00,181,stunde_rekonstruiert,ha_lts_power_energy
Reihe 1,2026-05-25 10:30:00,2026-05-25 08:30:00,11,stunde_rekonstruiert,ha_lts_power_energy
Randreihe,2026-05-25 11:00:00,2026-05-25 09:00:00,175,stunde_rekonstruiert,ha_lts_power_energy
Reihe 1,2026-05-25 11:00:00,2026-05-25 09:00:00,12,stunde_rekonstruiert,ha_lts_power_energy
Reihe 2,2026-05-25 11:00:00,2026-05-25 09:00:00,176,stunde_rekonstruiert,ha_lts_power_energy
Reihe 3,2026-05-25 11:00:00,2026-05-25 09:00:00,179,stunde_rekonstruiert,ha_lts_power_energy
Reihe 1,2026-05-25 11:30:00,2026-05-25 09:30:00,12,stunde_rekonstruiert,ha_lts_power_energy
Randreihe,2026-05-25 12:00:00,2026-05-25 10:00:00,173,stunde_rekonstruiert,ha_lts_power_energy
Reihe 1,2026-05-25 12:00:00,2026-05-25 10:00:00,11,stunde_rekonstruiert,ha_lts_power_energy
Reihe 2,2026-05-25 12:00:00,2026-05-25 10:00:00,178,stunde_rekonstruiert,ha_lts_power_energy
Reihe 3,2026-05-25 12:00:00,2026-05-25 10:00:00,179,stunde_rekonstruiert,ha_lts_power_energy
Reihe 1,2026-05-25 12:30:00,2026-05-25 10:30:00,11,stunde_rekonstruiert,ha_lts_power_energy
Randreihe,2026-05-25 13:00:00,2026-05-25 11:00:00,170,stunde_rekonstruiert,ha_lts_power_energy
Reihe 1,2026-05-25 13:00:00,2026-05-25 11:00:00,11,stunde_rekonstruiert,ha_lts_power_energy
Reihe 2,2026-05-25 13:00:00,2026-05-25 11:00:00,171,stunde_rekonstruiert,ha_lts_power_energy
Reihe 3,2026-05-25 13:00:00,2026-05-25 11:00:00,172,stunde_rekonstruiert,ha_lts_power_energy
Reihe 1,2026-05-25 13:30:00,2026-05-25 11:30:00,11,stunde_rekonstruiert,ha_lts_power_energy
Randreihe,2026-05-25 14:00:00,2026-05-25 12:00:00,177,stunde_rekonstruiert,ha_lts_power_energy
Reihe 1,2026-05-25 14:00:00,2026-05-25 12:00:00,11,stunde_rekonstruiert,ha_lts_power_energy
Reihe 2,2026-05-25 14:00:00,2026-05-25 12:00:00,178,stunde_rekonstruiert,ha_lts_power_energy
Reihe 3,2026-05-25 14:00:00,2026-05-25 12:00:00,171,stunde_rekonstruiert,ha_lts_power_energy
Reihe 1,2026-05-25 14:30:00,2026-05-25 12:30:00,11,stunde_rekonstruiert,ha_lts_power_energy
Reihe 3,2026-05-25 14:30:00,2026-05-25 12:30:00,171,stunde_rekonstruiert,ha_lts_power_energy
Randreihe,2026-05-25 15:00:00,2026-05-25 13:00:00,176,stunde_rekonstruiert,ha_lts_power_energy
Reihe 1,2026-05-25 15:00:00,2026-05-25 13:00:00,10,stunde_rekonstruiert,ha_lts_power_energy
Reihe 2,2026-05-25 15:00:00,2026-05-25 13:00:00,177,stunde_rekonstruiert,ha_lts_power_energy
Reihe 3,2026-05-25 15:00:00,2026-05-25 13:00:00,179,stunde_rekonstruiert,ha_lts_power_energy
Reihe 1,2026-05-25 15:30:00,2026-05-25 13:30:00,10,stunde_rekonstruiert,ha_lts_power_energy
Randreihe,2026-05-25 16:00:00,2026-05-25 14:00:00,176,stunde_rekonstruiert,ha_lts_power_energy
Reihe 1,2026-05-25 16:00:00,2026-05-25 14:00:00,11,stunde_rekonstruiert,ha_lts_power_energy
Reihe 2,2026-05-25 16:00:00,2026-05-25 14:00:00,176,stunde_rekonstruiert,ha_lts_power_energy
Reihe 3,2026-05-25 16:00:00,2026-05-25 14:00:00,179,stunde_rekonstruiert,ha_lts_power_energy
Reihe 1,2026-05-25 16:30:00,2026-05-25 14:30:00,11,stunde_rekonstruiert,ha_lts_power_energy
Randreihe,2026-05-25 17:00:00,2026-05-25 15:00:00,176,stunde_rekonstruiert,ha_lts_power_energy
Reihe 1,2026-05-25 17:00:00,2026-05-25 15:00:00,11,stunde_rekonstruiert,ha_lts_power_energy
Reihe 2,2026-05-25 17:00:00,2026-05-25 15:00:00,175,stunde_rekonstruiert,ha_lts_power_energy
Reihe 3,2026-05-25 17:00:00,2026-05-25 15:00:00,179,stunde_rekonstruiert,ha_lts_power_energy
Reihe 1,2026-05-25 17:30:00,2026-05-25 15:30:00,11,stunde_rekonstruiert,ha_lts_power_energy
Reihe 1,2026-05-25 18:00:00,2026-05-25 16:00:00,11,stunde_rekonstruiert,ha_lts_power_energy
Reihe 1,2026-05-25 18:30:00,2026-05-25 16:30:00,11,stunde_rekonstruiert,ha_lts_power_energy
Reihe 1,2026-05-25 19:00:00,2026-05-25 17:00:00,11,stunde_rekonstruiert,ha_lts_power_energy
Reihe 1,2026-05-25 19:30:00,2026-05-25 17:30:00,11,stunde_rekonstruiert,ha_lts_power_energy
Reihe 1,2026-05-25 20:00:00,2026-05-25 18:00:00,10,stunde_rekonstruiert,ha_lts_power_energy
Reihe 1,2026-05-25 20:30:00,2026-05-25 18:30:00,10,stunde_rekonstruiert,ha_lts_power_energy
Reihe 1,2026-05-26 06:00:00,2026-05-26 04:00:00,11,stunde_rekonstruiert,ha_lts_power_energy
Reihe 1,2026-05-26 06:30:00,2026-05-26 04:30:00,11,stunde_rekonstruiert,ha_lts_power_energy
Randreihe,2026-05-26 07:00:00,2026-05-26 05:00:00,175,stunde_rekonstruiert,ha_lts_power_energy
Reihe 1,2026-05-26 07:00:00,2026-05-26 05:00:00,10,stunde_rekonstruiert,ha_lts_power_energy
Reihe 2,2026-05-26 07:00:00,2026-05-26 05:00:00,176,stunde_rekonstruiert,ha_lts_power_energy
Reihe 3,2026-05-26 07:00:00,2026-05-26 05:00:00,180,stunde_rekonstruiert,ha_lts_power_energy
Reihe 1,2026-05-26 07:30:00,2026-05-26 05:30:00,10,stunde_rekonstruiert,ha_lts_power_energy
Reihe 1,2026-05-26 08:00:00,2026-05-26 06:00:00,11,stunde_rekonstruiert,ha_lts_power_energy
Reihe 1,2026-05-26 08:30:00,2026-05-26 06:30:00,11,stunde_rekonstruiert,ha_lts_power_energy
Randreihe,2026-05-26 09:00:00,2026-05-26 07:00:00,175,stunde_rekonstruiert,ha_lts_power_energy
Reihe 1,2026-05-26 09:00:00,2026-05-26 07:00:00,11,stunde_rekonstruiert,ha_lts_power_energy
Reihe 2,2026-05-26 09:00:00,2026-05-26 07:00:00,177,stunde_rekonstruiert,ha_lts_power_energy
Reihe 3,2026-05-26 09:00:00,2026-05-26 07:00:00,142,stunde_rekonstruiert,ha_lts_power_energy
Reihe 1,2026-05-26 09:30:00,2026-05-26 07:30:00,11,stunde_rekonstruiert,ha_lts_power_energy
Reihe 3,2026-05-26 09:30:00,2026-05-26 07:30:00,142,stunde_rekonstruiert,ha_lts_power_energy
Randreihe,2026-05-26 10:00:00,2026-05-26 08:00:00,175,stunde_rekonstruiert,ha_lts_power_energy
Reihe 1,2026-05-26 10:00:00,2026-05-26 08:00:00,12,stunde_rekonstruiert,ha_lts_power_energy
Reihe 2,2026-05-26 10:00:00,2026-05-26 08:00:00,177,stunde_rekonstruiert,ha_lts_power_energy
Reihe 3,2026-05-26 10:00:00,2026-05-26 08:00:00,120,stunde_rekonstruiert,ha_lts_power_energy
Reihe 1,2026-05-26 10:30:00,2026-05-26 08:30:00,12,stunde_rekonstruiert,ha_lts_power_energy
Reihe 3,2026-05-26 10:30:00,2026-05-26 08:30:00,120,stunde_rekonstruiert,ha_lts_power_energy
Randreihe,2026-05-26 11:00:00,2026-05-26 09:00:00,176,stunde_rekonstruiert,ha_lts_power_energy
Reihe 1,2026-05-26 11:00:00,2026-05-26 09:00:00,11,stunde_rekonstruiert,ha_lts_power_energy
Reihe 2,2026-05-26 11:00:00,2026-05-26 09:00:00,179,stunde_rekonstruiert,ha_lts_power_energy
Reihe 3,2026-05-26 11:00:00,2026-05-26 09:00:00,179,stunde_rekonstruiert,ha_lts_power_energy
Reihe 1,2026-05-26 11:30:00,2026-05-26 09:30:00,11,stunde_rekonstruiert,ha_lts_power_energy
Randreihe,2026-05-26 12:00:00,2026-05-26 10:00:00,178,stunde_rekonstruiert,ha_lts_power_energy
Reihe 1,2026-05-26 12:00:00,2026-05-26 10:00:00,11,stunde_rekonstruiert,ha_lts_power_energy
Reihe 2,2026-05-26 12:00:00,2026-05-26 10:00:00,178,stunde_rekonstruiert,ha_lts_power_energy
Reihe 3,2026-05-26 12:00:00,2026-05-26 10:00:00,178,stunde_rekonstruiert,ha_lts_power_energy
Reihe 1,2026-05-26 12:30:00,2026-05-26 10:30:00,11,stunde_rekonstruiert,ha_lts_power_energy
Randreihe,2026-05-26 13:00:00,2026-05-26 11:00:00,176,stunde_rekonstruiert,ha_lts_power_energy
Reihe 1,2026-05-26 13:00:00,2026-05-26 11:00:00,10,stunde_rekonstruiert,ha_lts_power_energy
Reihe 2,2026-05-26 13:00:00,2026-05-26 11:00:00,174,stunde_rekonstruiert,ha_lts_power_energy
Reihe 3,2026-05-26 13:00:00,2026-05-26 11:00:00,178,stunde_rekonstruiert,ha_lts_power_energy
Reihe 1,2026-05-26 13:30:00,2026-05-26 11:30:00,10,stunde_rekonstruiert,ha_lts_power_energy
Randreihe,2026-05-26 14:00:00,2026-05-26 12:00:00,172,stunde_rekonstruiert,ha_lts_power_energy
Reihe 1,2026-05-26 14:00:00,2026-05-26 12:00:00,11,stunde_rekonstruiert,ha_lts_power_energy
Reihe 2,2026-05-26 14:00:00,2026-05-26 12:00:00,178,stunde_rekonstruiert,ha_lts_power_energy
Reihe 3,2026-05-26 14:00:00,2026-05-26 12:00:00,179,stunde_rekonstruiert,ha_lts_power_energy
Reihe 1,2026-05-26 14:30:00,2026-05-26 12:30:00,11,stunde_rekonstruiert,ha_lts_power_energy
Randreihe,2026-05-26 15:00:00,2026-05-26 13:00:00,177,stunde_rekonstruiert,ha_lts_power_energy
Reihe 1,2026-05-26 15:00:00,2026-05-26 13:00:00,11,stunde_rekonstruiert,ha_lts_power_energy
Reihe 2,2026-05-26 15:00:00,2026-05-26 13:00:00,179,stunde_rekonstruiert,ha_lts_power_energy
Reihe 3,2026-05-26 15:00:00,2026-05-26 13:00:00,174,stunde_rekonstruiert,ha_lts_power_energy
Reihe 1,2026-05-26 15:30:00,2026-05-26 13:30:00,11,stunde_rekonstruiert,ha_lts_power_energy
Reihe 3,2026-05-26 15:30:00,2026-05-26 13:30:00,174,stunde_rekonstruiert,ha_lts_power_energy
Randreihe,2026-05-26 16:00:00,2026-05-26 14:00:00,177,stunde_rekonstruiert,ha_lts_power_energy
Reihe 1,2026-05-26 16:00:00,2026-05-26 14:00:00,11,stunde_rekonstruiert,ha_lts_power_energy
Reihe 2,2026-05-26 16:00:00,2026-05-26 14:00:00,177,stunde_rekonstruiert,ha_lts_power_energy
Reihe 3,2026-05-26 16:00:00,2026-05-26 14:00:00,179,stunde_rekonstruiert,ha_lts_power_energy
Reihe 1,2026-05-26 16:30:00,2026-05-26 14:30:00,11,stunde_rekonstruiert,ha_lts_power_energy
Randreihe,2026-05-26 17:00:00,2026-05-26 15:00:00,177,stunde_rekonstruiert,ha_lts_power_energy
Reihe 1,2026-05-26 17:00:00,2026-05-26 15:00:00,12,stunde_rekonstruiert,ha_lts_power_energy
Reihe 2,2026-05-26 17:00:00,2026-05-26 15:00:00,170,stunde_rekonstruiert,ha_lts_power_energy
Reihe 3,2026-05-26 17:00:00,2026-05-26 15:00:00,180,stunde_rekonstruiert,ha_lts_power_energy
Reihe 1,2026-05-26 17:30:00,2026-05-26 15:30:00,12,stunde_rekonstruiert,ha_lts_power_energy
Reihe 1,2026-05-26 18:00:00,2026-05-26 16:00:00,11,stunde_rekonstruiert,ha_lts_power_energy
Reihe 1,2026-05-26 18:30:00,2026-05-26 16:30:00,11,stunde_rekonstruiert,ha_lts_power_energy
Reihe 1,2026-05-26 19:00:00,2026-05-26 17:00:00,10,stunde_rekonstruiert,ha_lts_power_energy
Reihe 1,2026-05-26 19:30:00,2026-05-26 17:30:00,10,stunde_rekonstruiert,ha_lts_power_energy
Reihe 1,2026-05-26 20:00:00,2026-05-26 18:00:00,11,stunde_rekonstruiert,ha_lts_power_energy
Reihe 1,2026-05-26 20:30:00,2026-05-26 18:30:00,11,stunde_rekonstruiert,ha_lts_power_energy
Reihe 1,2026-05-27 06:00:00,2026-05-27 04:00:00,11,stunde_rekonstruiert,ha_lts_power_energy
Reihe 1,2026-05-27 06:30:00,2026-05-27 04:30:00,11,stunde_rekonstruiert,ha_lts_power_energy
Randreihe,2026-05-27 07:00:00,2026-05-27 05:00:00,176,stunde_rekonstruiert,ha_lts_power_energy
Reihe 1,2026-05-27 07:00:00,2026-05-27 05:00:00,11,stunde_rekonstruiert,ha_lts_power_energy
Reihe 2,2026-05-27 07:00:00,2026-05-27 05:00:00,174,stunde_rekonstruiert,ha_lts_power_energy
Reihe 3,2026-05-27 07:00:00,2026-05-27 05:00:00,179,stunde_rekonstruiert,ha_lts_power_energy
Reihe 1,2026-05-27 07:30:00,2026-05-27 05:30:00,11,stunde_rekonstruiert,ha_lts_power_energy
Reihe 1,2026-05-27 08:00:00,2026-05-27 06:00:00,12,stunde_rekonstruiert,ha_lts_power_energy
Reihe 1,2026-05-27 08:30:00,2026-05-27 06:30:00,12,stunde_rekonstruiert,ha_lts_power_energy
Randreihe,2026-05-27 09:00:00,2026-05-27 07:00:00,176,stunde_rekonstruiert,ha_lts_power_energy
Reihe 1,2026-05-27 09:00:00,2026-05-27 07:00:00,11,stunde_rekonstruiert,ha_lts_power_energy
Reihe 2,2026-05-27 09:00:00,2026-05-27 07:00:00,179,stunde_rekonstruiert,ha_lts_power_energy
Reihe 3,2026-05-27 09:00:00,2026-05-27 07:00:00,116,stunde_rekonstruiert,ha_lts_power_energy
Reihe 1,2026-05-27 09:30:00,2026-05-27 07:30:00,11,stunde_rekonstruiert,ha_lts_power_energy
Reihe 3,2026-05-27 09:30:00,2026-05-27 07:30:00,116,stunde_rekonstruiert,ha_lts_power_energy
Randreihe,2026-05-27 10:00:00,2026-05-27 08:00:00,176,stunde_rekonstruiert,ha_lts_power_energy
Reihe 1,2026-05-27 10:00:00,2026-05-27 08:00:00,11,stunde_rekonstruiert,ha_lts_power_energy
Reihe 2,2026-05-27 10:00:00,2026-05-27 08:00:00,178,stunde_rekonstruiert,ha_lts_power_energy
Reihe 3,2026-05-27 10:00:00,2026-05-27 08:00:00,150,stunde_rekonstruiert,ha_lts_power_energy
Reihe 1,2026-05-27 10:30:00,2026-05-27 08:30:00,11,stunde_rekonstruiert,ha_lts_power_energy
Reihe 3,2026-05-27 10:30:00,2026-05-27 08:30:00,150,stunde_rekonstruiert,ha_lts_power_energy
Randreihe,2026-05-27 11:00:00,2026-05-27 09:00:00,178,stunde_rekonstruiert,ha_lts_power_energy
Reihe 1,2026-05-27 11:00:00,2026-05-27 09:00:00,11,stunde_rekonstruiert,ha_lts_power_energy
Reihe 2,2026-05-27 11:00:00,2026-05-27 09:00:00,178,stunde_rekonstruiert,ha_lts_power_energy
Reihe 3,2026-05-27 11:00:00,2026-05-27 09:00:00,179,stunde_rekonstruiert,ha_lts_power_energy
Reihe 1,2026-05-27 11:30:00,2026-05-27 09:30:00,11,stunde_rekonstruiert,ha_lts_power_energy
Randreihe,2026-05-27 12:00:00,2026-05-27 10:00:00,176,stunde_rekonstruiert,ha_lts_power_energy
Reihe 1,2026-05-27 12:00:00,2026-05-27 10:00:00,11,stunde_rekonstruiert,ha_lts_power_energy
Reihe 2,2026-05-27 12:00:00,2026-05-27 10:00:00,177,stunde_rekonstruiert,ha_lts_power_energy
Reihe 3,2026-05-27 12:00:00,2026-05-27 10:00:00,178,stunde_rekonstruiert,ha_lts_power_energy
Reihe 1,2026-05-27 12:30:00,2026-05-27 10:30:00,11,stunde_rekonstruiert,ha_lts_power_energy
Randreihe,2026-05-27 13:00:00,2026-05-27 11:00:00,177,stunde_rekonstruiert,ha_lts_power_energy
Reihe 1,2026-05-27 13:00:00,2026-05-27 11:00:00,11,stunde_rekonstruiert,ha_lts_power_energy
Reihe 2,2026-05-27 13:00:00,2026-05-27 11:00:00,176,stunde_rekonstruiert,ha_lts_power_energy
Reihe 3,2026-05-27 13:00:00,2026-05-27 11:00:00,178,stunde_rekonstruiert,ha_lts_power_energy
Reihe 1,2026-05-27 13:30:00,2026-05-27 11:30:00,11,stunde_rekonstruiert,ha_lts_power_energy
Randreihe,2026-05-27 14:00:00,2026-05-27 12:00:00,175,stunde_rekonstruiert,ha_lts_power_energy
Reihe 1,2026-05-27 14:00:00,2026-05-27 12:00:00,11,stunde_rekonstruiert,ha_lts_power_energy
Reihe 2,2026-05-27 14:00:00,2026-05-27 12:00:00,178,stunde_rekonstruiert,ha_lts_power_energy
Reihe 3,2026-05-27 14:00:00,2026-05-27 12:00:00,179,stunde_rekonstruiert,ha_lts_power_energy
Reihe 1,2026-05-27 14:30:00,2026-05-27 12:30:00,11,stunde_rekonstruiert,ha_lts_power_energy
Randreihe,2026-05-27 15:00:00,2026-05-27 13:00:00,178,stunde_rekonstruiert,ha_lts_power_energy
Reihe 1,2026-05-27 15:00:00,2026-05-27 13:00:00,11,stunde_rekonstruiert,ha_lts_power_energy
Reihe 2,2026-05-27 15:00:00,2026-05-27 13:00:00,179,stunde_rekonstruiert,ha_lts_power_energy
Reihe 3,2026-05-27 15:00:00,2026-05-27 13:00:00,176,stunde_rekonstruiert,ha_lts_power_energy
Reihe 1,2026-05-27 15:30:00,2026-05-27 13:30:00,11,stunde_rekonstruiert,ha_lts_power_energy
Randreihe,2026-05-27 16:00:00,2026-05-27 14:00:00,177,stunde_rekonstruiert,ha_lts_power_energy
Reihe 1,2026-05-27 16:00:00,2026-05-27 14:00:00,12,stunde_rekonstruiert,ha_lts_power_energy
Reihe 2,2026-05-27 16:00:00,2026-05-27 14:00:00,176,stunde_rekonstruiert,ha_lts_power_energy
Reihe 3,2026-05-27 16:00:00,2026-05-27 14:00:00,179,stunde_rekonstruiert,ha_lts_power_energy
Reihe 1,2026-05-27 16:30:00,2026-05-27 14:30:00,12,stunde_rekonstruiert,ha_lts_power_energy
Reihe 1,2026-05-27 17:00:00,2026-05-27 15:00:00,11,stunde_rekonstruiert,ha_lts_power_energy
Reihe 3,2026-05-27 17:00:00,2026-05-27 15:00:00,178,stunde_rekonstruiert,ha_lts_power_energy
Reihe 1,2026-05-27 17:30:00,2026-05-27 15:30:00,11,stunde_rekonstruiert,ha_lts_power_energy
Reihe 1,2026-05-27 18:00:00,2026-05-27 16:00:00,11,stunde_rekonstruiert,ha_lts_power_energy
Reihe 1,2026-05-27 18:30:00,2026-05-27 16:30:00,11,stunde_rekonstruiert,ha_lts_power_energy
Reihe 1,2026-05-27 19:00:00,2026-05-27 17:00:00,11,stunde_rekonstruiert,ha_lts_power_energy
Reihe 1,2026-05-27 19:30:00,2026-05-27 17:30:00,11,stunde_rekonstruiert,ha_lts_power_energy
Reihe 1,2026-05-27 20:00:00,2026-05-27 18:00:00,11,stunde_rekonstruiert,ha_lts_power_energy
Reihe 1,2026-05-27 20:30:00,2026-05-27 18:30:00,11,stunde_rekonstruiert,ha_lts_power_energy
Reihe 1,2026-05-28 06:00:00,2026-05-28 04:00:00,11,stunde_rekonstruiert,ha_lts_power_energy
Reihe 1,2026-05-28 06:30:00,2026-05-28 04:30:00,11,stunde_rekonstruiert,ha_lts_power_energy
Randreihe,2026-05-28 07:00:00,2026-05-28 05:00:00,116,stunde_rekonstruiert,ha_lts_power_energy
Reihe 1,2026-05-28 07:00:00,2026-05-28 05:00:00,11,stunde_rekonstruiert,ha_lts_power_energy
Reihe 2,2026-05-28 07:00:00,2026-05-28 05:00:00,116,stunde_rekonstruiert,ha_lts_power_energy
Reihe 3,2026-05-28 07:00:00,2026-05-28 05:00:00,119,stunde_rekonstruiert,ha_lts_power_energy
Randreihe,2026-05-28 07:30:00,2026-05-28 05:30:00,116,stunde_rekonstruiert,ha_lts_power_energy
Reihe 1,2026-05-28 07:30:00,2026-05-28 05:30:00,11,stunde_rekonstruiert,ha_lts_power_energy
Reihe 2,2026-05-28 07:30:00,2026-05-28 05:30:00,116,stunde_rekonstruiert,ha_lts_power_energy
Reihe 3,2026-05-28 07:30:00,2026-05-28 05:30:00,119,stunde_rekonstruiert,ha_lts_power_energy
Reihe 1,2026-05-28 08:00:00,2026-05-28 06:00:00,11,stunde_rekonstruiert,ha_lts_power_energy
Reihe 1,2026-05-28 08:30:00,2026-05-28 06:30:00,11,stunde_rekonstruiert,ha_lts_power_energy
Randreihe,2026-05-28 09:00:00,2026-05-28 07:00:00,117,stunde_rekonstruiert,ha_lts_power_energy
Reihe 1,2026-05-28 09:00:00,2026-05-28 07:00:00,11,stunde_rekonstruiert,ha_lts_power_energy
Reihe 2,2026-05-28 09:00:00,2026-05-28 07:00:00,117,stunde_rekonstruiert,ha_lts_power_energy
Reihe 3,2026-05-28 09:00:00,2026-05-28 07:00:00,157,stunde_rekonstruiert,ha_lts_power_energy
Randreihe,2026-05-28 09:30:00,2026-05-28 07:30:00,117,stunde_rekonstruiert,ha_lts_power_energy
Reihe 1,2026-05-28 09:30:00,2026-05-28 07:30:00,11,stunde_rekonstruiert,ha_lts_power_energy
Reihe 2,2026-05-28 09:30:00,2026-05-28 07:30:00,117,stunde_rekonstruiert,ha_lts_power_energy
Reihe 3,2026-05-28 09:30:00,2026-05-28 07:30:00,157,stunde_rekonstruiert,ha_lts_power_energy
Randreihe,2026-05-28 10:00:00,2026-05-28 08:00:00,118,stunde_rekonstruiert,ha_lts_power_energy
Reihe 1,2026-05-28 10:00:00,2026-05-28 08:00:00,11,stunde_rekonstruiert,ha_lts_power_energy
Reihe 2,2026-05-28 10:00:00,2026-05-28 08:00:00,113,stunde_rekonstruiert,ha_lts_power_energy
Reihe 3,2026-05-28 10:00:00,2026-05-28 08:00:00,199,stunde_rekonstruiert,ha_lts_power_energy
Randreihe,2026-05-28 10:30:00,2026-05-28 08:30:00,118,stunde_rekonstruiert,ha_lts_power_energy
Reihe 1,2026-05-28 10:30:00,2026-05-28 08:30:00,11,stunde_rekonstruiert,ha_lts_power_energy
Reihe 2,2026-05-28 10:30:00,2026-05-28 08:30:00,113,stunde_rekonstruiert,ha_lts_power_energy
Reihe 3,2026-05-28 10:30:00,2026-05-28 08:30:00,199,stunde_rekonstruiert,ha_lts_power_energy
Randreihe,2026-05-28 11:00:00,2026-05-28 09:00:00,118,stunde_rekonstruiert,ha_lts_power_energy
Reihe 1,2026-05-28 11:00:00,2026-05-28 09:00:00,11,stunde_rekonstruiert,ha_lts_power_energy
Reihe 2,2026-05-28 11:00:00,2026-05-28 09:00:00,118,stunde_rekonstruiert,ha_lts_power_energy
Reihe 3,2026-05-28 11:00:00,2026-05-28 09:00:00,115,stunde_rekonstruiert,ha_lts_power_energy
Randreihe,2026-05-28 11:30:00,2026-05-28 09:30:00,118,stunde_rekonstruiert,ha_lts_power_energy
Reihe 1,2026-05-28 11:30:00,2026-05-28 09:30:00,11,stunde_rekonstruiert,ha_lts_power_energy
Reihe 2,2026-05-28 11:30:00,2026-05-28 09:30:00,118,stunde_rekonstruiert,ha_lts_power_energy
Reihe 3,2026-05-28 11:30:00,2026-05-28 09:30:00,115,stunde_rekonstruiert,ha_lts_power_energy
Randreihe,2026-05-28 12:00:00,2026-05-28 10:00:00,118,stunde_rekonstruiert,ha_lts_power_energy
Reihe 1,2026-05-28 12:00:00,2026-05-28 10:00:00,11,stunde_rekonstruiert,ha_lts_power_energy
Reihe 2,2026-05-28 12:00:00,2026-05-28 10:00:00,113,stunde_rekonstruiert,ha_lts_power_energy
Reihe 3,2026-05-28 12:00:00,2026-05-28 10:00:00,119,stunde_rekonstruiert,ha_lts_power_energy
Randreihe,2026-05-28 12:30:00,2026-05-28 10:30:00,118,stunde_rekonstruiert,ha_lts_power_energy
Reihe 1,2026-05-28 12:30:00,2026-05-28 10:30:00,11,stunde_rekonstruiert,ha_lts_power_energy
Reihe 2,2026-05-28 12:30:00,2026-05-28 10:30:00,113,stunde_rekonstruiert,ha_lts_power_energy
Reihe 3,2026-05-28 12:30:00,2026-05-28 10:30:00,119,stunde_rekonstruiert,ha_lts_power_energy
Randreihe,2026-05-28 13:00:00,2026-05-28 11:00:00,116,stunde_rekonstruiert,ha_lts_power_energy
Reihe 1,2026-05-28 13:00:00,2026-05-28 11:00:00,11,stunde_rekonstruiert,ha_lts_power_energy
Reihe 2,2026-05-28 13:00:00,2026-05-28 11:00:00,119,stunde_rekonstruiert,ha_lts_power_energy
Reihe 3,2026-05-28 13:00:00,2026-05-28 11:00:00,131,stunde_rekonstruiert,ha_lts_power_energy
Randreihe,2026-05-28 13:30:00,2026-05-28 11:30:00,116,stunde_rekonstruiert,ha_lts_power_energy
Reihe 1,2026-05-28 13:30:00,2026-05-28 11:30:00,11,stunde_rekonstruiert,ha_lts_power_energy
Reihe 2,2026-05-28 13:30:00,2026-05-28 11:30:00,119,stunde_rekonstruiert,ha_lts_power_energy
Reihe 3,2026-05-28 13:30:00,2026-05-28 11:30:00,131,stunde_rekonstruiert,ha_lts_power_energy
Randreihe,2026-05-28 14:00:00,2026-05-28 12:00:00,118,stunde_rekonstruiert,ha_lts_power_energy
Reihe 1,2026-05-28 14:00:00,2026-05-28 12:00:00,16,stunde_rekonstruiert,ha_lts_power_energy
Reihe 2,2026-05-28 14:00:00,2026-05-28 12:00:00,116,stunde_rekonstruiert,ha_lts_power_energy
Reihe 3,2026-05-28 14:00:00,2026-05-28 12:00:00,119,stunde_rekonstruiert,ha_lts_power_energy
Randreihe,2026-05-28 14:30:00,2026-05-28 12:30:00,118,stunde_rekonstruiert,ha_lts_power_energy
Reihe 1,2026-05-28 14:30:00,2026-05-28 12:30:00,16,stunde_rekonstruiert,ha_lts_power_energy
Reihe 2,2026-05-28 14:30:00,2026-05-28 12:30:00,116,stunde_rekonstruiert,ha_lts_power_energy
Reihe 3,2026-05-28 14:30:00,2026-05-28 12:30:00,119,stunde_rekonstruiert,ha_lts_power_energy
Randreihe,2026-05-28 15:00:00,2026-05-28 13:00:00,230,stunde_rekonstruiert,ha_lts_power_energy
Reihe 1,2026-05-28 15:00:00,2026-05-28 13:00:00,10,stunde_rekonstruiert,ha_lts_power_energy
Reihe 2,2026-05-28 15:00:00,2026-05-28 13:00:00,233,stunde_rekonstruiert,ha_lts_power_energy
Reihe 3,2026-05-28 15:00:00,2026-05-28 13:00:00,116,stunde_rekonstruiert,ha_lts_power_energy
Randreihe,2026-05-28 15:30:00,2026-05-28 13:30:00,230,stunde_rekonstruiert,ha_lts_power_energy
Reihe 1,2026-05-28 15:30:00,2026-05-28 13:30:00,10,stunde_rekonstruiert,ha_lts_power_energy
Reihe 2,2026-05-28 15:30:00,2026-05-28 13:30:00,233,stunde_rekonstruiert,ha_lts_power_energy
Reihe 3,2026-05-28 15:30:00,2026-05-28 13:30:00,116,stunde_rekonstruiert,ha_lts_power_energy
Randreihe,2026-05-28 16:00:00,2026-05-28 14:00:00,118,stunde_rekonstruiert,ha_lts_power_energy
Reihe 1,2026-05-28 16:00:00,2026-05-28 14:00:00,11,stunde_rekonstruiert,ha_lts_power_energy
Reihe 2,2026-05-28 16:00:00,2026-05-28 14:00:00,118,stunde_rekonstruiert,ha_lts_power_energy
Reihe 3,2026-05-28 16:00:00,2026-05-28 14:00:00,232,stunde_rekonstruiert,ha_lts_power_energy
Randreihe,2026-05-28 16:30:00,2026-05-28 14:30:00,118,stunde_rekonstruiert,ha_lts_power_energy
Reihe 1,2026-05-28 16:30:00,2026-05-28 14:30:00,11,stunde_rekonstruiert,ha_lts_power_energy
Reihe 2,2026-05-28 16:30:00,2026-05-28 14:30:00,118,stunde_rekonstruiert,ha_lts_power_energy
Reihe 3,2026-05-28 16:30:00,2026-05-28 14:30:00,232,stunde_rekonstruiert,ha_lts_power_energy
Randreihe,2026-05-28 17:00:00,2026-05-28 15:00:00,117,stunde_rekonstruiert,ha_lts_power_energy
Reihe 1,2026-05-28 17:00:00,2026-05-28 15:00:00,11,stunde_rekonstruiert,ha_lts_power_energy
Reihe 2,2026-05-28 17:00:00,2026-05-28 15:00:00,118,stunde_rekonstruiert,ha_lts_power_energy
Reihe 3,2026-05-28 17:00:00,2026-05-28 15:00:00,119,stunde_rekonstruiert,ha_lts_power_energy
Randreihe,2026-05-28 17:30:00,2026-05-28 15:30:00,117,stunde_rekonstruiert,ha_lts_power_energy
Reihe 1,2026-05-28 17:30:00,2026-05-28 15:30:00,11,stunde_rekonstruiert,ha_lts_power_energy
Reihe 2,2026-05-28 17:30:00,2026-05-28 15:30:00,118,stunde_rekonstruiert,ha_lts_power_energy
Reihe 3,2026-05-28 17:30:00,2026-05-28 15:30:00,119,stunde_rekonstruiert,ha_lts_power_energy
Reihe 1,2026-05-28 18:00:00,2026-05-28 16:00:00,11,stunde_rekonstruiert,ha_lts_power_energy
Reihe 1,2026-05-28 18:30:00,2026-05-28 16:30:00,11,stunde_rekonstruiert,ha_lts_power_energy
Reihe 1,2026-05-28 19:00:00,2026-05-28 17:00:00,11,stunde_rekonstruiert,ha_lts_power_energy
Reihe 1,2026-05-28 19:30:00,2026-05-28 17:30:00,11,stunde_rekonstruiert,ha_lts_power_energy
Reihe 1,2026-05-28 20:00:00,2026-05-28 18:00:00,11,stunde_rekonstruiert,ha_lts_power_energy
Reihe 1,2026-05-28 20:30:00,2026-05-28 18:30:00,11,stunde_rekonstruiert,ha_lts_power_energy
Reihe 1,2026-05-29 06:00:00,2026-05-29 04:00:00,12,stunde_rekonstruiert,ha_lts_power_energy
Reihe 1,2026-05-29 06:30:00,2026-05-29 04:30:00,12,stunde_rekonstruiert,ha_lts_power_energy
Randreihe,2026-05-29 07:00:00,2026-05-29 05:00:00,116,stunde_rekonstruiert,ha_lts_power_energy
Reihe 1,2026-05-29 07:00:00,2026-05-29 05:00:00,12,stunde_rekonstruiert,ha_lts_power_energy
Reihe 2,2026-05-29 07:00:00,2026-05-29 05:00:00,116,stunde_rekonstruiert,ha_lts_power_energy
Reihe 3,2026-05-29 07:00:00,2026-05-29 05:00:00,119,stunde_rekonstruiert,ha_lts_power_energy
Randreihe,2026-05-29 07:30:00,2026-05-29 05:30:00,116,stunde_rekonstruiert,ha_lts_power_energy
Reihe 1,2026-05-29 07:30:00,2026-05-29 05:30:00,12,stunde_rekonstruiert,ha_lts_power_energy
Reihe 2,2026-05-29 07:30:00,2026-05-29 05:30:00,116,stunde_rekonstruiert,ha_lts_power_energy
Reihe 3,2026-05-29 07:30:00,2026-05-29 05:30:00,119,stunde_rekonstruiert,ha_lts_power_energy
Reihe 1,2026-05-29 08:00:00,2026-05-29 06:00:00,10,stunde_rekonstruiert,ha_lts_power_energy
Reihe 1,2026-05-29 08:30:00,2026-05-29 06:30:00,10,stunde_rekonstruiert,ha_lts_power_energy
Randreihe,2026-05-29 09:00:00,2026-05-29 07:00:00,233,stunde_rekonstruiert,ha_lts_power_energy
Reihe 1,2026-05-29 09:00:00,2026-05-29 07:00:00,11,stunde_rekonstruiert,ha_lts_power_energy
Reihe 2,2026-05-29 09:00:00,2026-05-29 07:00:00,235,stunde_rekonstruiert,ha_lts_power_energy
Reihe 3,2026-05-29 09:00:00,2026-05-29 07:00:00,237,stunde_rekonstruiert,ha_lts_power_energy
Randreihe,2026-05-29 09:30:00,2026-05-29 07:30:00,233,stunde_rekonstruiert,ha_lts_power_energy
Reihe 1,2026-05-29 09:30:00,2026-05-29 07:30:00,11,stunde_rekonstruiert,ha_lts_power_energy
Reihe 2,2026-05-29 09:30:00,2026-05-29 07:30:00,235,stunde_rekonstruiert,ha_lts_power_energy
Reihe 3,2026-05-29 09:30:00,2026-05-29 07:30:00,237,stunde_rekonstruiert,ha_lts_power_energy
Randreihe,2026-05-29 10:00:00,2026-05-29 08:00:00,116,stunde_rekonstruiert,ha_lts_power_energy
Reihe 1,2026-05-29 10:00:00,2026-05-29 08:00:00,11,stunde_rekonstruiert,ha_lts_power_energy
Reihe 2,2026-05-29 10:00:00,2026-05-29 08:00:00,117,stunde_rekonstruiert,ha_lts_power_energy
Reihe 3,2026-05-29 10:00:00,2026-05-29 08:00:00,234,stunde_rekonstruiert,ha_lts_power_energy
Randreihe,2026-05-29 10:30:00,2026-05-29 08:30:00,116,stunde_rekonstruiert,ha_lts_power_energy
Reihe 1,2026-05-29 10:30:00,2026-05-29 08:30:00,11,stunde_rekonstruiert,ha_lts_power_energy
Reihe 2,2026-05-29 10:30:00,2026-05-29 08:30:00,117,stunde_rekonstruiert,ha_lts_power_energy
Reihe 3,2026-05-29 10:30:00,2026-05-29 08:30:00,234,stunde_rekonstruiert,ha_lts_power_energy
Randreihe,2026-05-29 11:00:00,2026-05-29 09:00:00,235,stunde_rekonstruiert,ha_lts_power_energy
Reihe 1,2026-05-29 11:00:00,2026-05-29 09:00:00,11,stunde_rekonstruiert,ha_lts_power_energy
Reihe 2,2026-05-29 11:00:00,2026-05-29 09:00:00,235,stunde_rekonstruiert,ha_lts_power_energy
Reihe 3,2026-05-29 11:00:00,2026-05-29 09:00:00,236,stunde_rekonstruiert,ha_lts_power_energy
Randreihe,2026-05-29 11:30:00,2026-05-29 09:30:00,235,stunde_rekonstruiert,ha_lts_power_energy
Reihe 1,2026-05-29 11:30:00,2026-05-29 09:30:00,11,stunde_rekonstruiert,ha_lts_power_energy
Reihe 2,2026-05-29 11:30:00,2026-05-29 09:30:00,235,stunde_rekonstruiert,ha_lts_power_energy
Reihe 3,2026-05-29 11:30:00,2026-05-29 09:30:00,236,stunde_rekonstruiert,ha_lts_power_energy
Randreihe,2026-05-29 12:00:00,2026-05-29 10:00:00,235,stunde_rekonstruiert,ha_lts_power_energy
Reihe 1,2026-05-29 12:00:00,2026-05-29 10:00:00,12,stunde_rekonstruiert,ha_lts_power_energy
Reihe 2,2026-05-29 12:00:00,2026-05-29 10:00:00,229,stunde_rekonstruiert,ha_lts_power_energy
Reihe 3,2026-05-29 12:00:00,2026-05-29 10:00:00,237,stunde_rekonstruiert,ha_lts_power_energy
Randreihe,2026-05-29 12:30:00,2026-05-29 10:30:00,235,stunde_rekonstruiert,ha_lts_power_energy
Reihe 1,2026-05-29 12:30:00,2026-05-29 10:30:00,12,stunde_rekonstruiert,ha_lts_power_energy
Reihe 2,2026-05-29 12:30:00,2026-05-29 10:30:00,229,stunde_rekonstruiert,ha_lts_power_energy
Reihe 3,2026-05-29 12:30:00,2026-05-29 10:30:00,237,stunde_rekonstruiert,ha_lts_power_energy
Randreihe,2026-05-29 13:00:00,2026-05-29 11:00:00,116,stunde_rekonstruiert,ha_lts_power_energy
Reihe 1,2026-05-29 13:00:00,2026-05-29 11:00:00,11,stunde_rekonstruiert,ha_lts_power_energy
Reihe 2,2026-05-29 13:00:00,2026-05-29 11:00:00,116,stunde_rekonstruiert,ha_lts_power_energy
Reihe 3,2026-05-29 13:00:00,2026-05-29 11:00:00,119,stunde_rekonstruiert,ha_lts_power_energy
Randreihe,2026-05-29 13:30:00,2026-05-29 11:30:00,116,stunde_rekonstruiert,ha_lts_power_energy
Reihe 1,2026-05-29 13:30:00,2026-05-29 11:30:00,11,stunde_rekonstruiert,ha_lts_power_energy
Reihe 2,2026-05-29 13:30:00,2026-05-29 11:30:00,116,stunde_rekonstruiert,ha_lts_power_energy
Reihe 3,2026-05-29 13:30:00,2026-05-29 11:30:00,119,stunde_rekonstruiert,ha_lts_power_energy
Randreihe,2026-05-29 14:00:00,2026-05-29 12:00:00,164,stunde_rekonstruiert,ha_lts_power_energy
Reihe 1,2026-05-29 14:00:00,2026-05-29 12:00:00,11,stunde_rekonstruiert,ha_lts_power_energy
Reihe 2,2026-05-29 14:00:00,2026-05-29 12:00:00,180,stunde_rekonstruiert,ha_lts_power_energy
Reihe 3,2026-05-29 14:00:00,2026-05-29 12:00:00,207,stunde_rekonstruiert,ha_lts_power_energy
Randreihe,2026-05-29 14:30:00,2026-05-29 12:30:00,164,stunde_rekonstruiert,ha_lts_power_energy
Reihe 1,2026-05-29 14:30:00,2026-05-29 12:30:00,11,stunde_rekonstruiert,ha_lts_power_energy
Reihe 2,2026-05-29 14:30:00,2026-05-29 12:30:00,180,stunde_rekonstruiert,ha_lts_power_energy
Reihe 3,2026-05-29 14:30:00,2026-05-29 12:30:00,207,stunde_rekonstruiert,ha_lts_power_energy
Randreihe,2026-05-29 15:00:00,2026-05-29 13:00:00,191,stunde_rekonstruiert,ha_lts_power_energy
Reihe 1,2026-05-29 15:00:00,2026-05-29 13:00:00,11,stunde_rekonstruiert,ha_lts_power_energy
Reihe 2,2026-05-29 15:00:00,2026-05-29 13:00:00,143,stunde_rekonstruiert,ha_lts_power_energy
Reihe 3,2026-05-29 15:00:00,2026-05-29 13:00:00,179,stunde_rekonstruiert,ha_lts_power_energy
Randreihe,2026-05-29 15:30:00,2026-05-29 13:30:00,191,stunde_rekonstruiert,ha_lts_power_energy
Reihe 1,2026-05-29 15:30:00,2026-05-29 13:30:00,11,stunde_rekonstruiert,ha_lts_power_energy
Reihe 2,2026-05-29 15:30:00,2026-05-29 13:30:00,143,stunde_rekonstruiert,ha_lts_power_energy
Reihe 3,2026-05-29 15:30:00,2026-05-29 13:30:00,179,stunde_rekonstruiert,ha_lts_power_energy
Randreihe,2026-05-29 16:00:00,2026-05-29 14:00:00,115,stunde_rekonstruiert,ha_lts_power_energy
Reihe 1,2026-05-29 16:00:00,2026-05-29 14:00:00,11,stunde_rekonstruiert,ha_lts_power_energy
Reihe 2,2026-05-29 16:00:00,2026-05-29 14:00:00,145,stunde_rekonstruiert,ha_lts_power_energy
Reihe 3,2026-05-29 16:00:00,2026-05-29 14:00:00,146,stunde_rekonstruiert,ha_lts_power_energy
Randreihe,2026-05-29 16:30:00,2026-05-29 14:30:00,115,stunde_rekonstruiert,ha_lts_power_energy
Reihe 1,2026-05-29 16:30:00,2026-05-29 14:30:00,11,stunde_rekonstruiert,ha_lts_power_energy
Reihe 2,2026-05-29 16:30:00,2026-05-29 14:30:00,145,stunde_rekonstruiert,ha_lts_power_energy
Reihe 3,2026-05-29 16:30:00,2026-05-29 14:30:00,146,stunde_rekonstruiert,ha_lts_power_energy
Randreihe,2026-05-29 17:00:00,2026-05-29 15:00:00,173,stunde_rekonstruiert,ha_lts_power_energy
Reihe 1,2026-05-29 17:00:00,2026-05-29 15:00:00,11,stunde_rekonstruiert,ha_lts_power_energy
Reihe 2,2026-05-29 17:00:00,2026-05-29 15:00:00,174,stunde_rekonstruiert,ha_lts_power_energy
Reihe 3,2026-05-29 17:00:00,2026-05-29 15:00:00,134,stunde_rekonstruiert,ha_lts_power_energy
Randreihe,2026-05-29 17:30:00,2026-05-29 15:30:00,173,stunde_rekonstruiert,ha_lts_power_energy
Reihe 1,2026-05-29 17:30:00,2026-05-29 15:30:00,11,stunde_rekonstruiert,ha_lts_power_energy
Reihe 2,2026-05-29 17:30:00,2026-05-29 15:30:00,174,stunde_rekonstruiert,ha_lts_power_energy
Reihe 3,2026-05-29 17:30:00,2026-05-29 15:30:00,134,stunde_rekonstruiert,ha_lts_power_energy
Reihe 1,2026-05-29 18:00:00,2026-05-29 16:00:00,12,stunde_rekonstruiert,ha_lts_power_energy
Reihe 3,2026-05-29 18:00:00,2026-05-29 16:00:00,145,stunde_rekonstruiert,ha_lts_power_energy
Reihe 1,2026-05-29 18:30:00,2026-05-29 16:30:00,12,stunde_rekonstruiert,ha_lts_power_energy
Reihe 1,2026-05-29 19:00:00,2026-05-29 17:00:00,12,stunde_rekonstruiert,ha_lts_power_energy
Reihe 1,2026-05-29 19:30:00,2026-05-29 17:30:00,12,stunde_rekonstruiert,ha_lts_power_energy
Reihe 1,2026-05-29 20:00:00,2026-05-29 18:00:00,11,stunde_rekonstruiert,ha_lts_power_energy
Reihe 1,2026-05-29 20:30:00,2026-05-29 18:30:00,11,stunde_rekonstruiert,ha_lts_power_energy
Reihe 1,2026-05-30 06:00:00,2026-05-30 04:00:00,11,stunde_rekonstruiert,ha_lts_power_energy
Reihe 1,2026-05-30 06:30:00,2026-05-30 04:30:00,11,stunde_rekonstruiert,ha_lts_power_energy
Randreihe,2026-05-30 07:00:00,2026-05-30 05:00:00,177,stunde_rekonstruiert,ha_lts_power_energy
Reihe 1,2026-05-30 07:00:00,2026-05-30 05:00:00,10,stunde_rekonstruiert,ha_lts_power_energy
Reihe 2,2026-05-30 07:00:00,2026-05-30 05:00:00,177,stunde_rekonstruiert,ha_lts_power_energy
Reihe 3,2026-05-30 07:00:00,2026-05-30 05:00:00,172,stunde_rekonstruiert,ha_lts_power_energy
Reihe 1,2026-05-30 07:30:00,2026-05-30 05:30:00,10,stunde_rekonstruiert,ha_lts_power_energy
Reihe 1,2026-05-30 08:00:00,2026-05-30 06:00:00,11,stunde_rekonstruiert,ha_lts_power_energy
Reihe 3,2026-05-30 08:00:00,2026-05-30 06:00:00,175,stunde_rekonstruiert,ha_lts_power_energy
Reihe 1,2026-05-30 08:30:00,2026-05-30 06:30:00,11,stunde_rekonstruiert,ha_lts_power_energy
Randreihe,2026-05-30 09:00:00,2026-05-30 07:00:00,175,stunde_rekonstruiert,ha_lts_power_energy
Reihe 1,2026-05-30 09:00:00,2026-05-30 07:00:00,11,stunde_rekonstruiert,ha_lts_power_energy
Reihe 2,2026-05-30 09:00:00,2026-05-30 07:00:00,176,stunde_rekonstruiert,ha_lts_power_energy
Reihe 3,2026-05-30 09:00:00,2026-05-30 07:00:00,178,stunde_rekonstruiert,ha_lts_power_energy
Randreihe,2026-05-30 09:30:00,2026-05-30 07:30:00,175,stunde_rekonstruiert,ha_lts_power_energy
Reihe 1,2026-05-30 09:30:00,2026-05-30 07:30:00,11,stunde_rekonstruiert,ha_lts_power_energy
Reihe 2,2026-05-30 09:30:00,2026-05-30 07:30:00,176,stunde_rekonstruiert,ha_lts_power_energy
Randreihe,2026-05-30 10:00:00,2026-05-30 08:00:00,180,stunde_rekonstruiert,ha_lts_power_energy
Reihe 1,2026-05-30 10:00:00,2026-05-30 08:00:00,12,stunde_rekonstruiert,ha_lts_power_energy
Reihe 2,2026-05-30 10:00:00,2026-05-30 08:00:00,177,stunde_rekonstruiert,ha_lts_power_energy
Reihe 3,2026-05-30 10:00:00,2026-05-30 08:00:00,178,stunde_rekonstruiert,ha_lts_power_energy
Reihe 1,2026-05-30 10:30:00,2026-05-30 08:30:00,12,stunde_rekonstruiert,ha_lts_power_energy
Reihe 3,2026-05-30 10:30:00,2026-05-30 08:30:00,178,stunde_rekonstruiert,ha_lts_power_energy
Randreihe,2026-05-30 11:00:00,2026-05-30 09:00:00,173,stunde_rekonstruiert,ha_lts_power_energy
Reihe 1,2026-05-30 11:00:00,2026-05-30 09:00:00,11,stunde_rekonstruiert,ha_lts_power_energy
Reihe 2,2026-05-30 11:00:00,2026-05-30 09:00:00,176,stunde_rekonstruiert,ha_lts_power_energy
Reihe 3,2026-05-30 11:00:00,2026-05-30 09:00:00,179,stunde_rekonstruiert,ha_lts_power_energy
Randreihe,2026-05-30 11:30:00,2026-05-30 09:30:00,173,stunde_rekonstruiert,ha_lts_power_energy
Reihe 1,2026-05-30 11:30:00,2026-05-30 09:30:00,11,stunde_rekonstruiert,ha_lts_power_energy
Reihe 2,2026-05-30 11:30:00,2026-05-30 09:30:00,176,stunde_rekonstruiert,ha_lts_power_energy
Reihe 3,2026-05-30 11:30:00,2026-05-30 09:30:00,179,stunde_rekonstruiert,ha_lts_power_energy
Randreihe,2026-05-30 12:00:00,2026-05-30 10:00:00,174,stunde_rekonstruiert,ha_lts_power_energy
Reihe 1,2026-05-30 12:00:00,2026-05-30 10:00:00,12,stunde_rekonstruiert,ha_lts_power_energy
Reihe 2,2026-05-30 12:00:00,2026-05-30 10:00:00,175,stunde_rekonstruiert,ha_lts_power_energy
Reihe 3,2026-05-30 12:00:00,2026-05-30 10:00:00,179,stunde_rekonstruiert,ha_lts_power_energy
Randreihe,2026-05-30 12:30:00,2026-05-30 10:30:00,174,stunde_rekonstruiert,ha_lts_power_energy
Reihe 1,2026-05-30 12:30:00,2026-05-30 10:30:00,12,stunde_rekonstruiert,ha_lts_power_energy
Reihe 2,2026-05-30 12:30:00,2026-05-30 10:30:00,175,stunde_rekonstruiert,ha_lts_power_energy
Reihe 3,2026-05-30 12:30:00,2026-05-30 10:30:00,179,stunde_rekonstruiert,ha_lts_power_energy
Reihe 1,2026-05-30 13:00:00,2026-05-30 11:00:00,11,stunde_rekonstruiert,ha_lts_power_energy
Reihe 1,2026-05-30 13:30:00,2026-05-30 11:30:00,11,stunde_rekonstruiert,ha_lts_power_energy
Randreihe,2026-05-30 14:00:00,2026-05-30 12:00:00,169,stunde_rekonstruiert,ha_lts_power_energy
Reihe 1,2026-05-30 14:00:00,2026-05-30 12:00:00,11,stunde_rekonstruiert,ha_lts_power_energy
Reihe 2,2026-05-30 14:00:00,2026-05-30 12:00:00,178,stunde_rekonstruiert,ha_lts_power_energy
Reihe 3,2026-05-30 14:00:00,2026-05-30 12:00:00,172,stunde_rekonstruiert,ha_lts_power_energy
Reihe 1,2026-05-30 14:30:00,2026-05-30 12:30:00,11,stunde_rekonstruiert,ha_lts_power_energy
Reihe 1,2026-05-30 15:00:00,2026-05-30 13:00:00,11,stunde_rekonstruiert,ha_lts_power_energy
Reihe 1,2026-05-30 15:30:00,2026-05-30 13:30:00,11,stunde_rekonstruiert,ha_lts_power_energy
Randreihe,2026-05-30 16:00:00,2026-05-30 14:00:00,176,stunde_rekonstruiert,ha_lts_power_energy
Reihe 1,2026-05-30 16:00:00,2026-05-30 14:00:00,11,stunde_rekonstruiert,ha_lts_power_energy
Reihe 2,2026-05-30 16:00:00,2026-05-30 14:00:00,178,stunde_rekonstruiert,ha_lts_power_energy
Reihe 3,2026-05-30 16:00:00,2026-05-30 14:00:00,180,stunde_rekonstruiert,ha_lts_power_energy
Reihe 1,2026-05-30 16:30:00,2026-05-30 14:30:00,11,stunde_rekonstruiert,ha_lts_power_energy
Reihe 1,2026-05-30 17:00:00,2026-05-30 15:00:00,11,stunde_rekonstruiert,ha_lts_power_energy
Reihe 1,2026-05-30 17:30:00,2026-05-30 15:30:00,11,stunde_rekonstruiert,ha_lts_power_energy
Reihe 1,2026-05-30 18:00:00,2026-05-30 16:00:00,11,stunde_rekonstruiert,ha_lts_power_energy
Reihe 1,2026-05-30 18:30:00,2026-05-30 16:30:00,11,stunde_rekonstruiert,ha_lts_power_energy
Reihe 1,2026-05-30 19:00:00,2026-05-30 17:00:00,11,stunde_rekonstruiert,ha_lts_power_energy
Reihe 1,2026-05-30 19:30:00,2026-05-30 17:30:00,11,stunde_rekonstruiert,ha_lts_power_energy
Reihe 1,2026-05-30 20:00:00,2026-05-30 18:00:00,12,stunde_rekonstruiert,ha_lts_power_energy
Reihe 1,2026-05-30 20:30:00,2026-05-30 18:30:00,12,stunde_rekonstruiert,ha_lts_power_energy
Randreihe,2026-05-31 06:00:00,2026-05-31 04:00:00,174,stunde_rekonstruiert,ha_lts_power_energy
Reihe 1,2026-05-31 06:00:00,2026-05-31 04:00:00,12,stunde_rekonstruiert,ha_lts_power_energy
Reihe 2,2026-05-31 06:00:00,2026-05-31 04:00:00,176,stunde_rekonstruiert,ha_lts_power_energy
Reihe 3,2026-05-31 06:00:00,2026-05-31 04:00:00,178,stunde_rekonstruiert,ha_lts_power_energy
Reihe 1,2026-05-31 06:30:00,2026-05-31 04:30:00,12,stunde_rekonstruiert,ha_lts_power_energy
Reihe 1,2026-05-31 07:00:00,2026-05-31 05:00:00,12,stunde_rekonstruiert,ha_lts_power_energy
Reihe 1,2026-05-31 07:30:00,2026-05-31 05:30:00,12,stunde_rekonstruiert,ha_lts_power_energy
Randreihe,2026-05-31 08:00:00,2026-05-31 06:00:00,175,stunde_rekonstruiert,ha_lts_power_energy
Reihe 1,2026-05-31 08:00:00,2026-05-31 06:00:00,11,stunde_rekonstruiert,ha_lts_power_energy
Reihe 2,2026-05-31 08:00:00,2026-05-31 06:00:00,176,stunde_rekonstruiert,ha_lts_power_energy
Reihe 3,2026-05-31 08:00:00,2026-05-31 06:00:00,174,stunde_rekonstruiert,ha_lts_power_energy
Reihe 1,2026-05-31 08:30:00,2026-05-31 06:30:00,11,stunde_rekonstruiert,ha_lts_power_energy
Reihe 1,2026-05-31 09:00:00,2026-05-31 07:00:00,12,stunde_rekonstruiert,ha_lts_power_energy
Reihe 1,2026-05-31 09:30:00,2026-05-31 07:30:00,12,stunde_rekonstruiert,ha_lts_power_energy
Randreihe,2026-05-31 10:00:00,2026-05-31 08:00:00,174,stunde_rekonstruiert,ha_lts_power_energy
Reihe 1,2026-05-31 10:00:00,2026-05-31 08:00:00,11,stunde_rekonstruiert,ha_lts_power_energy
Reihe 2,2026-05-31 10:00:00,2026-05-31 08:00:00,175,stunde_rekonstruiert,ha_lts_power_energy
Reihe 3,2026-05-31 10:00:00,2026-05-31 08:00:00,179,stunde_rekonstruiert,ha_lts_power_energy
Reihe 1,2026-05-31 10:30:00,2026-05-31 08:30:00,11,stunde_rekonstruiert,ha_lts_power_energy
Randreihe,2026-05-31 11:00:00,2026-05-31 09:00:00,175,stunde_rekonstruiert,ha_lts_power_energy
Reihe 1,2026-05-31 11:00:00,2026-05-31 09:00:00,11,stunde_rekonstruiert,ha_lts_power_energy
Reihe 2,2026-05-31 11:00:00,2026-05-31 09:00:00,177,stunde_rekonstruiert,ha_lts_power_energy
Reihe 3,2026-05-31 11:00:00,2026-05-31 09:00:00,180,stunde_rekonstruiert,ha_lts_power_energy
Reihe 1,2026-05-31 11:30:00,2026-05-31 09:30:00,11,stunde_rekonstruiert,ha_lts_power_energy
Randreihe,2026-05-31 12:00:00,2026-05-31 10:00:00,120,stunde_rekonstruiert,ha_lts_power_energy
Reihe 1,2026-05-31 12:00:00,2026-05-31 10:00:00,11,stunde_rekonstruiert,ha_lts_power_energy
Reihe 2,2026-05-31 12:00:00,2026-05-31 10:00:00,175,stunde_rekonstruiert,ha_lts_power_energy
Reihe 3,2026-05-31 12:00:00,2026-05-31 10:00:00,173,stunde_rekonstruiert,ha_lts_power_energy
Reihe 1,2026-05-31 12:30:00,2026-05-31 10:30:00,11,stunde_rekonstruiert,ha_lts_power_energy
Randreihe,2026-05-31 13:00:00,2026-05-31 11:00:00,115,stunde_rekonstruiert,ha_lts_power_energy
Reihe 1,2026-05-31 13:00:00,2026-05-31 11:00:00,11,stunde_rekonstruiert,ha_lts_power_energy
Reihe 2,2026-05-31 13:00:00,2026-05-31 11:00:00,178,stunde_rekonstruiert,ha_lts_power_energy
Reihe 3,2026-05-31 13:00:00,2026-05-31 11:00:00,179,stunde_rekonstruiert,ha_lts_power_energy
Randreihe,2026-05-31 13:30:00,2026-05-31 11:30:00,115,stunde_rekonstruiert,ha_lts_power_energy
Reihe 1,2026-05-31 13:30:00,2026-05-31 11:30:00,11,stunde_rekonstruiert,ha_lts_power_energy
Reihe 1,2026-05-31 14:00:00,2026-05-31 12:00:00,11,stunde_rekonstruiert,ha_lts_power_energy
Reihe 3,2026-05-31 14:00:00,2026-05-31 12:00:00,179,stunde_rekonstruiert,ha_lts_power_energy
Reihe 1,2026-05-31 14:30:00,2026-05-31 12:30:00,11,stunde_rekonstruiert,ha_lts_power_energy
Randreihe,2026-05-31 15:00:00,2026-05-31 13:00:00,177,stunde_rekonstruiert,ha_lts_power_energy
Reihe 1,2026-05-31 15:00:00,2026-05-31 13:00:00,12,stunde_rekonstruiert,ha_lts_power_energy
Reihe 2,2026-05-31 15:00:00,2026-05-31 13:00:00,178,stunde_rekonstruiert,ha_lts_power_energy
Reihe 3,2026-05-31 15:00:00,2026-05-31 13:00:00,174,stunde_rekonstruiert,ha_lts_power_energy
Reihe 1,2026-05-31 15:30:00,2026-05-31 13:30:00,12,stunde_rekonstruiert,ha_lts_power_energy
Randreihe,2026-05-31 16:00:00,2026-05-31 14:00:00,176,stunde_rekonstruiert,ha_lts_power_energy
Reihe 1,2026-05-31 16:00:00,2026-05-31 14:00:00,11,stunde_rekonstruiert,ha_lts_power_energy
Reihe 2,2026-05-31 16:00:00,2026-05-31 14:00:00,176,stunde_rekonstruiert,ha_lts_power_energy
Reihe 3,2026-05-31 16:00:00,2026-05-31 14:00:00,180,stunde_rekonstruiert,ha_lts_power_energy
Reihe 1,2026-05-31 16:30:00,2026-05-31 14:30:00,11,stunde_rekonstruiert,ha_lts_power_energy
Reihe 1,2026-05-31 17:00:00,2026-05-31 15:00:00,11,stunde_rekonstruiert,ha_lts_power_energy
Reihe 3,2026-05-31 17:00:00,2026-05-31 15:00:00,72,stunde_rekonstruiert,ha_lts_power_energy
Reihe 1,2026-05-31 17:30:00,2026-05-31 15:30:00,11,stunde_rekonstruiert,ha_lts_power_energy
Reihe 1,2026-05-31 18:00:00,2026-05-31 16:00:00,10,stunde_rekonstruiert,ha_lts_power_energy
Reihe 3,2026-05-31 18:00:00,2026-05-31 16:00:00,116,stunde_rekonstruiert,ha_lts_power_energy
Reihe 1,2026-05-31 18:30:00,2026-05-31 16:30:00,10,stunde_rekonstruiert,ha_lts_power_energy
Reihe 1,2026-05-31 19:00:00,2026-05-31 17:00:00,11,stunde_rekonstruiert,ha_lts_power_energy
Reihe 1,2026-05-31 19:30:00,2026-05-31 17:30:00,11,stunde_rekonstruiert,ha_lts_power_energy
Reihe 1,2026-05-31 20:00:00,2026-05-31 18:00:00,11,stunde_rekonstruiert,ha_lts_power_energy
Reihe 1,2026-05-31 20:30:00,2026-05-31 18:30:00,11,stunde_rekonstruiert,ha_lts_power_energy
Reihe 1,2026-06-01 06:00:00,2026-06-01 04:00:00,11,stunde_rekonstruiert,ha_lts_power_energy
Reihe 1,2026-06-01 06:30:00,2026-06-01 04:30:00,11,stunde_rekonstruiert,ha_lts_power_energy
Randreihe,2026-06-01 07:00:00,2026-06-01 05:00:00,174,stunde_rekonstruiert,ha_lts_power_energy
Reihe 1,2026-06-01 07:00:00,2026-06-01 05:00:00,10,stunde_rekonstruiert,ha_lts_power_energy
Reihe 2,2026-06-01 07:00:00,2026-06-01 05:00:00,175,stunde_rekonstruiert,ha_lts_power_energy
Reihe 3,2026-06-01 07:00:00,2026-06-01 05:00:00,176,stunde_rekonstruiert,ha_lts_power_energy
Reihe 1,2026-06-01 07:30:00,2026-06-01 05:30:00,10,stunde_rekonstruiert,ha_lts_power_energy
Reihe 1,2026-06-01 08:00:00,2026-06-01 06:00:00,11,stunde_rekonstruiert,ha_lts_power_energy
Reihe 1,2026-06-01 08:30:00,2026-06-01 06:30:00,11,stunde_rekonstruiert,ha_lts_power_energy
Randreihe,2026-06-01 09:00:00,2026-06-01 07:00:00,175,stunde_rekonstruiert,ha_lts_power_energy
Reihe 1,2026-06-01 09:00:00,2026-06-01 07:00:00,11,stunde_rekonstruiert,ha_lts_power_energy
Reihe 2,2026-06-01 09:00:00,2026-06-01 07:00:00,177,stunde_rekonstruiert,ha_lts_power_energy
Reihe 3,2026-06-01 09:00:00,2026-06-01 07:00:00,178,stunde_rekonstruiert,ha_lts_power_energy
Reihe 1,2026-06-01 09:30:00,2026-06-01 07:30:00,11,stunde_rekonstruiert,ha_lts_power_energy
Randreihe,2026-06-01 10:00:00,2026-06-01 08:00:00,176,stunde_rekonstruiert,ha_lts_power_energy
Reihe 1,2026-06-01 10:00:00,2026-06-01 08:00:00,12,stunde_rekonstruiert,ha_lts_power_energy
Reihe 2,2026-06-01 10:00:00,2026-06-01 08:00:00,177,stunde_rekonstruiert,ha_lts_power_energy
Reihe 3,2026-06-01 10:00:00,2026-06-01 08:00:00,177,stunde_rekonstruiert,ha_lts_power_energy
Reihe 1,2026-06-01 10:30:00,2026-06-01 08:30:00,12,stunde_rekonstruiert,ha_lts_power_energy
Reihe 3,2026-06-01 10:30:00,2026-06-01 08:30:00,177,stunde_rekonstruiert,ha_lts_power_energy
Randreihe,2026-06-01 11:00:00,2026-06-01 09:00:00,176,stunde_rekonstruiert,ha_lts_power_energy
Reihe 1,2026-06-01 11:00:00,2026-06-01 09:00:00,11,stunde_rekonstruiert,ha_lts_power_energy
Reihe 2,2026-06-01 11:00:00,2026-06-01 09:00:00,175,stunde_rekonstruiert,ha_lts_power_energy
Reihe 3,2026-06-01 11:00:00,2026-06-01 09:00:00,171,stunde_rekonstruiert,ha_lts_power_energy
Reihe 1,2026-06-01 11:30:00,2026-06-01 09:30:00,11,stunde_rekonstruiert,ha_lts_power_energy
Randreihe,2026-06-01 12:00:00,2026-06-01 10:00:00,178,stunde_rekonstruiert,ha_lts_power_energy
Reihe 1,2026-06-01 12:00:00,2026-06-01 10:00:00,11,stunde_rekonstruiert,ha_lts_power_energy
Reihe 2,2026-06-01 12:00:00,2026-06-01 10:00:00,175,stunde_rekonstruiert,ha_lts_power_energy
Reihe 3,2026-06-01 12:00:00,2026-06-01 10:00:00,268,stunde_rekonstruiert,ha_lts_power_energy
Reihe 1,2026-06-01 12:30:00,2026-06-01 10:30:00,11,stunde_rekonstruiert,ha_lts_power_energy
Reihe 3,2026-06-01 12:30:00,2026-06-01 10:30:00,268,stunde_rekonstruiert,ha_lts_power_energy
Randreihe,2026-06-01 13:00:00,2026-06-01 11:00:00,176,stunde_rekonstruiert,ha_lts_power_energy
Reihe 1,2026-06-01 13:00:00,2026-06-01 11:00:00,10,stunde_rekonstruiert,ha_lts_power_energy
Reihe 2,2026-06-01 13:00:00,2026-06-01 11:00:00,175,stunde_rekonstruiert,ha_lts_power_energy
Reihe 3,2026-06-01 13:00:00,2026-06-01 11:00:00,178,stunde_rekonstruiert,ha_lts_power_energy
Randreihe,2026-06-01 13:30:00,2026-06-01 11:30:00,176,stunde_rekonstruiert,ha_lts_power_energy
Reihe 1,2026-06-01 13:30:00,2026-06-01 11:30:00,10,stunde_rekonstruiert,ha_lts_power_energy
Reihe 2,2026-06-01 13:30:00,2026-06-01 11:30:00,175,stunde_rekonstruiert,ha_lts_power_energy
Reihe 3,2026-06-01 13:30:00,2026-06-01 11:30:00,178,stunde_rekonstruiert,ha_lts_power_energy
Randreihe,2026-06-01 14:00:00,2026-06-01 12:00:00,176,stunde_rekonstruiert,ha_lts_power_energy
Reihe 1,2026-06-01 14:00:00,2026-06-01 12:00:00,11,stunde_rekonstruiert,ha_lts_power_energy
Reihe 2,2026-06-01 14:00:00,2026-06-01 12:00:00,178,stunde_rekonstruiert,ha_lts_power_energy
Reihe 3,2026-06-01 14:00:00,2026-06-01 12:00:00,264,stunde_rekonstruiert,ha_lts_power_energy
Randreihe,2026-06-01 14:30:00,2026-06-01 12:30:00,176,stunde_rekonstruiert,ha_lts_power_energy
Reihe 1,2026-06-01 14:30:00,2026-06-01 12:30:00,11,stunde_rekonstruiert,ha_lts_power_energy
Reihe 2,2026-06-01 14:30:00,2026-06-01 12:30:00,178,stunde_rekonstruiert,ha_lts_power_energy
Reihe 3,2026-06-01 14:30:00,2026-06-01 12:30:00,264,stunde_rekonstruiert,ha_lts_power_energy
Randreihe,2026-06-01 15:00:00,2026-06-01 13:00:00,176,stunde_rekonstruiert,ha_lts_power_energy
Reihe 1,2026-06-01 15:00:00,2026-06-01 13:00:00,12,stunde_rekonstruiert,ha_lts_power_energy
Reihe 2,2026-06-01 15:00:00,2026-06-01 13:00:00,177,stunde_rekonstruiert,ha_lts_power_energy
Reihe 3,2026-06-01 15:00:00,2026-06-01 13:00:00,172,stunde_rekonstruiert,ha_lts_power_energy
Reihe 1,2026-06-01 15:30:00,2026-06-01 13:30:00,12,stunde_rekonstruiert,ha_lts_power_energy
Randreihe,2026-06-01 16:00:00,2026-06-01 14:00:00,181,stunde_rekonstruiert,ha_lts_power_energy
Reihe 1,2026-06-01 16:00:00,2026-06-01 14:00:00,11,stunde_rekonstruiert,ha_lts_power_energy
Reihe 2,2026-06-01 16:00:00,2026-06-01 14:00:00,182,stunde_rekonstruiert,ha_lts_power_energy
Reihe 3,2026-06-01 16:00:00,2026-06-01 14:00:00,180,stunde_rekonstruiert,ha_lts_power_energy
Reihe 1,2026-06-01 16:30:00,2026-06-01 14:30:00,11,stunde_rekonstruiert,ha_lts_power_energy
Randreihe,2026-06-01 17:00:00,2026-06-01 15:00:00,170,stunde_rekonstruiert,ha_lts_power_energy
Reihe 1,2026-06-01 17:00:00,2026-06-01 15:00:00,11,stunde_rekonstruiert,ha_lts_power_energy
Reihe 2,2026-06-01 17:00:00,2026-06-01 15:00:00,178,stunde_rekonstruiert,ha_lts_power_energy
Reihe 3,2026-06-01 17:00:00,2026-06-01 15:00:00,179,stunde_rekonstruiert,ha_lts_power_energy
Randreihe,2026-06-01 17:30:00,2026-06-01 15:30:00,170,stunde_rekonstruiert,ha_lts_power_energy
Reihe 1,2026-06-01 17:30:00,2026-06-01 15:30:00,11,stunde_rekonstruiert,ha_lts_power_energy
Reihe 2,2026-06-01 17:30:00,2026-06-01 15:30:00,178,stunde_rekonstruiert,ha_lts_power_energy
Reihe 3,2026-06-01 17:30:00,2026-06-01 15:30:00,179,stunde_rekonstruiert,ha_lts_power_energy
Reihe 1,2026-06-01 18:00:00,2026-06-01 16:00:00,11,stunde_rekonstruiert,ha_lts_power_energy
Reihe 1,2026-06-01 18:30:00,2026-06-01 16:30:00,11,stunde_rekonstruiert,ha_lts_power_energy
Reihe 1,2026-06-01 19:00:00,2026-06-01 17:00:00,11,stunde_rekonstruiert,ha_lts_power_energy
Reihe 1,2026-06-01 19:30:00,2026-06-01 17:30:00,11,stunde_rekonstruiert,ha_lts_power_energy
Reihe 1,2026-06-01 20:00:00,2026-06-01 18:00:00,10,stunde_rekonstruiert,ha_lts_power_energy
Reihe 1,2026-06-01 20:30:00,2026-06-01 18:30:00,10,stunde_rekonstruiert,ha_lts_power_energy
Reihe 1,2026-06-02 06:00:00,2026-06-02 04:00:00,11,stunde_rekonstruiert,ha_lts_power_energy
Reihe 1,2026-06-02 06:30:00,2026-06-02 04:30:00,11,stunde_rekonstruiert,ha_lts_power_energy
Randreihe,2026-06-02 07:00:00,2026-06-02 05:00:00,175,stunde_rekonstruiert,ha_lts_power_energy
Reihe 1,2026-06-02 07:00:00,2026-06-02 05:00:00,12,stunde_rekonstruiert,ha_lts_power_energy
Reihe 2,2026-06-02 07:00:00,2026-06-02 05:00:00,175,stunde_rekonstruiert,ha_lts_power_energy
Reihe 3,2026-06-02 07:00:00,2026-06-02 05:00:00,179,stunde_rekonstruiert,ha_lts_power_energy
Reihe 1,2026-06-02 07:30:00,2026-06-02 05:30:00,12,stunde_rekonstruiert,ha_lts_power_energy
Randreihe,2026-06-02 08:00:00,2026-06-02 06:00:00,176,stunde_rekonstruiert,ha_lts_power_energy
Reihe 1,2026-06-02 08:00:00,2026-06-02 06:00:00,11,stunde_rekonstruiert,ha_lts_power_energy
Reihe 2,2026-06-02 08:00:00,2026-06-02 06:00:00,176,stunde_rekonstruiert,ha_lts_power_energy
Reihe 3,2026-06-02 08:00:00,2026-06-02 06:00:00,179,stunde_rekonstruiert,ha_lts_power_energy
Reihe 1,2026-06-02 08:30:00,2026-06-02 06:30:00,11,stunde_rekonstruiert,ha_lts_power_energy
Randreihe,2026-06-02 09:00:00,2026-06-02 07:00:00,178,stunde_rekonstruiert,ha_lts_power_energy
Reihe 1,2026-06-02 09:00:00,2026-06-02 07:00:00,11,stunde_rekonstruiert,ha_lts_power_energy
Reihe 2,2026-06-02 09:00:00,2026-06-02 07:00:00,175,stunde_rekonstruiert,ha_lts_power_energy
Reihe 3,2026-06-02 09:00:00,2026-06-02 07:00:00,175,stunde_rekonstruiert,ha_lts_power_energy
Reihe 1,2026-06-02 09:30:00,2026-06-02 07:30:00,11,stunde_rekonstruiert,ha_lts_power_energy
Randreihe,2026-06-02 10:00:00,2026-06-02 08:00:00,177,stunde_rekonstruiert,ha_lts_power_energy
Reihe 1,2026-06-02 10:00:00,2026-06-02 08:00:00,11,stunde_rekonstruiert,ha_lts_power_energy
Reihe 2,2026-06-02 10:00:00,2026-06-02 08:00:00,176,stunde_rekonstruiert,ha_lts_power_energy
Reihe 3,2026-06-02 10:00:00,2026-06-02 08:00:00,179,stunde_rekonstruiert,ha_lts_power_energy
Reihe 1,2026-06-02 10:30:00,2026-06-02 08:30:00,11,stunde_rekonstruiert,ha_lts_power_energy
Reihe 3,2026-06-02 10:30:00,2026-06-02 08:30:00,179,stunde_rekonstruiert,ha_lts_power_energy
Randreihe,2026-06-02 11:00:00,2026-06-02 09:00:00,136,stunde_rekonstruiert,ha_lts_power_energy
Reihe 1,2026-06-02 11:00:00,2026-06-02 09:00:00,11,stunde_rekonstruiert,ha_lts_power_energy
Reihe 2,2026-06-02 11:00:00,2026-06-02 09:00:00,212,stunde_rekonstruiert,ha_lts_power_energy
Reihe 3,2026-06-02 11:00:00,2026-06-02 09:00:00,177,stunde_rekonstruiert,ha_lts_power_energy
Randreihe,2026-06-02 11:30:00,2026-06-02 09:30:00,136,stunde_rekonstruiert,ha_lts_power_energy
Reihe 1,2026-06-02 11:30:00,2026-06-02 09:30:00,11,stunde_rekonstruiert,ha_lts_power_energy
Reihe 3,2026-06-02 11:30:00,2026-06-02 09:30:00,177,stunde_rekonstruiert,ha_lts_power_energy
Randreihe,2026-06-02 12:00:00,2026-06-02 10:00:00,162,stunde_rekonstruiert,ha_lts_power_energy
Reihe 1,2026-06-02 12:00:00,2026-06-02 10:00:00,11,stunde_rekonstruiert,ha_lts_power_energy
Reihe 2,2026-06-02 12:00:00,2026-06-02 10:00:00,158,stunde_rekonstruiert,ha_lts_power_energy
Reihe 3,2026-06-02 12:00:00,2026-06-02 10:00:00,177,stunde_rekonstruiert,ha_lts_power_energy
Randreihe,2026-06-02 12:30:00,2026-06-02 10:30:00,162,stunde_rekonstruiert,ha_lts_power_energy
Reihe 1,2026-06-02 12:30:00,2026-06-02 10:30:00,11,stunde_rekonstruiert,ha_lts_power_energy
Reihe 2,2026-06-02 12:30:00,2026-06-02 10:30:00,158,stunde_rekonstruiert,ha_lts_power_energy
Reihe 3,2026-06-02 12:30:00,2026-06-02 10:30:00,177,stunde_rekonstruiert,ha_lts_power_energy
Randreihe,2026-06-02 13:00:00,2026-06-02 11:00:00,142,stunde_rekonstruiert,ha_lts_power_energy
Reihe 1,2026-06-02 13:00:00,2026-06-02 11:00:00,12,stunde_rekonstruiert,ha_lts_power_energy
Reihe 2,2026-06-02 13:00:00,2026-06-02 11:00:00,177,stunde_rekonstruiert,ha_lts_power_energy
Reihe 3,2026-06-02 13:00:00,2026-06-02 11:00:00,178,stunde_rekonstruiert,ha_lts_power_energy
Randreihe,2026-06-02 13:30:00,2026-06-02 11:30:00,142,stunde_rekonstruiert,ha_lts_power_energy
Reihe 1,2026-06-02 13:30:00,2026-06-02 11:30:00,12,stunde_rekonstruiert,ha_lts_power_energy
Reihe 2,2026-06-02 13:30:00,2026-06-02 11:30:00,177,stunde_rekonstruiert,ha_lts_power_energy
Reihe 3,2026-06-02 13:30:00,2026-06-02 11:30:00,178,stunde_rekonstruiert,ha_lts_power_energy
Randreihe,2026-06-02 14:00:00,2026-06-02 12:00:00,177,stunde_rekonstruiert,ha_lts_power_energy
Reihe 1,2026-06-02 14:00:00,2026-06-02 12:00:00,11,stunde_rekonstruiert,ha_lts_power_energy
Reihe 2,2026-06-02 14:00:00,2026-06-02 12:00:00,178,stunde_rekonstruiert,ha_lts_power_energy
Reihe 3,2026-06-02 14:00:00,2026-06-02 12:00:00,172,stunde_rekonstruiert,ha_lts_power_energy
Randreihe,2026-06-02 14:30:00,2026-06-02 12:30:00,177,stunde_rekonstruiert,ha_lts_power_energy
Reihe 1,2026-06-02 14:30:00,2026-06-02 12:30:00,11,stunde_rekonstruiert,ha_lts_power_energy
Reihe 2,2026-06-02 14:30:00,2026-06-02 12:30:00,178,stunde_rekonstruiert,ha_lts_power_energy
Reihe 3,2026-06-02 14:30:00,2026-06-02 12:30:00,172,stunde_rekonstruiert,ha_lts_power_energy
Randreihe,2026-06-02 15:00:00,2026-06-02 13:00:00,178,stunde_rekonstruiert,ha_lts_power_energy
Reihe 1,2026-06-02 15:00:00,2026-06-02 13:00:00,12,stunde_rekonstruiert,ha_lts_power_energy
Reihe 2,2026-06-02 15:00:00,2026-06-02 13:00:00,177,stunde_rekonstruiert,ha_lts_power_energy
Reihe 3,2026-06-02 15:00:00,2026-06-02 13:00:00,179,stunde_rekonstruiert,ha_lts_power_energy
Randreihe,2026-06-02 15:30:00,2026-06-02 13:30:00,178,stunde_rekonstruiert,ha_lts_power_energy
Reihe 1,2026-06-02 15:30:00,2026-06-02 13:30:00,12,stunde_rekonstruiert,ha_lts_power_energy
Reihe 2,2026-06-02 15:30:00,2026-06-02 13:30:00,177,stunde_rekonstruiert,ha_lts_power_energy
Reihe 1,2026-06-02 16:00:00,2026-06-02 14:00:00,11,stunde_rekonstruiert,ha_lts_power_energy
Reihe 3,2026-06-02 16:00:00,2026-06-02 14:00:00,179,stunde_rekonstruiert,ha_lts_power_energy
Reihe 1,2026-06-02 16:30:00,2026-06-02 14:30:00,11,stunde_rekonstruiert,ha_lts_power_energy
Randreihe,2026-06-02 17:00:00,2026-06-02 15:00:00,178,stunde_rekonstruiert,ha_lts_power_energy
Reihe 1,2026-06-02 17:00:00,2026-06-02 15:00:00,11,stunde_rekonstruiert,ha_lts_power_energy
Reihe 2,2026-06-02 17:00:00,2026-06-02 15:00:00,177,stunde_rekonstruiert,ha_lts_power_energy
Reihe 1,2026-06-02 17:30:00,2026-06-02 15:30:00,11,stunde_rekonstruiert,ha_lts_power_energy
Reihe 1,2026-06-02 18:00:00,2026-06-02 16:00:00,11,stunde_rekonstruiert,ha_lts_power_energy
Reihe 1,2026-06-02 18:30:00,2026-06-02 16:30:00,11,stunde_rekonstruiert,ha_lts_power_energy
Reihe 1,2026-06-02 19:00:00,2026-06-02 17:00:00,11,stunde_rekonstruiert,ha_lts_power_energy
Reihe 1,2026-06-02 19:30:00,2026-06-02 17:30:00,11,stunde_rekonstruiert,ha_lts_power_energy
Reihe 1,2026-06-02 20:00:00,2026-06-02 18:00:00,11,stunde_rekonstruiert,ha_lts_power_energy
Reihe 1,2026-06-02 20:30:00,2026-06-02 18:30:00,11,stunde_rekonstruiert,ha_lts_power_energy
Reihe 1,2026-06-03 06:00:00,2026-06-03 04:00:00,12,stunde_rekonstruiert,ha_lts_power_energy
Reihe 1,2026-06-03 06:30:00,2026-06-03 04:30:00,12,stunde_rekonstruiert,ha_lts_power_energy
Randreihe,2026-06-03 07:00:00,2026-06-03 05:00:00,170,stunde_rekonstruiert,ha_lts_power_energy
Reihe 1,2026-06-03 07:00:00,2026-06-03 05:00:00,12,stunde_rekonstruiert,ha_lts_power_energy
Reihe 2,2026-06-03 07:00:00,2026-06-03 05:00:00,178,stunde_rekonstruiert,ha_lts_power_energy
Reihe 3,2026-06-03 07:00:00,2026-06-03 05:00:00,175,stunde_rekonstruiert,ha_lts_power_energy
Reihe 1,2026-06-03 07:30:00,2026-06-03 05:30:00,12,stunde_rekonstruiert,ha_lts_power_energy
Reihe 1,2026-06-03 08:00:00,2026-06-03 06:00:00,12,stunde_rekonstruiert,ha_lts_power_energy
Reihe 1,2026-06-03 08:30:00,2026-06-03 06:30:00,12,stunde_rekonstruiert,ha_lts_power_energy
Randreihe,2026-06-03 09:00:00,2026-06-03 07:00:00,175,stunde_rekonstruiert,ha_lts_power_energy
Reihe 1,2026-06-03 09:00:00,2026-06-03 07:00:00,12,stunde_rekonstruiert,ha_lts_power_energy
Reihe 2,2026-06-03 09:00:00,2026-06-03 07:00:00,206,stunde_rekonstruiert,ha_lts_power_energy
Reihe 3,2026-06-03 09:00:00,2026-06-03 07:00:00,204,stunde_rekonstruiert,ha_lts_power_energy
Reihe 1,2026-06-03 09:30:00,2026-06-03 07:30:00,12,stunde_rekonstruiert,ha_lts_power_energy
Randreihe,2026-06-03 10:00:00,2026-06-03 08:00:00,175,stunde_rekonstruiert,ha_lts_power_energy
Reihe 1,2026-06-03 10:00:00,2026-06-03 08:00:00,12,stunde_rekonstruiert,ha_lts_power_energy
Reihe 2,2026-06-03 10:00:00,2026-06-03 08:00:00,176,stunde_rekonstruiert,ha_lts_power_energy
Reihe 3,2026-06-03 10:00:00,2026-06-03 08:00:00,162,stunde_rekonstruiert,ha_lts_power_energy
Reihe 1,2026-06-03 10:30:00,2026-06-03 08:30:00,12,stunde_rekonstruiert,ha_lts_power_energy
Reihe 3,2026-06-03 10:30:00,2026-06-03 08:30:00,162,stunde_rekonstruiert,ha_lts_power_energy
Randreihe,2026-06-03 11:00:00,2026-06-03 09:00:00,177,stunde_rekonstruiert,ha_lts_power_energy
Reihe 1,2026-06-03 11:00:00,2026-06-03 09:00:00,11,stunde_rekonstruiert,ha_lts_power_energy
Reihe 2,2026-06-03 11:00:00,2026-06-03 09:00:00,170,stunde_rekonstruiert,ha_lts_power_energy
Reihe 3,2026-06-03 11:00:00,2026-06-03 09:00:00,171,stunde_rekonstruiert,ha_lts_power_energy
Reihe 1,2026-06-03 11:30:00,2026-06-03 09:30:00,11,stunde_rekonstruiert,ha_lts_power_energy
Randreihe,2026-06-03 12:00:00,2026-06-03 10:00:00,115,stunde_rekonstruiert,ha_lts_power_energy
Reihe 1,2026-06-03 12:00:00,2026-06-03 10:00:00,11,stunde_rekonstruiert,ha_lts_power_energy
Reihe 2,2026-06-03 12:00:00,2026-06-03 10:00:00,111,stunde_rekonstruiert,ha_lts_power_energy
Reihe 3,2026-06-03 12:00:00,2026-06-03 10:00:00,179,stunde_rekonstruiert,ha_lts_power_energy
Randreihe,2026-06-03 12:30:00,2026-06-03 10:30:00,115,stunde_rekonstruiert,ha_lts_power_energy
Reihe 1,2026-06-03 12:30:00,2026-06-03 10:30:00,11,stunde_rekonstruiert,ha_lts_power_energy
Reihe 2,2026-06-03 12:30:00,2026-06-03 10:30:00,111,stunde_rekonstruiert,ha_lts_power_energy
Randreihe,2026-06-03 13:00:00,2026-06-03 11:00:00,150,stunde_rekonstruiert,ha_lts_power_energy
Reihe 1,2026-06-03 13:00:00,2026-06-03 11:00:00,11,stunde_rekonstruiert,ha_lts_power_energy
Reihe 2,2026-06-03 13:00:00,2026-06-03 11:00:00,150,stunde_rekonstruiert,ha_lts_power_energy
Reihe 3,2026-06-03 13:00:00,2026-06-03 11:00:00,178,stunde_rekonstruiert,ha_lts_power_energy
Randreihe,2026-06-03 13:30:00,2026-06-03 11:30:00,150,stunde_rekonstruiert,ha_lts_power_energy
Reihe 1,2026-06-03 13:30:00,2026-06-03 11:30:00,11,stunde_rekonstruiert,ha_lts_power_energy
Reihe 2,2026-06-03 13:30:00,2026-06-03 11:30:00,150,stunde_rekonstruiert,ha_lts_power_energy
Reihe 3,2026-06-03 13:30:00,2026-06-03 11:30:00,178,stunde_rekonstruiert,ha_lts_power_energy
Randreihe,2026-06-03 14:00:00,2026-06-03 12:00:00,176,stunde_rekonstruiert,ha_lts_power_energy
Reihe 1,2026-06-03 14:00:00,2026-06-03 12:00:00,10,stunde_rekonstruiert,ha_lts_power_energy
Reihe 2,2026-06-03 14:00:00,2026-06-03 12:00:00,175,stunde_rekonstruiert,ha_lts_power_energy
Reihe 3,2026-06-03 14:00:00,2026-06-03 12:00:00,180,stunde_rekonstruiert,ha_lts_power_energy
Randreihe,2026-06-03 14:30:00,2026-06-03 12:30:00,176,stunde_rekonstruiert,ha_lts_power_energy
Reihe 1,2026-06-03 14:30:00,2026-06-03 12:30:00,10,stunde_rekonstruiert,ha_lts_power_energy
Reihe 2,2026-06-03 14:30:00,2026-06-03 12:30:00,175,stunde_rekonstruiert,ha_lts_power_energy
Reihe 3,2026-06-03 14:30:00,2026-06-03 12:30:00,180,stunde_rekonstruiert,ha_lts_power_energy
Randreihe,2026-06-03 15:00:00,2026-06-03 13:00:00,175,stunde_rekonstruiert,ha_lts_power_energy
Reihe 1,2026-06-03 15:00:00,2026-06-03 13:00:00,11,stunde_rekonstruiert,ha_lts_power_energy
Reihe 2,2026-06-03 15:00:00,2026-06-03 13:00:00,178,stunde_rekonstruiert,ha_lts_power_energy
Reihe 3,2026-06-03 15:00:00,2026-06-03 13:00:00,172,stunde_rekonstruiert,ha_lts_power_energy
Randreihe,2026-06-03 15:30:00,2026-06-03 13:30:00,175,stunde_rekonstruiert,ha_lts_power_energy
Reihe 1,2026-06-03 15:30:00,2026-06-03 13:30:00,11,stunde_rekonstruiert,ha_lts_power_energy
Reihe 2,2026-06-03 15:30:00,2026-06-03 13:30:00,178,stunde_rekonstruiert,ha_lts_power_energy
Reihe 3,2026-06-03 15:30:00,2026-06-03 13:30:00,172,stunde_rekonstruiert,ha_lts_power_energy
Randreihe,2026-06-03 16:00:00,2026-06-03 14:00:00,173,stunde_rekonstruiert,ha_lts_power_energy
Reihe 1,2026-06-03 16:00:00,2026-06-03 14:00:00,11,stunde_rekonstruiert,ha_lts_power_energy
Reihe 2,2026-06-03 16:00:00,2026-06-03 14:00:00,156,stunde_rekonstruiert,ha_lts_power_energy
Reihe 3,2026-06-03 16:00:00,2026-06-03 14:00:00,178,stunde_rekonstruiert,ha_lts_power_energy
Randreihe,2026-06-03 16:30:00,2026-06-03 14:30:00,173,stunde_rekonstruiert,ha_lts_power_energy
Reihe 1,2026-06-03 16:30:00,2026-06-03 14:30:00,11,stunde_rekonstruiert,ha_lts_power_energy
Reihe 2,2026-06-03 16:30:00,2026-06-03 14:30:00,156,stunde_rekonstruiert,ha_lts_power_energy
Reihe 3,2026-06-03 16:30:00,2026-06-03 14:30:00,178,stunde_rekonstruiert,ha_lts_power_energy
Randreihe,2026-06-03 17:00:00,2026-06-03 15:00:00,177,stunde_rekonstruiert,ha_lts_power_energy
Reihe 1,2026-06-03 17:00:00,2026-06-03 15:00:00,12,stunde_rekonstruiert,ha_lts_power_energy
Reihe 2,2026-06-03 17:00:00,2026-06-03 15:00:00,209,stunde_rekonstruiert,ha_lts_power_energy
Reihe 3,2026-06-03 17:00:00,2026-06-03 15:00:00,179,stunde_rekonstruiert,ha_lts_power_energy
Reihe 1,2026-06-03 17:30:00,2026-06-03 15:30:00,12,stunde_rekonstruiert,ha_lts_power_energy
Reihe 3,2026-06-03 17:30:00,2026-06-03 15:30:00,179,stunde_rekonstruiert,ha_lts_power_energy
Reihe 1,2026-06-03 18:00:00,2026-06-03 16:00:00,11,stunde_rekonstruiert,ha_lts_power_energy
Reihe 1,2026-06-03 18:30:00,2026-06-03 16:30:00,11,stunde_rekonstruiert,ha_lts_power_energy
Reihe 1,2026-06-03 19:00:00,2026-06-03 17:00:00,11,stunde_rekonstruiert,ha_lts_power_energy
Reihe 1,2026-06-03 19:30:00,2026-06-03 17:30:00,11,stunde_rekonstruiert,ha_lts_power_energy
Reihe 1,2026-06-03 20:00:00,2026-06-03 18:00:00,11,stunde_rekonstruiert,ha_lts_power_energy
Reihe 1,2026-06-03 20:30:00,2026-06-03 18:30:00,11,stunde_rekonstruiert,ha_lts_power_energy
Reihe 1,2026-06-04 06:00:00,2026-06-04 04:00:00,11,stunde_rekonstruiert,ha_lts_power_energy
Reihe 1,2026-06-04 06:30:00,2026-06-04 04:30:00,11,stunde_rekonstruiert,ha_lts_power_energy
Randreihe,2026-06-04 07:00:00,2026-06-04 05:00:00,176,stunde_rekonstruiert,ha_lts_power_energy
Reihe 1,2026-06-04 07:00:00,2026-06-04 05:00:00,11,stunde_rekonstruiert,ha_lts_power_energy
Reihe 2,2026-06-04 07:00:00,2026-06-04 05:00:00,176,stunde_rekonstruiert,ha_lts_power_energy
Reihe 3,2026-06-04 07:00:00,2026-06-04 05:00:00,178,stunde_rekonstruiert,ha_lts_power_energy
Reihe 1,2026-06-04 07:30:00,2026-06-04 05:30:00,11,stunde_rekonstruiert,ha_lts_power_energy
Randreihe,2026-06-04 08:00:00,2026-06-04 06:00:00,169,stunde_rekonstruiert,ha_lts_power_energy
Reihe 1,2026-06-04 08:00:00,2026-06-04 06:00:00,12,stunde_rekonstruiert,ha_lts_power_energy
Reihe 2,2026-06-04 08:00:00,2026-06-04 06:00:00,177,stunde_rekonstruiert,ha_lts_power_energy
Reihe 3,2026-06-04 08:00:00,2026-06-04 06:00:00,180,stunde_rekonstruiert,ha_lts_power_energy
Reihe 1,2026-06-04 08:30:00,2026-06-04 06:30:00,12,stunde_rekonstruiert,ha_lts_power_energy
Randreihe,2026-06-04 09:00:00,2026-06-04 07:00:00,174,stunde_rekonstruiert,ha_lts_power_energy
Reihe 1,2026-06-04 09:00:00,2026-06-04 07:00:00,11,stunde_rekonstruiert,ha_lts_power_energy
Reihe 2,2026-06-04 09:00:00,2026-06-04 07:00:00,175,stunde_rekonstruiert,ha_lts_power_energy
Reihe 3,2026-06-04 09:00:00,2026-06-04 07:00:00,171,stunde_rekonstruiert,ha_lts_power_energy
Reihe 1,2026-06-04 09:30:00,2026-06-04 07:30:00,11,stunde_rekonstruiert,ha_lts_power_energy
Randreihe,2026-06-04 10:00:00,2026-06-04 08:00:00,178,stunde_rekonstruiert,ha_lts_power_energy
Reihe 1,2026-06-04 10:00:00,2026-06-04 08:00:00,11,stunde_rekonstruiert,ha_lts_power_energy
Reihe 2,2026-06-04 10:00:00,2026-06-04 08:00:00,178,stunde_rekonstruiert,ha_lts_power_energy
Reihe 3,2026-06-04 10:00:00,2026-06-04 08:00:00,179,stunde_rekonstruiert,ha_lts_power_energy
Reihe 1,2026-06-04 10:30:00,2026-06-04 08:30:00,11,stunde_rekonstruiert,ha_lts_power_energy
Randreihe,2026-06-04 11:00:00,2026-06-04 09:00:00,178,stunde_rekonstruiert,ha_lts_power_energy
Reihe 1,2026-06-04 11:00:00,2026-06-04 09:00:00,11,stunde_rekonstruiert,ha_lts_power_energy
Reihe 2,2026-06-04 11:00:00,2026-06-04 09:00:00,173,stunde_rekonstruiert,ha_lts_power_energy
Reihe 3,2026-06-04 11:00:00,2026-06-04 09:00:00,177,stunde_rekonstruiert,ha_lts_power_energy
Reihe 1,2026-06-04 11:30:00,2026-06-04 09:30:00,11,stunde_rekonstruiert,ha_lts_power_energy
Reihe 3,2026-06-04 11:30:00,2026-06-04 09:30:00,177,stunde_rekonstruiert,ha_lts_power_energy
Randreihe,2026-06-04 12:00:00,2026-06-04 10:00:00,174,stunde_rekonstruiert,ha_lts_power_energy
Reihe 1,2026-06-04 12:00:00,2026-06-04 10:00:00,11,stunde_rekonstruiert,ha_lts_power_energy
Reihe 2,2026-06-04 12:00:00,2026-06-04 10:00:00,178,stunde_rekonstruiert,ha_lts_power_energy
Reihe 3,2026-06-04 12:00:00,2026-06-04 10:00:00,173,stunde_rekonstruiert,ha_lts_power_energy
Randreihe,2026-06-04 12:30:00,2026-06-04 10:30:00,174,stunde_rekonstruiert,ha_lts_power_energy
Reihe 1,2026-06-04 12:30:00,2026-06-04 10:30:00,11,stunde_rekonstruiert,ha_lts_power_energy
Reihe 2,2026-06-04 12:30:00,2026-06-04 10:30:00,178,stunde_rekonstruiert,ha_lts_power_energy
Reihe 3,2026-06-04 12:30:00,2026-06-04 10:30:00,173,stunde_rekonstruiert,ha_lts_power_energy
Randreihe,2026-06-04 13:00:00,2026-06-04 11:00:00,176,stunde_rekonstruiert,ha_lts_power_energy
Reihe 1,2026-06-04 13:00:00,2026-06-04 11:00:00,16,stunde_rekonstruiert,ha_lts_power_energy
Reihe 2,2026-06-04 13:00:00,2026-06-04 11:00:00,175,stunde_rekonstruiert,ha_lts_power_energy
Reihe 3,2026-06-04 13:00:00,2026-06-04 11:00:00,174,stunde_rekonstruiert,ha_lts_power_energy
Reihe 1,2026-06-04 13:30:00,2026-06-04 11:30:00,16,stunde_rekonstruiert,ha_lts_power_energy
Reihe 3,2026-06-04 13:30:00,2026-06-04 11:30:00,174,stunde_rekonstruiert,ha_lts_power_energy
Randreihe,2026-06-04 14:00:00,2026-06-04 12:00:00,169,stunde_rekonstruiert,ha_lts_power_energy
Reihe 1,2026-06-04 14:00:00,2026-06-04 12:00:00,11,stunde_rekonstruiert,ha_lts_power_energy
Reihe 2,2026-06-04 14:00:00,2026-06-04 12:00:00,174,stunde_rekonstruiert,ha_lts_power_energy
Reihe 3,2026-06-04 14:00:00,2026-06-04 12:00:00,178,stunde_rekonstruiert,ha_lts_power_energy
Randreihe,2026-06-04 14:30:00,2026-06-04 12:30:00,169,stunde_rekonstruiert,ha_lts_power_energy
Reihe 1,2026-06-04 14:30:00,2026-06-04 12:30:00,11,stunde_rekonstruiert,ha_lts_power_energy
Reihe 2,2026-06-04 14:30:00,2026-06-04 12:30:00,174,stunde_rekonstruiert,ha_lts_power_energy
Reihe 3,2026-06-04 14:30:00,2026-06-04 12:30:00,178,stunde_rekonstruiert,ha_lts_power_energy
Randreihe,2026-06-04 15:00:00,2026-06-04 13:00:00,175,stunde_rekonstruiert,ha_lts_power_energy
Reihe 1,2026-06-04 15:00:00,2026-06-04 13:00:00,11,stunde_rekonstruiert,ha_lts_power_energy
Reihe 2,2026-06-04 15:00:00,2026-06-04 13:00:00,178,stunde_rekonstruiert,ha_lts_power_energy
Reihe 3,2026-06-04 15:00:00,2026-06-04 13:00:00,173,stunde_rekonstruiert,ha_lts_power_energy
Reihe 1,2026-06-04 15:30:00,2026-06-04 13:30:00,11,stunde_rekonstruiert,ha_lts_power_energy
Randreihe,2026-06-04 16:00:00,2026-06-04 14:00:00,177,stunde_rekonstruiert,ha_lts_power_energy
Reihe 1,2026-06-04 16:00:00,2026-06-04 14:00:00,10,stunde_rekonstruiert,ha_lts_power_energy
Reihe 2,2026-06-04 16:00:00,2026-06-04 14:00:00,177,stunde_rekonstruiert,ha_lts_power_energy
Reihe 3,2026-06-04 16:00:00,2026-06-04 14:00:00,178,stunde_rekonstruiert,ha_lts_power_energy
Reihe 1,2026-06-04 16:30:00,2026-06-04 14:30:00,10,stunde_rekonstruiert,ha_lts_power_energy
Reihe 3,2026-06-04 16:30:00,2026-06-04 14:30:00,178,stunde_rekonstruiert,ha_lts_power_energy
Randreihe,2026-06-04 17:00:00,2026-06-04 15:00:00,177,stunde_rekonstruiert,ha_lts_power_energy
Reihe 1,2026-06-04 17:00:00,2026-06-04 15:00:00,10,stunde_rekonstruiert,ha_lts_power_energy
Reihe 2,2026-06-04 17:00:00,2026-06-04 15:00:00,179,stunde_rekonstruiert,ha_lts_power_energy
Reihe 1,2026-06-04 17:30:00,2026-06-04 15:30:00,10,stunde_rekonstruiert,ha_lts_power_energy
Reihe 1,2026-06-04 18:00:00,2026-06-04 16:00:00,10,stunde_rekonstruiert,ha_lts_power_energy
Reihe 1,2026-06-04 18:30:00,2026-06-04 16:30:00,10,stunde_rekonstruiert,ha_lts_power_energy
Reihe 1,2026-06-04 19:00:00,2026-06-04 17:00:00,10,stunde_rekonstruiert,ha_lts_power_energy
Reihe 1,2026-06-04 19:30:00,2026-06-04 17:30:00,10,stunde_rekonstruiert,ha_lts_power_energy
Reihe 1,2026-06-04 20:00:00,2026-06-04 18:00:00,10,stunde_rekonstruiert,ha_lts_power_energy
Reihe 1,2026-06-04 20:30:00,2026-06-04 18:30:00,10,stunde_rekonstruiert,ha_lts_power_energy
Reihe 1,2026-06-05 06:00:00,2026-06-05 04:00:00,11,stunde_rekonstruiert,ha_lts_power_energy
Reihe 1,2026-06-05 06:30:00,2026-06-05 04:30:00,11,stunde_rekonstruiert,ha_lts_power_energy
Randreihe,2026-06-05 07:00:00,2026-06-05 05:00:00,174,stunde_rekonstruiert,ha_lts_power_energy
Reihe 1,2026-06-05 07:00:00,2026-06-05 05:00:00,11,stunde_rekonstruiert,ha_lts_power_energy
Reihe 2,2026-06-05 07:00:00,2026-06-05 05:00:00,174,stunde_rekonstruiert,ha_lts_power_energy
Reihe 3,2026-06-05 07:00:00,2026-06-05 05:00:00,179,stunde_rekonstruiert,ha_lts_power_energy
Reihe 1,2026-06-05 07:30:00,2026-06-05 05:30:00,11,stunde_rekonstruiert,ha_lts_power_energy
Reihe 1,2026-06-05 08:00:00,2026-06-05 06:00:00,10,stunde_rekonstruiert,ha_lts_power_energy
Reihe 1,2026-06-05 08:30:00,2026-06-05 06:30:00,10,stunde_rekonstruiert,ha_lts_power_energy
Randreihe,2026-06-05 09:00:00,2026-06-05 07:00:00,173,stunde_rekonstruiert,ha_lts_power_energy
Reihe 1,2026-06-05 09:00:00,2026-06-05 07:00:00,11,stunde_rekonstruiert,ha_lts_power_energy
Reihe 2,2026-06-05 09:00:00,2026-06-05 07:00:00,173,stunde_rekonstruiert,ha_lts_power_energy
Reihe 3,2026-06-05 09:00:00,2026-06-05 07:00:00,114,stunde_rekonstruiert,ha_lts_power_energy
Reihe 1,2026-06-05 09:30:00,2026-06-05 07:30:00,11,stunde_rekonstruiert,ha_lts_power_energy
Reihe 3,2026-06-05 09:30:00,2026-06-05 07:30:00,114,stunde_rekonstruiert,ha_lts_power_energy
Randreihe,2026-06-05 10:00:00,2026-06-05 08:00:00,175,stunde_rekonstruiert,ha_lts_power_energy
Reihe 1,2026-06-05 10:00:00,2026-06-05 08:00:00,12,stunde_rekonstruiert,ha_lts_power_energy
Reihe 2,2026-06-05 10:00:00,2026-06-05 08:00:00,175,stunde_rekonstruiert,ha_lts_power_energy
Reihe 3,2026-06-05 10:00:00,2026-06-05 08:00:00,150,stunde_rekonstruiert,ha_lts_power_energy
Reihe 1,2026-06-05 10:30:00,2026-06-05 08:30:00,12,stunde_rekonstruiert,ha_lts_power_energy
Reihe 3,2026-06-05 10:30:00,2026-06-05 08:30:00,150,stunde_rekonstruiert,ha_lts_power_energy
Randreihe,2026-06-05 11:00:00,2026-06-05 09:00:00,178,stunde_rekonstruiert,ha_lts_power_energy
Reihe 1,2026-06-05 11:00:00,2026-06-05 09:00:00,17,stunde_rekonstruiert,ha_lts_power_energy
Reihe 2,2026-06-05 11:00:00,2026-06-05 09:00:00,174,stunde_rekonstruiert,ha_lts_power_energy
Reihe 3,2026-06-05 11:00:00,2026-06-05 09:00:00,179,stunde_rekonstruiert,ha_lts_power_energy
Randreihe,2026-06-05 11:30:00,2026-06-05 09:30:00,178,stunde_rekonstruiert,ha_lts_power_energy
Reihe 1,2026-06-05 11:30:00,2026-06-05 09:30:00,17,stunde_rekonstruiert,ha_lts_power_energy
Reihe 3,2026-06-05 11:30:00,2026-06-05 09:30:00,179,stunde_rekonstruiert,ha_lts_power_energy
Randreihe,2026-06-05 12:00:00,2026-06-05 10:00:00,175,stunde_rekonstruiert,ha_lts_power_energy
Reihe 1,2026-06-05 12:00:00,2026-06-05 10:00:00,11,stunde_rekonstruiert,ha_lts_power_energy
Reihe 2,2026-06-05 12:00:00,2026-06-05 10:00:00,177,stunde_rekonstruiert,ha_lts_power_energy
Reihe 3,2026-06-05 12:00:00,2026-06-05 10:00:00,130,stunde_rekonstruiert,ha_lts_power_energy
Reihe 1,2026-06-05 12:30:00,2026-06-05 10:30:00,11,stunde_rekonstruiert,ha_lts_power_energy
Reihe 2,2026-06-05 12:30:00,2026-06-05 10:30:00,177,stunde_rekonstruiert,ha_lts_power_energy
Reihe 3,2026-06-05 12:30:00,2026-06-05 10:30:00,130,stunde_rekonstruiert,ha_lts_power_energy
Randreihe,2026-06-05 13:00:00,2026-06-05 11:00:00,176,stunde_rekonstruiert,ha_lts_power_energy
Reihe 1,2026-06-05 13:00:00,2026-06-05 11:00:00,11,stunde_rekonstruiert,ha_lts_power_energy
Reihe 2,2026-06-05 13:00:00,2026-06-05 11:00:00,176,stunde_rekonstruiert,ha_lts_power_energy
Reihe 3,2026-06-05 13:00:00,2026-06-05 11:00:00,137,stunde_rekonstruiert,ha_lts_power_energy
Randreihe,2026-06-05 13:30:00,2026-06-05 11:30:00,176,stunde_rekonstruiert,ha_lts_power_energy
Reihe 1,2026-06-05 13:30:00,2026-06-05 11:30:00,11,stunde_rekonstruiert,ha_lts_power_energy
Reihe 2,2026-06-05 13:30:00,2026-06-05 11:30:00,176,stunde_rekonstruiert,ha_lts_power_energy
Reihe 3,2026-06-05 13:30:00,2026-06-05 11:30:00,137,stunde_rekonstruiert,ha_lts_power_energy
Randreihe,2026-06-05 14:00:00,2026-06-05 12:00:00,178,stunde_rekonstruiert,ha_lts_power_energy
Reihe 1,2026-06-05 14:00:00,2026-06-05 12:00:00,11,stunde_rekonstruiert,ha_lts_power_energy
Reihe 2,2026-06-05 14:00:00,2026-06-05 12:00:00,178,stunde_rekonstruiert,ha_lts_power_energy
Reihe 3,2026-06-05 14:00:00,2026-06-05 12:00:00,179,stunde_rekonstruiert,ha_lts_power_energy
Reihe 1,2026-06-05 14:30:00,2026-06-05 12:30:00,11,stunde_rekonstruiert,ha_lts_power_energy
Reihe 3,2026-06-05 14:30:00,2026-06-05 12:30:00,179,stunde_rekonstruiert,ha_lts_power_energy
Randreihe,2026-06-05 15:00:00,2026-06-05 13:00:00,169,stunde_rekonstruiert,ha_lts_power_energy
Reihe 1,2026-06-05 15:00:00,2026-06-05 13:00:00,11,stunde_rekonstruiert,ha_lts_power_energy
Reihe 2,2026-06-05 15:00:00,2026-06-05 13:00:00,172,stunde_rekonstruiert,ha_lts_power_energy
Reihe 3,2026-06-05 15:00:00,2026-06-05 13:00:00,178,stunde_rekonstruiert,ha_lts_power_energy
Randreihe,2026-06-05 15:30:00,2026-06-05 13:30:00,169,stunde_rekonstruiert,ha_lts_power_energy
Reihe 1,2026-06-05 15:30:00,2026-06-05 13:30:00,11,stunde_rekonstruiert,ha_lts_power_energy
Reihe 2,2026-06-05 15:30:00,2026-06-05 13:30:00,172,stunde_rekonstruiert,ha_lts_power_energy
Reihe 3,2026-06-05 15:30:00,2026-06-05 13:30:00,178,stunde_rekonstruiert,ha_lts_power_energy
Randreihe,2026-06-05 16:00:00,2026-06-05 14:00:00,176,stunde_rekonstruiert,ha_lts_power_energy
Reihe 1,2026-06-05 16:00:00,2026-06-05 14:00:00,11,stunde_rekonstruiert,ha_lts_power_energy
Reihe 2,2026-06-05 16:00:00,2026-06-05 14:00:00,177,stunde_rekonstruiert,ha_lts_power_energy
Reihe 3,2026-06-05 16:00:00,2026-06-05 14:00:00,178,stunde_rekonstruiert,ha_lts_power_energy
Randreihe,2026-06-05 16:30:00,2026-06-05 14:30:00,176,stunde_rekonstruiert,ha_lts_power_energy
Reihe 1,2026-06-05 16:30:00,2026-06-05 14:30:00,11,stunde_rekonstruiert,ha_lts_power_energy
Reihe 2,2026-06-05 16:30:00,2026-06-05 14:30:00,177,stunde_rekonstruiert,ha_lts_power_energy
Reihe 3,2026-06-05 16:30:00,2026-06-05 14:30:00,178,stunde_rekonstruiert,ha_lts_power_energy
Randreihe,2026-06-05 17:00:00,2026-06-05 15:00:00,176,stunde_rekonstruiert,ha_lts_power_energy
Reihe 1,2026-06-05 17:00:00,2026-06-05 15:00:00,11,stunde_rekonstruiert,ha_lts_power_energy
Reihe 2,2026-06-05 17:00:00,2026-06-05 15:00:00,178,stunde_rekonstruiert,ha_lts_power_energy
Reihe 3,2026-06-05 17:00:00,2026-06-05 15:00:00,179,stunde_rekonstruiert,ha_lts_power_energy
Reihe 1,2026-06-05 17:30:00,2026-06-05 15:30:00,11,stunde_rekonstruiert,ha_lts_power_energy
Reihe 1,2026-06-05 18:00:00,2026-06-05 16:00:00,11,stunde_rekonstruiert,ha_lts_power_energy
Reihe 1,2026-06-05 18:30:00,2026-06-05 16:30:00,11,stunde_rekonstruiert,ha_lts_power_energy
Reihe 1,2026-06-05 19:00:00,2026-06-05 17:00:00,11,stunde_rekonstruiert,ha_lts_power_energy
Reihe 1,2026-06-05 19:30:00,2026-06-05 17:30:00,11,stunde_rekonstruiert,ha_lts_power_energy
Reihe 1,2026-06-05 20:00:00,2026-06-05 18:00:00,11,stunde_rekonstruiert,ha_lts_power_energy
Reihe 1,2026-06-05 20:30:00,2026-06-05 18:30:00,11,stunde_rekonstruiert,ha_lts_power_energy
Reihe 1,2026-06-06 06:00:00,2026-06-06 04:00:00,11,stunde_rekonstruiert,ha_lts_power_energy
Reihe 1,2026-06-06 06:30:00,2026-06-06 04:30:00,11,stunde_rekonstruiert,ha_lts_power_energy
Randreihe,2026-06-06 07:00:00,2026-06-06 05:00:00,174,stunde_rekonstruiert,ha_lts_power_energy
Reihe 1,2026-06-06 07:00:00,2026-06-06 05:00:00,12,stunde_rekonstruiert,ha_lts_power_energy
Reihe 2,2026-06-06 07:00:00,2026-06-06 05:00:00,175,stunde_rekonstruiert,ha_lts_power_energy
Reihe 3,2026-06-06 07:00:00,2026-06-06 05:00:00,177,stunde_rekonstruiert,ha_lts_power_energy
Reihe 1,2026-06-06 07:30:00,2026-06-06 05:30:00,12,stunde_rekonstruiert,ha_lts_power_energy
Randreihe,2026-06-06 08:00:00,2026-06-06 06:00:00,177,stunde_rekonstruiert,ha_lts_power_energy
Reihe 1,2026-06-06 08:00:00,2026-06-06 06:00:00,12,stunde_rekonstruiert,ha_lts_power_energy
Reihe 2,2026-06-06 08:00:00,2026-06-06 06:00:00,173,stunde_rekonstruiert,ha_lts_power_energy
Reihe 3,2026-06-06 08:00:00,2026-06-06 06:00:00,176,stunde_rekonstruiert,ha_lts_power_energy
Reihe 1,2026-06-06 08:30:00,2026-06-06 06:30:00,12,stunde_rekonstruiert,ha_lts_power_energy
Randreihe,2026-06-06 09:00:00,2026-06-06 07:00:00,177,stunde_rekonstruiert,ha_lts_power_energy
Reihe 1,2026-06-06 09:00:00,2026-06-06 07:00:00,12,stunde_rekonstruiert,ha_lts_power_energy
Reihe 2,2026-06-06 09:00:00,2026-06-06 07:00:00,176,stunde_rekonstruiert,ha_lts_power_energy
Reihe 3,2026-06-06 09:00:00,2026-06-06 07:00:00,179,stunde_rekonstruiert,ha_lts_power_energy
Reihe 1,2026-06-06 09:30:00,2026-06-06 07:30:00,12,stunde_rekonstruiert,ha_lts_power_energy
Randreihe,2026-06-06 10:00:00,2026-06-06 08:00:00,176,stunde_rekonstruiert,ha_lts_power_energy
Reihe 1,2026-06-06 10:00:00,2026-06-06 08:00:00,11,stunde_rekonstruiert,ha_lts_power_energy
Reihe 2,2026-06-06 10:00:00,2026-06-06 08:00:00,178,stunde_rekonstruiert,ha_lts_power_energy
Reihe 3,2026-06-06 10:00:00,2026-06-06 08:00:00,178,stunde_rekonstruiert,ha_lts_power_energy
Reihe 1,2026-06-06 10:30:00,2026-06-06 08:30:00,11,stunde_rekonstruiert,ha_lts_power_energy
Reihe 3,2026-06-06 10:30:00,2026-06-06 08:30:00,178,stunde_rekonstruiert,ha_lts_power_energy
Randreihe,2026-06-06 11:00:00,2026-06-06 09:00:00,171,stunde_rekonstruiert,ha_lts_power_energy
Reihe 1,2026-06-06 11:00:00,2026-06-06 09:00:00,11,stunde_rekonstruiert,ha_lts_power_energy
Reihe 2,2026-06-06 11:00:00,2026-06-06 09:00:00,179,stunde_rekonstruiert,ha_lts_power_energy
Reihe 3,2026-06-06 11:00:00,2026-06-06 09:00:00,171,stunde_rekonstruiert,ha_lts_power_energy
Randreihe,2026-06-06 11:30:00,2026-06-06 09:30:00,171,stunde_rekonstruiert,ha_lts_power_energy
Reihe 1,2026-06-06 11:30:00,2026-06-06 09:30:00,11,stunde_rekonstruiert,ha_lts_power_energy
Reihe 2,2026-06-06 11:30:00,2026-06-06 09:30:00,179,stunde_rekonstruiert,ha_lts_power_energy
Reihe 3,2026-06-06 11:30:00,2026-06-06 09:30:00,171,stunde_rekonstruiert,ha_lts_power_energy
Randreihe,2026-06-06 12:00:00,2026-06-06 10:00:00,177,stunde_rekonstruiert,ha_lts_power_energy
Reihe 1,2026-06-06 12:00:00,2026-06-06 10:00:00,10,stunde_rekonstruiert,ha_lts_power_energy
Reihe 2,2026-06-06 12:00:00,2026-06-06 10:00:00,174,stunde_rekonstruiert,ha_lts_power_energy
Reihe 3,2026-06-06 12:00:00,2026-06-06 10:00:00,178,stunde_rekonstruiert,ha_lts_power_energy
Randreihe,2026-06-06 12:30:00,2026-06-06 10:30:00,177,stunde_rekonstruiert,ha_lts_power_energy
Reihe 1,2026-06-06 12:30:00,2026-06-06 10:30:00,10,stunde_rekonstruiert,ha_lts_power_energy
Reihe 2,2026-06-06 12:30:00,2026-06-06 10:30:00,174,stunde_rekonstruiert,ha_lts_power_energy
Reihe 3,2026-06-06 12:30:00,2026-06-06 10:30:00,178,stunde_rekonstruiert,ha_lts_power_energy
Randreihe,2026-06-06 13:00:00,2026-06-06 11:00:00,175,stunde_rekonstruiert,ha_lts_power_energy
Reihe 1,2026-06-06 13:00:00,2026-06-06 11:00:00,11,stunde_rekonstruiert,ha_lts_power_energy
Reihe 2,2026-06-06 13:00:00,2026-06-06 11:00:00,176,stunde_rekonstruiert,ha_lts_power_energy
Reihe 3,2026-06-06 13:00:00,2026-06-06 11:00:00,179,stunde_rekonstruiert,ha_lts_power_energy
Randreihe,2026-06-06 13:30:00,2026-06-06 11:30:00,175,stunde_rekonstruiert,ha_lts_power_energy
Reihe 1,2026-06-06 13:30:00,2026-06-06 11:30:00,11,stunde_rekonstruiert,ha_lts_power_energy
Reihe 2,2026-06-06 13:30:00,2026-06-06 11:30:00,176,stunde_rekonstruiert,ha_lts_power_energy
Reihe 3,2026-06-06 13:30:00,2026-06-06 11:30:00,179,stunde_rekonstruiert,ha_lts_power_energy
Randreihe,2026-06-06 14:00:00,2026-06-06 12:00:00,175,stunde_rekonstruiert,ha_lts_power_energy
Reihe 1,2026-06-06 14:00:00,2026-06-06 12:00:00,11,stunde_rekonstruiert,ha_lts_power_energy
Reihe 2,2026-06-06 14:00:00,2026-06-06 12:00:00,179,stunde_rekonstruiert,ha_lts_power_energy
Reihe 3,2026-06-06 14:00:00,2026-06-06 12:00:00,180,stunde_rekonstruiert,ha_lts_power_energy
Reihe 1,2026-06-06 14:30:00,2026-06-06 12:30:00,11,stunde_rekonstruiert,ha_lts_power_energy
Randreihe,2026-06-06 15:00:00,2026-06-06 13:00:00,176,stunde_rekonstruiert,ha_lts_power_energy
Reihe 1,2026-06-06 15:00:00,2026-06-06 13:00:00,11,stunde_rekonstruiert,ha_lts_power_energy
Reihe 2,2026-06-06 15:00:00,2026-06-06 13:00:00,177,stunde_rekonstruiert,ha_lts_power_energy
Reihe 3,2026-06-06 15:00:00,2026-06-06 13:00:00,177,stunde_rekonstruiert,ha_lts_power_energy
Randreihe,2026-06-06 15:30:00,2026-06-06 13:30:00,176,stunde_rekonstruiert,ha_lts_power_energy
Reihe 1,2026-06-06 15:30:00,2026-06-06 13:30:00,11,stunde_rekonstruiert,ha_lts_power_energy
Reihe 2,2026-06-06 15:30:00,2026-06-06 13:30:00,177,stunde_rekonstruiert,ha_lts_power_energy
Reihe 3,2026-06-06 15:30:00,2026-06-06 13:30:00,177,stunde_rekonstruiert,ha_lts_power_energy
Randreihe,2026-06-06 16:00:00,2026-06-06 14:00:00,177,stunde_rekonstruiert,ha_lts_power_energy
Reihe 1,2026-06-06 16:00:00,2026-06-06 14:00:00,11,stunde_rekonstruiert,ha_lts_power_energy
Reihe 2,2026-06-06 16:00:00,2026-06-06 14:00:00,177,stunde_rekonstruiert,ha_lts_power_energy
Reihe 3,2026-06-06 16:00:00,2026-06-06 14:00:00,178,stunde_rekonstruiert,ha_lts_power_energy
Reihe 1,2026-06-06 16:30:00,2026-06-06 14:30:00,11,stunde_rekonstruiert,ha_lts_power_energy
Reihe 3,2026-06-06 16:30:00,2026-06-06 14:30:00,178,stunde_rekonstruiert,ha_lts_power_energy
Randreihe,2026-06-06 17:00:00,2026-06-06 15:00:00,176,stunde_rekonstruiert,ha_lts_power_energy
Reihe 1,2026-06-06 17:00:00,2026-06-06 15:00:00,12,stunde_rekonstruiert,ha_lts_power_energy
Reihe 2,2026-06-06 17:00:00,2026-06-06 15:00:00,176,stunde_rekonstruiert,ha_lts_power_energy
Reihe 3,2026-06-06 17:00:00,2026-06-06 15:00:00,175,stunde_rekonstruiert,ha_lts_power_energy
Reihe 1,2026-06-06 17:30:00,2026-06-06 15:30:00,12,stunde_rekonstruiert,ha_lts_power_energy
Reihe 1,2026-06-06 18:00:00,2026-06-06 16:00:00,11,stunde_rekonstruiert,ha_lts_power_energy
Reihe 1,2026-06-06 18:30:00,2026-06-06 16:30:00,11,stunde_rekonstruiert,ha_lts_power_energy
Reihe 1,2026-06-06 19:00:00,2026-06-06 17:00:00,11,stunde_rekonstruiert,ha_lts_power_energy
Reihe 1,2026-06-06 19:30:00,2026-06-06 17:30:00,11,stunde_rekonstruiert,ha_lts_power_energy
Reihe 1,2026-06-06 20:00:00,2026-06-06 18:00:00,12,stunde_rekonstruiert,ha_lts_power_energy
Reihe 1,2026-06-06 20:30:00,2026-06-06 18:30:00,12,stunde_rekonstruiert,ha_lts_power_energy
Reihe 1,2026-06-07 06:00:00,2026-06-07 04:00:00,11,stunde_rekonstruiert,ha_lts_power_energy
Reihe 1,2026-06-07 06:30:00,2026-06-07 04:30:00,11,stunde_rekonstruiert,ha_lts_power_energy
Randreihe,2026-06-07 07:00:00,2026-06-07 05:00:00,174,stunde_rekonstruiert,ha_lts_power_energy
Reihe 1,2026-06-07 07:00:00,2026-06-07 05:00:00,11,stunde_rekonstruiert,ha_lts_power_energy
Reihe 2,2026-06-07 07:00:00,2026-06-07 05:00:00,176,stunde_rekonstruiert,ha_lts_power_energy
Reihe 3,2026-06-07 07:00:00,2026-06-07 05:00:00,178,stunde_rekonstruiert,ha_lts_power_energy
Reihe 1,2026-06-07 07:30:00,2026-06-07 05:30:00,11,stunde_rekonstruiert,ha_lts_power_energy
Randreihe,2026-06-07 08:00:00,2026-06-07 06:00:00,174,stunde_rekonstruiert,ha_lts_power_energy
Reihe 1,2026-06-07 08:00:00,2026-06-07 06:00:00,11,stunde_rekonstruiert,ha_lts_power_energy
Reihe 2,2026-06-07 08:00:00,2026-06-07 06:00:00,177,stunde_rekonstruiert,ha_lts_power_energy
Reihe 3,2026-06-07 08:00:00,2026-06-07 06:00:00,179,stunde_rekonstruiert,ha_lts_power_energy
Reihe 1,2026-06-07 08:30:00,2026-06-07 06:30:00,11,stunde_rekonstruiert,ha_lts_power_energy
Randreihe,2026-06-07 09:00:00,2026-06-07 07:00:00,174,stunde_rekonstruiert,ha_lts_power_energy
Reihe 1,2026-06-07 09:00:00,2026-06-07 07:00:00,11,stunde_rekonstruiert,ha_lts_power_energy
Reihe 2,2026-06-07 09:00:00,2026-06-07 07:00:00,177,stunde_rekonstruiert,ha_lts_power_energy
Reihe 3,2026-06-07 09:00:00,2026-06-07 07:00:00,172,stunde_rekonstruiert,ha_lts_power_energy
Reihe 1,2026-06-07 09:30:00,2026-06-07 07:30:00,11,stunde_rekonstruiert,ha_lts_power_energy
Randreihe,2026-06-07 10:00:00,2026-06-07 08:00:00,176,stunde_rekonstruiert,ha_lts_power_energy
Reihe 1,2026-06-07 10:00:00,2026-06-07 08:00:00,11,stunde_rekonstruiert,ha_lts_power_energy
Reihe 2,2026-06-07 10:00:00,2026-06-07 08:00:00,178,stunde_rekonstruiert,ha_lts_power_energy
Reihe 3,2026-06-07 10:00:00,2026-06-07 08:00:00,171,stunde_rekonstruiert,ha_lts_power_energy
Reihe 1,2026-06-07 10:30:00,2026-06-07 08:30:00,11,stunde_rekonstruiert,ha_lts_power_energy
Reihe 3,2026-06-07 10:30:00,2026-06-07 08:30:00,171,stunde_rekonstruiert,ha_lts_power_energy
Randreihe,2026-06-07 11:00:00,2026-06-07 09:00:00,174,stunde_rekonstruiert,ha_lts_power_energy
Reihe 1,2026-06-07 11:00:00,2026-06-07 09:00:00,11,stunde_rekonstruiert,ha_lts_power_energy
Reihe 2,2026-06-07 11:00:00,2026-06-07 09:00:00,177,stunde_rekonstruiert,ha_lts_power_energy
Reihe 3,2026-06-07 11:00:00,2026-06-07 09:00:00,179,stunde_rekonstruiert,ha_lts_power_energy
Randreihe,2026-06-07 11:30:00,2026-06-07 09:30:00,174,stunde_rekonstruiert,ha_lts_power_energy
Reihe 1,2026-06-07 11:30:00,2026-06-07 09:30:00,11,stunde_rekonstruiert,ha_lts_power_energy
Reihe 2,2026-06-07 11:30:00,2026-06-07 09:30:00,177,stunde_rekonstruiert,ha_lts_power_energy
Reihe 3,2026-06-07 11:30:00,2026-06-07 09:30:00,179,stunde_rekonstruiert,ha_lts_power_energy
Randreihe,2026-06-07 12:00:00,2026-06-07 10:00:00,173,stunde_rekonstruiert,ha_lts_power_energy
Reihe 1,2026-06-07 12:00:00,2026-06-07 10:00:00,11,stunde_rekonstruiert,ha_lts_power_energy
Reihe 2,2026-06-07 12:00:00,2026-06-07 10:00:00,171,stunde_rekonstruiert,ha_lts_power_energy
Reihe 3,2026-06-07 12:00:00,2026-06-07 10:00:00,178,stunde_rekonstruiert,ha_lts_power_energy
Randreihe,2026-06-07 12:30:00,2026-06-07 10:30:00,173,stunde_rekonstruiert,ha_lts_power_energy
Reihe 1,2026-06-07 12:30:00,2026-06-07 10:30:00,11,stunde_rekonstruiert,ha_lts_power_energy
Reihe 2,2026-06-07 12:30:00,2026-06-07 10:30:00,171,stunde_rekonstruiert,ha_lts_power_energy
Reihe 3,2026-06-07 12:30:00,2026-06-07 10:30:00,178,stunde_rekonstruiert,ha_lts_power_energy
Randreihe,2026-06-07 13:00:00,2026-06-07 11:00:00,171,stunde_rekonstruiert,ha_lts_power_energy
Reihe 1,2026-06-07 13:00:00,2026-06-07 11:00:00,11,stunde_rekonstruiert,ha_lts_power_energy
Reihe 2,2026-06-07 13:00:00,2026-06-07 11:00:00,178,stunde_rekonstruiert,ha_lts_power_energy
Reihe 3,2026-06-07 13:00:00,2026-06-07 11:00:00,179,stunde_rekonstruiert,ha_lts_power_energy
Randreihe,2026-06-07 13:30:00,2026-06-07 11:30:00,171,stunde_rekonstruiert,ha_lts_power_energy
Reihe 1,2026-06-07 13:30:00,2026-06-07 11:30:00,11,stunde_rekonstruiert,ha_lts_power_energy
Reihe 2,2026-06-07 13:30:00,2026-06-07 11:30:00,178,stunde_rekonstruiert,ha_lts_power_energy
Reihe 3,2026-06-07 13:30:00,2026-06-07 11:30:00,179,stunde_rekonstruiert,ha_lts_power_energy
Randreihe,2026-06-07 14:00:00,2026-06-07 12:00:00,172,stunde_rekonstruiert,ha_lts_power_energy
Reihe 1,2026-06-07 14:00:00,2026-06-07 12:00:00,11,stunde_rekonstruiert,ha_lts_power_energy
Reihe 2,2026-06-07 14:00:00,2026-06-07 12:00:00,177,stunde_rekonstruiert,ha_lts_power_energy
Reihe 3,2026-06-07 14:00:00,2026-06-07 12:00:00,173,stunde_rekonstruiert,ha_lts_power_energy
Randreihe,2026-06-07 14:30:00,2026-06-07 12:30:00,172,stunde_rekonstruiert,ha_lts_power_energy
Reihe 1,2026-06-07 14:30:00,2026-06-07 12:30:00,11,stunde_rekonstruiert,ha_lts_power_energy
Reihe 2,2026-06-07 14:30:00,2026-06-07 12:30:00,177,stunde_rekonstruiert,ha_lts_power_energy
Reihe 3,2026-06-07 14:30:00,2026-06-07 12:30:00,173,stunde_rekonstruiert,ha_lts_power_energy
Randreihe,2026-06-07 15:00:00,2026-06-07 13:00:00,170,stunde_rekonstruiert,ha_lts_power_energy
Reihe 1,2026-06-07 15:00:00,2026-06-07 13:00:00,11,stunde_rekonstruiert,ha_lts_power_energy
Reihe 2,2026-06-07 15:00:00,2026-06-07 13:00:00,175,stunde_rekonstruiert,ha_lts_power_energy
Reihe 3,2026-06-07 15:00:00,2026-06-07 13:00:00,178,stunde_rekonstruiert,ha_lts_power_energy
Randreihe,2026-06-07 15:30:00,2026-06-07 13:30:00,170,stunde_rekonstruiert,ha_lts_power_energy
Reihe 1,2026-06-07 15:30:00,2026-06-07 13:30:00,11,stunde_rekonstruiert,ha_lts_power_energy
Reihe 2,2026-06-07 15:30:00,2026-06-07 13:30:00,175,stunde_rekonstruiert,ha_lts_power_energy
Reihe 3,2026-06-07 15:30:00,2026-06-07 13:30:00,178,stunde_rekonstruiert,ha_lts_power_energy
Randreihe,2026-06-07 16:00:00,2026-06-07 14:00:00,174,stunde_rekonstruiert,ha_lts_power_energy
Reihe 1,2026-06-07 16:00:00,2026-06-07 14:00:00,11,stunde_rekonstruiert,ha_lts_power_energy
Reihe 2,2026-06-07 16:00:00,2026-06-07 14:00:00,176,stunde_rekonstruiert,ha_lts_power_energy
Reihe 3,2026-06-07 16:00:00,2026-06-07 14:00:00,179,stunde_rekonstruiert,ha_lts_power_energy
Randreihe,2026-06-07 16:30:00,2026-06-07 14:30:00,174,stunde_rekonstruiert,ha_lts_power_energy
Reihe 1,2026-06-07 16:30:00,2026-06-07 14:30:00,11,stunde_rekonstruiert,ha_lts_power_energy
Reihe 2,2026-06-07 16:30:00,2026-06-07 14:30:00,176,stunde_rekonstruiert,ha_lts_power_energy
Reihe 3,2026-06-07 16:30:00,2026-06-07 14:30:00,179,stunde_rekonstruiert,ha_lts_power_energy
Randreihe,2026-06-07 17:00:00,2026-06-07 15:00:00,172,stunde_rekonstruiert,ha_lts_power_energy
Reihe 1,2026-06-07 17:00:00,2026-06-07 15:00:00,11,stunde_rekonstruiert,ha_lts_power_energy
Reihe 2,2026-06-07 17:00:00,2026-06-07 15:00:00,175,stunde_rekonstruiert,ha_lts_power_energy
Reihe 3,2026-06-07 17:00:00,2026-06-07 15:00:00,178,stunde_rekonstruiert,ha_lts_power_energy
Randreihe,2026-06-07 17:30:00,2026-06-07 15:30:00,172,stunde_rekonstruiert,ha_lts_power_energy
Reihe 1,2026-06-07 17:30:00,2026-06-07 15:30:00,11,stunde_rekonstruiert,ha_lts_power_energy
Reihe 2,2026-06-07 17:30:00,2026-06-07 15:30:00,175,stunde_rekonstruiert,ha_lts_power_energy
Reihe 3,2026-06-07 17:30:00,2026-06-07 15:30:00,178,stunde_rekonstruiert,ha_lts_power_energy
Reihe 1,2026-06-07 18:00:00,2026-06-07 16:00:00,11,stunde_rekonstruiert,ha_lts_power_energy
Reihe 1,2026-06-07 18:30:00,2026-06-07 16:30:00,11,stunde_rekonstruiert,ha_lts_power_energy
Reihe 1,2026-06-07 19:00:00,2026-06-07 17:00:00,11,stunde_rekonstruiert,ha_lts_power_energy
Reihe 1,2026-06-07 19:30:00,2026-06-07 17:30:00,11,stunde_rekonstruiert,ha_lts_power_energy
Reihe 1,2026-06-07 20:00:00,2026-06-07 18:00:00,12,stunde_rekonstruiert,ha_lts_power_energy
Reihe 1,2026-06-07 20:30:00,2026-06-07 18:30:00,12,stunde_rekonstruiert,ha_lts_power_energy
Reihe 1,2026-06-08 06:00:00,2026-06-08 04:00:00,11,stunde_rekonstruiert,ha_lts_power_energy
Reihe 1,2026-06-08 06:30:00,2026-06-08 04:30:00,11,stunde_rekonstruiert,ha_lts_power_energy
Randreihe,2026-06-08 07:00:00,2026-06-08 05:00:00,174,stunde_rekonstruiert,ha_lts_power_energy
Reihe 1,2026-06-08 07:00:00,2026-06-08 05:00:00,11,stunde_rekonstruiert,ha_lts_power_energy
Reihe 2,2026-06-08 07:00:00,2026-06-08 05:00:00,171,stunde_rekonstruiert,ha_lts_power_energy
Reihe 3,2026-06-08 07:00:00,2026-06-08 05:00:00,178,stunde_rekonstruiert,ha_lts_power_energy
Reihe 1,2026-06-08 07:30:00,2026-06-08 05:30:00,11,stunde_rekonstruiert,ha_lts_power_energy
Randreihe,2026-06-08 08:00:00,2026-06-08 06:00:00,176,stunde_rekonstruiert,ha_lts_power_energy
Reihe 1,2026-06-08 08:00:00,2026-06-08 06:00:00,11,stunde_rekonstruiert,ha_lts_power_energy
Reihe 2,2026-06-08 08:00:00,2026-06-08 06:00:00,176,stunde_rekonstruiert,ha_lts_power_energy
Reihe 3,2026-06-08 08:00:00,2026-06-08 06:00:00,178,stunde_rekonstruiert,ha_lts_power_energy
Reihe 1,2026-06-08 08:30:00,2026-06-08 06:30:00,11,stunde_rekonstruiert,ha_lts_power_energy
Randreihe,2026-06-08 09:00:00,2026-06-08 07:00:00,175,stunde_rekonstruiert,ha_lts_power_energy
Reihe 1,2026-06-08 09:00:00,2026-06-08 07:00:00,10,stunde_rekonstruiert,ha_lts_power_energy
Reihe 2,2026-06-08 09:00:00,2026-06-08 07:00:00,175,stunde_rekonstruiert,ha_lts_power_energy
Reihe 3,2026-06-08 09:00:00,2026-06-08 07:00:00,170,stunde_rekonstruiert,ha_lts_power_energy
Reihe 1,2026-06-08 09:30:00,2026-06-08 07:30:00,10,stunde_rekonstruiert,ha_lts_power_energy
Randreihe,2026-06-08 10:00:00,2026-06-08 08:00:00,175,stunde_rekonstruiert,ha_lts_power_energy
Reihe 1,2026-06-08 10:00:00,2026-06-08 08:00:00,11,stunde_rekonstruiert,ha_lts_power_energy
Reihe 2,2026-06-08 10:00:00,2026-06-08 08:00:00,177,stunde_rekonstruiert,ha_lts_power_energy
Reihe 3,2026-06-08 10:00:00,2026-06-08 08:00:00,179,stunde_rekonstruiert,ha_lts_power_energy
Randreihe,2026-06-08 10:30:00,2026-06-08 08:30:00,175,stunde_rekonstruiert,ha_lts_power_energy
Reihe 1,2026-06-08 10:30:00,2026-06-08 08:30:00,11,stunde_rekonstruiert,ha_lts_power_energy
Reihe 2,2026-06-08 10:30:00,2026-06-08 08:30:00,177,stunde_rekonstruiert,ha_lts_power_energy
Reihe 3,2026-06-08 10:30:00,2026-06-08 08:30:00,179,stunde_rekonstruiert,ha_lts_power_energy
Randreihe,2026-06-08 11:00:00,2026-06-08 09:00:00,173,stunde_rekonstruiert,ha_lts_power_energy
Reihe 1,2026-06-08 11:00:00,2026-06-08 09:00:00,11,stunde_rekonstruiert,ha_lts_power_energy
Reihe 2,2026-06-08 11:00:00,2026-06-08 09:00:00,171,stunde_rekonstruiert,ha_lts_power_energy
Reihe 3,2026-06-08 11:00:00,2026-06-08 09:00:00,179,stunde_rekonstruiert,ha_lts_power_energy
Randreihe,2026-06-08 11:30:00,2026-06-08 09:30:00,173,stunde_rekonstruiert,ha_lts_power_energy
Reihe 1,2026-06-08 11:30:00,2026-06-08 09:30:00,11,stunde_rekonstruiert,ha_lts_power_energy
Reihe 2,2026-06-08 11:30:00,2026-06-08 09:30:00,171,stunde_rekonstruiert,ha_lts_power_energy
Reihe 3,2026-06-08 11:30:00,2026-06-08 09:30:00,179,stunde_rekonstruiert,ha_lts_power_energy
Randreihe,2026-06-08 12:00:00,2026-06-08 10:00:00,146,stunde_rekonstruiert,ha_lts_power_energy
Reihe 1,2026-06-08 12:00:00,2026-06-08 10:00:00,11,stunde_rekonstruiert,ha_lts_power_energy
Reihe 2,2026-06-08 12:00:00,2026-06-08 10:00:00,176,stunde_rekonstruiert,ha_lts_power_energy
Reihe 3,2026-06-08 12:00:00,2026-06-08 10:00:00,174,stunde_rekonstruiert,ha_lts_power_energy
Randreihe,2026-06-08 12:30:00,2026-06-08 10:30:00,146,stunde_rekonstruiert,ha_lts_power_energy
Reihe 1,2026-06-08 12:30:00,2026-06-08 10:30:00,11,stunde_rekonstruiert,ha_lts_power_energy
Reihe 2,2026-06-08 12:30:00,2026-06-08 10:30:00,176,stunde_rekonstruiert,ha_lts_power_energy
Reihe 3,2026-06-08 12:30:00,2026-06-08 10:30:00,174,stunde_rekonstruiert,ha_lts_power_energy
Randreihe,2026-06-08 13:00:00,2026-06-08 11:00:00,162,stunde_rekonstruiert,ha_lts_power_energy
Reihe 1,2026-06-08 13:00:00,2026-06-08 11:00:00,11,stunde_rekonstruiert,ha_lts_power_energy
Reihe 2,2026-06-08 13:00:00,2026-06-08 11:00:00,149,stunde_rekonstruiert,ha_lts_power_energy
Reihe 3,2026-06-08 13:00:00,2026-06-08 11:00:00,173,stunde_rekonstruiert,ha_lts_power_energy
Randreihe,2026-06-08 13:30:00,2026-06-08 11:30:00,162,stunde_rekonstruiert,ha_lts_power_energy
Reihe 1,2026-06-08 13:30:00,2026-06-08 11:30:00,11,stunde_rekonstruiert,ha_lts_power_energy
Reihe 2,2026-06-08 13:30:00,2026-06-08 11:30:00,149,stunde_rekonstruiert,ha_lts_power_energy
Reihe 3,2026-06-08 13:30:00,2026-06-08 11:30:00,173,stunde_rekonstruiert,ha_lts_power_energy
Randreihe,2026-06-08 14:00:00,2026-06-08 12:00:00,162,stunde_rekonstruiert,ha_lts_power_energy
Reihe 1,2026-06-08 14:00:00,2026-06-08 12:00:00,11,stunde_rekonstruiert,ha_lts_power_energy
Reihe 2,2026-06-08 14:00:00,2026-06-08 12:00:00,148,stunde_rekonstruiert,ha_lts_power_energy
Reihe 3,2026-06-08 14:00:00,2026-06-08 12:00:00,179,stunde_rekonstruiert,ha_lts_power_energy
Randreihe,2026-06-08 14:30:00,2026-06-08 12:30:00,162,stunde_rekonstruiert,ha_lts_power_energy
Reihe 1,2026-06-08 14:30:00,2026-06-08 12:30:00,11,stunde_rekonstruiert,ha_lts_power_energy
Reihe 2,2026-06-08 14:30:00,2026-06-08 12:30:00,148,stunde_rekonstruiert,ha_lts_power_energy
Reihe 3,2026-06-08 14:30:00,2026-06-08 12:30:00,179,stunde_rekonstruiert,ha_lts_power_energy
Randreihe,2026-06-08 15:00:00,2026-06-08 13:00:00,149,stunde_rekonstruiert,ha_lts_power_energy
Reihe 1,2026-06-08 15:00:00,2026-06-08 13:00:00,12,stunde_rekonstruiert,ha_lts_power_energy
Reihe 2,2026-06-08 15:00:00,2026-06-08 13:00:00,147,stunde_rekonstruiert,ha_lts_power_energy
Reihe 3,2026-06-08 15:00:00,2026-06-08 13:00:00,178,stunde_rekonstruiert,ha_lts_power_energy
Randreihe,2026-06-08 15:30:00,2026-06-08 13:30:00,149,stunde_rekonstruiert,ha_lts_power_energy
Reihe 1,2026-06-08 15:30:00,2026-06-08 13:30:00,12,stunde_rekonstruiert,ha_lts_power_energy
Reihe 2,2026-06-08 15:30:00,2026-06-08 13:30:00,147,stunde_rekonstruiert,ha_lts_power_energy
Reihe 3,2026-06-08 15:30:00,2026-06-08 13:30:00,178,stunde_rekonstruiert,ha_lts_power_energy
Randreihe,2026-06-08 16:00:00,2026-06-08 14:00:00,176,stunde_rekonstruiert,ha_lts_power_energy
Reihe 1,2026-06-08 16:00:00,2026-06-08 14:00:00,11,stunde_rekonstruiert,ha_lts_power_energy
Reihe 2,2026-06-08 16:00:00,2026-06-08 14:00:00,178,stunde_rekonstruiert,ha_lts_power_energy
Reihe 3,2026-06-08 16:00:00,2026-06-08 14:00:00,179,stunde_rekonstruiert,ha_lts_power_energy
Reihe 1,2026-06-08 16:30:00,2026-06-08 14:30:00,11,stunde_rekonstruiert,ha_lts_power_energy
Randreihe,2026-06-08 17:00:00,2026-06-08 15:00:00,177,stunde_rekonstruiert,ha_lts_power_energy
Reihe 1,2026-06-08 17:00:00,2026-06-08 15:00:00,10,stunde_rekonstruiert,ha_lts_power_energy
Reihe 2,2026-06-08 17:00:00,2026-06-08 15:00:00,176,stunde_rekonstruiert,ha_lts_power_energy
Reihe 3,2026-06-08 17:00:00,2026-06-08 15:00:00,177,stunde_rekonstruiert,ha_lts_power_energy
Reihe 1,2026-06-08 17:30:00,2026-06-08 15:30:00,10,stunde_rekonstruiert,ha_lts_power_energy
Reihe 1,2026-06-08 18:00:00,2026-06-08 16:00:00,11,stunde_rekonstruiert,ha_lts_power_energy
Reihe 1,2026-06-08 18:30:00,2026-06-08 16:30:00,11,stunde_rekonstruiert,ha_lts_power_energy
Reihe 1,2026-06-08 19:00:00,2026-06-08 17:00:00,11,stunde_rekonstruiert,ha_lts_power_energy
Reihe 1,2026-06-08 19:30:00,2026-06-08 17:30:00,11,stunde_rekonstruiert,ha_lts_power_energy
Reihe 1,2026-06-08 20:00:00,2026-06-08 18:00:00,11,stunde_rekonstruiert,ha_lts_power_energy
Reihe 1,2026-06-08 20:30:00,2026-06-08 18:30:00,11,stunde_rekonstruiert,ha_lts_power_energy
Reihe 1,2026-06-09 06:00:00,2026-06-09 04:00:00,12,stunde_rekonstruiert,ha_lts_power_energy
Reihe 1,2026-06-09 06:30:00,2026-06-09 04:30:00,12,stunde_rekonstruiert,ha_lts_power_energy
Randreihe,2026-06-09 07:00:00,2026-06-09 05:00:00,174,stunde_rekonstruiert,ha_lts_power_energy
Reihe 1,2026-06-09 07:00:00,2026-06-09 05:00:00,11,stunde_rekonstruiert,ha_lts_power_energy
Reihe 2,2026-06-09 07:00:00,2026-06-09 05:00:00,173,stunde_rekonstruiert,ha_lts_power_energy
Reihe 3,2026-06-09 07:00:00,2026-06-09 05:00:00,178,stunde_rekonstruiert,ha_lts_power_energy
Reihe 1,2026-06-09 07:30:00,2026-06-09 05:30:00,11,stunde_rekonstruiert,ha_lts_power_energy
Reihe 1,2026-06-09 08:00:00,2026-06-09 06:00:00,11,stunde_rekonstruiert,ha_lts_power_energy
Reihe 1,2026-06-09 08:30:00,2026-06-09 06:30:00,11,stunde_rekonstruiert,ha_lts_power_energy
Randreihe,2026-06-09 09:00:00,2026-06-09 07:00:00,176,stunde_rekonstruiert,ha_lts_power_energy
Reihe 1,2026-06-09 09:00:00,2026-06-09 07:00:00,11,stunde_rekonstruiert,ha_lts_power_energy
Reihe 2,2026-06-09 09:00:00,2026-06-09 07:00:00,176,stunde_rekonstruiert,ha_lts_power_energy
Reihe 3,2026-06-09 09:00:00,2026-06-09 07:00:00,178,stunde_rekonstruiert,ha_lts_power_energy
Reihe 1,2026-06-09 09:30:00,2026-06-09 07:30:00,11,stunde_rekonstruiert,ha_lts_power_energy
Randreihe,2026-06-09 10:00:00,2026-06-09 08:00:00,175,stunde_rekonstruiert,ha_lts_power_energy
Reihe 1,2026-06-09 10:00:00,2026-06-09 08:00:00,10,stunde_rekonstruiert,ha_lts_power_energy
Reihe 2,2026-06-09 10:00:00,2026-06-09 08:00:00,175,stunde_rekonstruiert,ha_lts_power_energy
Reihe 3,2026-06-09 10:00:00,2026-06-09 08:00:00,179,stunde_rekonstruiert,ha_lts_power_energy
Reihe 1,2026-06-09 10:30:00,2026-06-09 08:30:00,10,stunde_rekonstruiert,ha_lts_power_energy
Randreihe,2026-06-09 11:00:00,2026-06-09 09:00:00,176,stunde_rekonstruiert,ha_lts_power_energy
Reihe 1,2026-06-09 11:00:00,2026-06-09 09:00:00,11,stunde_rekonstruiert,ha_lts_power_energy
Reihe 2,2026-06-09 11:00:00,2026-06-09 09:00:00,175,stunde_rekonstruiert,ha_lts_power_energy
Reihe 3,2026-06-09 11:00:00,2026-06-09 09:00:00,180,stunde_rekonstruiert,ha_lts_power_energy
Reihe 1,2026-06-09 11:30:00,2026-06-09 09:30:00,11,stunde_rekonstruiert,ha_lts_power_energy
Randreihe,2026-06-09 12:00:00,2026-06-09 10:00:00,176,stunde_rekonstruiert,ha_lts_power_energy
Reihe 1,2026-06-09 12:00:00,2026-06-09 10:00:00,11,stunde_rekonstruiert,ha_lts_power_energy
Reihe 2,2026-06-09 12:00:00,2026-06-09 10:00:00,176,stunde_rekonstruiert,ha_lts_power_energy
Reihe 3,2026-06-09 12:00:00,2026-06-09 10:00:00,175,stunde_rekonstruiert,ha_lts_power_energy
Reihe 1,2026-06-09 12:30:00,2026-06-09 10:30:00,11,stunde_rekonstruiert,ha_lts_power_energy
Reihe 3,2026-06-09 12:30:00,2026-06-09 10:30:00,175,stunde_rekonstruiert,ha_lts_power_energy
Randreihe,2026-06-09 13:00:00,2026-06-09 11:00:00,177,stunde_rekonstruiert,ha_lts_power_energy
Reihe 1,2026-06-09 13:00:00,2026-06-09 11:00:00,11,stunde_rekonstruiert,ha_lts_power_energy
Reihe 2,2026-06-09 13:00:00,2026-06-09 11:00:00,176,stunde_rekonstruiert,ha_lts_power_energy
Reihe 3,2026-06-09 13:00:00,2026-06-09 11:00:00,178,stunde_rekonstruiert,ha_lts_power_energy
Reihe 1,2026-06-09 13:30:00,2026-06-09 11:30:00,11,stunde_rekonstruiert,ha_lts_power_energy
Randreihe,2026-06-09 14:00:00,2026-06-09 12:00:00,176,stunde_rekonstruiert,ha_lts_power_energy
Reihe 1,2026-06-09 14:00:00,2026-06-09 12:00:00,11,stunde_rekonstruiert,ha_lts_power_energy
Reihe 2,2026-06-09 14:00:00,2026-06-09 12:00:00,177,stunde_rekonstruiert,ha_lts_power_energy
Reihe 3,2026-06-09 14:00:00,2026-06-09 12:00:00,171,stunde_rekonstruiert,ha_lts_power_energy
Reihe 1,2026-06-09 14:30:00,2026-06-09 12:30:00,11,stunde_rekonstruiert,ha_lts_power_energy
Reihe 3,2026-06-09 14:30:00,2026-06-09 12:30:00,171,stunde_rekonstruiert,ha_lts_power_energy
Randreihe,2026-06-09 15:00:00,2026-06-09 13:00:00,177,stunde_rekonstruiert,ha_lts_power_energy
Reihe 1,2026-06-09 15:00:00,2026-06-09 13:00:00,11,stunde_rekonstruiert,ha_lts_power_energy
Reihe 2,2026-06-09 15:00:00,2026-06-09 13:00:00,176,stunde_rekonstruiert,ha_lts_power_energy
Reihe 3,2026-06-09 15:00:00,2026-06-09 13:00:00,178,stunde_rekonstruiert,ha_lts_power_energy
Randreihe,2026-06-09 15:30:00,2026-06-09 13:30:00,177,stunde_rekonstruiert,ha_lts_power_energy
Reihe 1,2026-06-09 15:30:00,2026-06-09 13:30:00,11,stunde_rekonstruiert,ha_lts_power_energy
Reihe 2,2026-06-09 15:30:00,2026-06-09 13:30:00,176,stunde_rekonstruiert,ha_lts_power_energy
Reihe 3,2026-06-09 15:30:00,2026-06-09 13:30:00,178,stunde_rekonstruiert,ha_lts_power_energy
Randreihe,2026-06-09 16:00:00,2026-06-09 14:00:00,175,stunde_rekonstruiert,ha_lts_power_energy
Reihe 1,2026-06-09 16:00:00,2026-06-09 14:00:00,11,stunde_rekonstruiert,ha_lts_power_energy
Reihe 2,2026-06-09 16:00:00,2026-06-09 14:00:00,177,stunde_rekonstruiert,ha_lts_power_energy
Reihe 3,2026-06-09 16:00:00,2026-06-09 14:00:00,178,stunde_rekonstruiert,ha_lts_power_energy
Randreihe,2026-06-09 16:30:00,2026-06-09 14:30:00,175,stunde_rekonstruiert,ha_lts_power_energy
Reihe 1,2026-06-09 16:30:00,2026-06-09 14:30:00,11,stunde_rekonstruiert,ha_lts_power_energy
Reihe 2,2026-06-09 16:30:00,2026-06-09 14:30:00,177,stunde_rekonstruiert,ha_lts_power_energy
Reihe 3,2026-06-09 16:30:00,2026-06-09 14:30:00,178,stunde_rekonstruiert,ha_lts_power_energy
Randreihe,2026-06-09 17:00:00,2026-06-09 15:00:00,176,stunde_rekonstruiert,ha_lts_power_energy
Reihe 1,2026-06-09 17:00:00,2026-06-09 15:00:00,11,stunde_rekonstruiert,ha_lts_power_energy
Reihe 2,2026-06-09 17:00:00,2026-06-09 15:00:00,177,stunde_rekonstruiert,ha_lts_power_energy
Reihe 3,2026-06-09 17:00:00,2026-06-09 15:00:00,180,stunde_rekonstruiert,ha_lts_power_energy
Reihe 1,2026-06-09 17:30:00,2026-06-09 15:30:00,11,stunde_rekonstruiert,ha_lts_power_energy
Reihe 1,2026-06-09 18:00:00,2026-06-09 16:00:00,11,stunde_rekonstruiert,ha_lts_power_energy
Reihe 1,2026-06-09 18:30:00,2026-06-09 16:30:00,11,stunde_rekonstruiert,ha_lts_power_energy
Reihe 1,2026-06-09 19:00:00,2026-06-09 17:00:00,11,stunde_rekonstruiert,ha_lts_power_energy
Reihe 1,2026-06-09 19:30:00,2026-06-09 17:30:00,11,stunde_rekonstruiert,ha_lts_power_energy
Reihe 1,2026-06-09 20:00:00,2026-06-09 18:00:00,11,stunde_rekonstruiert,ha_lts_power_energy
Reihe 1,2026-06-09 20:30:00,2026-06-09 18:30:00,11,stunde_rekonstruiert,ha_lts_power_energy
Reihe 1,2026-06-10 06:00:00,2026-06-10 04:00:00,11,stunde_rekonstruiert,ha_lts_power_energy
Reihe 1,2026-06-10 06:30:00,2026-06-10 04:30:00,11,stunde_rekonstruiert,ha_lts_power_energy
Randreihe,2026-06-10 07:00:00,2026-06-10 05:00:00,174,stunde_rekonstruiert,ha_lts_power_energy
Reihe 1,2026-06-10 07:00:00,2026-06-10 05:00:00,11,stunde_rekonstruiert,ha_lts_power_energy
Reihe 2,2026-06-10 07:00:00,2026-06-10 05:00:00,174,stunde_rekonstruiert,ha_lts_power_energy
Reihe 3,2026-06-10 07:00:00,2026-06-10 05:00:00,179,stunde_rekonstruiert,ha_lts_power_energy
Reihe 1,2026-06-10 07:30:00,2026-06-10 05:30:00,11,stunde_rekonstruiert,ha_lts_power_energy
Reihe 1,2026-06-10 08:00:00,2026-06-10 06:00:00,11,stunde_rekonstruiert,ha_lts_power_energy
Reihe 1,2026-06-10 08:30:00,2026-06-10 06:30:00,11,stunde_rekonstruiert,ha_lts_power_energy
Randreihe,2026-06-10 09:00:00,2026-06-10 07:00:00,173,stunde_rekonstruiert,ha_lts_power_energy
Reihe 1,2026-06-10 09:00:00,2026-06-10 07:00:00,11,stunde_rekonstruiert,ha_lts_power_energy
Reihe 2,2026-06-10 09:00:00,2026-06-10 07:00:00,176,stunde_rekonstruiert,ha_lts_power_energy
Reihe 3,2026-06-10 09:00:00,2026-06-10 07:00:00,178,stunde_rekonstruiert,ha_lts_power_energy
Reihe 1,2026-06-10 09:30:00,2026-06-10 07:30:00,11,stunde_rekonstruiert,ha_lts_power_energy
Randreihe,2026-06-10 10:00:00,2026-06-10 08:00:00,175,stunde_rekonstruiert,ha_lts_power_energy
Reihe 1,2026-06-10 10:00:00,2026-06-10 08:00:00,12,stunde_rekonstruiert,ha_lts_power_energy
Reihe 2,2026-06-10 10:00:00,2026-06-10 08:00:00,175,stunde_rekonstruiert,ha_lts_power_energy
Reihe 3,2026-06-10 10:00:00,2026-06-10 08:00:00,179,stunde_rekonstruiert,ha_lts_power_energy
Reihe 1,2026-06-10 10:30:00,2026-06-10 08:30:00,12,stunde_rekonstruiert,ha_lts_power_energy
Reihe 1,2026-06-10 11:00:00,2026-06-10 09:00:00,12,stunde_rekonstruiert,ha_lts_power_energy
Reihe 3,2026-06-10 11:00:00,2026-06-10 09:00:00,179,stunde_rekonstruiert,ha_lts_power_energy
Reihe 1,2026-06-10 11:30:00,2026-06-10 09:30:00,12,stunde_rekonstruiert,ha_lts_power_energy
Randreihe,2026-06-10 12:00:00,2026-06-10 10:00:00,177,stunde_rekonstruiert,ha_lts_power_energy
Reihe 1,2026-06-10 12:00:00,2026-06-10 10:00:00,11,stunde_rekonstruiert,ha_lts_power_energy
Reihe 2,2026-06-10 12:00:00,2026-06-10 10:00:00,172,stunde_rekonstruiert,ha_lts_power_energy
Reihe 3,2026-06-10 12:00:00,2026-06-10 10:00:00,179,stunde_rekonstruiert,ha_lts_power_energy
Reihe 1,2026-06-10 12:30:00,2026-06-10 10:30:00,11,stunde_rekonstruiert,ha_lts_power_energy
Randreihe,2026-06-10 13:00:00,2026-06-10 11:00:00,175,stunde_rekonstruiert,ha_lts_power_energy
Reihe 1,2026-06-10 13:00:00,2026-06-10 11:00:00,10,stunde_rekonstruiert,ha_lts_power_energy
Reihe 2,2026-06-10 13:00:00,2026-06-10 11:00:00,172,stunde_rekonstruiert,ha_lts_power_energy
Reihe 3,2026-06-10 13:00:00,2026-06-10 11:00:00,177,stunde_rekonstruiert,ha_lts_power_energy
Reihe 1,2026-06-10 13:30:00,2026-06-10 11:30:00,10,stunde_rekonstruiert,ha_lts_power_energy
Randreihe,2026-06-10 14:00:00,2026-06-10 12:00:00,172,stunde_rekonstruiert,ha_lts_power_energy
Reihe 1,2026-06-10 14:00:00,2026-06-10 12:00:00,11,stunde_rekonstruiert,ha_lts_power_energy
Reihe 2,2026-06-10 14:00:00,2026-06-10 12:00:00,174,stunde_rekonstruiert,ha_lts_power_energy
Reihe 3,2026-06-10 14:00:00,2026-06-10 12:00:00,179,stunde_rekonstruiert,ha_lts_power_energy
Reihe 1,2026-06-10 14:30:00,2026-06-10 12:30:00,11,stunde_rekonstruiert,ha_lts_power_energy
Randreihe,2026-06-10 15:00:00,2026-06-10 13:00:00,176,stunde_rekonstruiert,ha_lts_power_energy
Reihe 1,2026-06-10 15:00:00,2026-06-10 13:00:00,11,stunde_rekonstruiert,ha_lts_power_energy
Reihe 2,2026-06-10 15:00:00,2026-06-10 13:00:00,177,stunde_rekonstruiert,ha_lts_power_energy
Reihe 3,2026-06-10 15:00:00,2026-06-10 13:00:00,176,stunde_rekonstruiert,ha_lts_power_energy
Reihe 1,2026-06-10 15:30:00,2026-06-10 13:30:00,11,stunde_rekonstruiert,ha_lts_power_energy
Randreihe,2026-06-10 16:00:00,2026-06-10 14:00:00,174,stunde_rekonstruiert,ha_lts_power_energy
Reihe 1,2026-06-10 16:00:00,2026-06-10 14:00:00,11,stunde_rekonstruiert,ha_lts_power_energy
Reihe 2,2026-06-10 16:00:00,2026-06-10 14:00:00,173,stunde_rekonstruiert,ha_lts_power_energy
Reihe 3,2026-06-10 16:00:00,2026-06-10 14:00:00,178,stunde_rekonstruiert,ha_lts_power_energy
Reihe 1,2026-06-10 16:30:00,2026-06-10 14:30:00,11,stunde_rekonstruiert,ha_lts_power_energy
Reihe 3,2026-06-10 16:30:00,2026-06-10 14:30:00,178,stunde_rekonstruiert,ha_lts_power_energy
Reihe 1,2026-06-10 17:00:00,2026-06-10 15:00:00,10,stunde_rekonstruiert,ha_lts_power_energy
Reihe 1,2026-06-10 17:30:00,2026-06-10 15:30:00,10,stunde_rekonstruiert,ha_lts_power_energy
Reihe 1,2026-06-10 18:00:00,2026-06-10 16:00:00,10,stunde_rekonstruiert,ha_lts_power_energy
Reihe 1,2026-06-10 18:30:00,2026-06-10 16:30:00,10,stunde_rekonstruiert,ha_lts_power_energy
Reihe 1,2026-06-10 19:00:00,2026-06-10 17:00:00,10,stunde_rekonstruiert,ha_lts_power_energy
Reihe 1,2026-06-10 19:30:00,2026-06-10 17:30:00,10,stunde_rekonstruiert,ha_lts_power_energy
Reihe 1,2026-06-10 20:00:00,2026-06-10 18:00:00,11,stunde_rekonstruiert,ha_lts_power_energy
Reihe 1,2026-06-10 20:30:00,2026-06-10 18:30:00,11,stunde_rekonstruiert,ha_lts_power_energy
Reihe 1,2026-06-11 06:00:00,2026-06-11 04:00:00,12,stunde_rekonstruiert,ha_lts_power_energy
Reihe 1,2026-06-11 06:30:00,2026-06-11 04:30:00,12,stunde_rekonstruiert,ha_lts_power_energy
Randreihe,2026-06-11 07:00:00,2026-06-11 05:00:00,174,stunde_rekonstruiert,ha_lts_power_energy
Reihe 1,2026-06-11 07:00:00,2026-06-11 05:00:00,11,stunde_rekonstruiert,ha_lts_power_energy
Reihe 2,2026-06-11 07:00:00,2026-06-11 05:00:00,176,stunde_rekonstruiert,ha_lts_power_energy
Reihe 3,2026-06-11 07:00:00,2026-06-11 05:00:00,178,stunde_rekonstruiert,ha_lts_power_energy
Reihe 1,2026-06-11 07:30:00,2026-06-11 05:30:00,11,stunde_rekonstruiert,ha_lts_power_energy
Reihe 1,2026-06-11 08:00:00,2026-06-11 06:00:00,11,stunde_rekonstruiert,ha_lts_power_energy
Reihe 3,2026-06-11 08:00:00,2026-06-11 06:00:00,173,stunde_rekonstruiert,ha_lts_power_energy
Reihe 1,2026-06-11 08:30:00,2026-06-11 06:30:00,11,stunde_rekonstruiert,ha_lts_power_energy
Randreihe,2026-06-11 09:00:00,2026-06-11 07:00:00,174,stunde_rekonstruiert,ha_lts_power_energy
Reihe 1,2026-06-11 09:00:00,2026-06-11 07:00:00,11,stunde_rekonstruiert,ha_lts_power_energy
Reihe 2,2026-06-11 09:00:00,2026-06-11 07:00:00,175,stunde_rekonstruiert,ha_lts_power_energy
Reihe 1,2026-06-11 09:30:00,2026-06-11 07:30:00,11,stunde_rekonstruiert,ha_lts_power_energy
Randreihe,2026-06-11 10:00:00,2026-06-11 08:00:00,175,stunde_rekonstruiert,ha_lts_power_energy
Reihe 1,2026-06-11 10:00:00,2026-06-11 08:00:00,10,stunde_rekonstruiert,ha_lts_power_energy
Reihe 2,2026-06-11 10:00:00,2026-06-11 08:00:00,173,stunde_rekonstruiert,ha_lts_power_energy
Reihe 3,2026-06-11 10:00:00,2026-06-11 08:00:00,176,stunde_rekonstruiert,ha_lts_power_energy
Randreihe,2026-06-11 10:30:00,2026-06-11 08:30:00,175,stunde_rekonstruiert,ha_lts_power_energy
Reihe 1,2026-06-11 10:30:00,2026-06-11 08:30:00,10,stunde_rekonstruiert,ha_lts_power_energy
Reihe 2,2026-06-11 10:30:00,2026-06-11 08:30:00,173,stunde_rekonstruiert,ha_lts_power_energy
Reihe 3,2026-06-11 10:30:00,2026-06-11 08:30:00,176,stunde_rekonstruiert,ha_lts_power_energy
Randreihe,2026-06-11 11:00:00,2026-06-11 09:00:00,177,stunde_rekonstruiert,ha_lts_power_energy
Reihe 1,2026-06-11 11:00:00,2026-06-11 09:00:00,11,stunde_rekonstruiert,ha_lts_power_energy
Reihe 2,2026-06-11 11:00:00,2026-06-11 09:00:00,174,stunde_rekonstruiert,ha_lts_power_energy
Reihe 3,2026-06-11 11:00:00,2026-06-11 09:00:00,178,stunde_rekonstruiert,ha_lts_power_energy
Reihe 1,2026-06-11 11:30:00,2026-06-11 09:30:00,11,stunde_rekonstruiert,ha_lts_power_energy
Reihe 3,2026-06-11 11:30:00,2026-06-11 09:30:00,178,stunde_rekonstruiert,ha_lts_power_energy
Randreihe,2026-06-11 12:00:00,2026-06-11 10:00:00,176,stunde_rekonstruiert,ha_lts_power_energy
Reihe 1,2026-06-11 12:00:00,2026-06-11 10:00:00,10,stunde_rekonstruiert,ha_lts_power_energy
Reihe 2,2026-06-11 12:00:00,2026-06-11 10:00:00,169,stunde_rekonstruiert,ha_lts_power_energy
Reihe 3,2026-06-11 12:00:00,2026-06-11 10:00:00,179,stunde_rekonstruiert,ha_lts_power_energy
Randreihe,2026-06-11 12:30:00,2026-06-11 10:30:00,176,stunde_rekonstruiert,ha_lts_power_energy
Reihe 1,2026-06-11 12:30:00,2026-06-11 10:30:00,10,stunde_rekonstruiert,ha_lts_power_energy
Reihe 2,2026-06-11 12:30:00,2026-06-11 10:30:00,169,stunde_rekonstruiert,ha_lts_power_energy
Reihe 3,2026-06-11 12:30:00,2026-06-11 10:30:00,179,stunde_rekonstruiert,ha_lts_power_energy
Randreihe,2026-06-11 13:00:00,2026-06-11 11:00:00,170,stunde_rekonstruiert,ha_lts_power_energy
Reihe 1,2026-06-11 13:00:00,2026-06-11 11:00:00,11,stunde_rekonstruiert,ha_lts_power_energy
Reihe 2,2026-06-11 13:00:00,2026-06-11 11:00:00,178,stunde_rekonstruiert,ha_lts_power_energy
Reihe 3,2026-06-11 13:00:00,2026-06-11 11:00:00,179,stunde_rekonstruiert,ha_lts_power_energy
Randreihe,2026-06-11 13:30:00,2026-06-11 11:30:00,170,stunde_rekonstruiert,ha_lts_power_energy
Reihe 1,2026-06-11 13:30:00,2026-06-11 11:30:00,11,stunde_rekonstruiert,ha_lts_power_energy
Reihe 2,2026-06-11 13:30:00,2026-06-11 11:30:00,178,stunde_rekonstruiert,ha_lts_power_energy
Reihe 3,2026-06-11 13:30:00,2026-06-11 11:30:00,179,stunde_rekonstruiert,ha_lts_power_energy
Randreihe,2026-06-11 14:00:00,2026-06-11 12:00:00,173,stunde_rekonstruiert,ha_lts_power_energy
Reihe 1,2026-06-11 14:00:00,2026-06-11 12:00:00,11,stunde_rekonstruiert,ha_lts_power_energy
Reihe 2,2026-06-11 14:00:00,2026-06-11 12:00:00,177,stunde_rekonstruiert,ha_lts_power_energy
Reihe 3,2026-06-11 14:00:00,2026-06-11 12:00:00,178,stunde_rekonstruiert,ha_lts_power_energy
Reihe 1,2026-06-11 14:30:00,2026-06-11 12:30:00,11,stunde_rekonstruiert,ha_lts_power_energy
Randreihe,2026-06-11 15:00:00,2026-06-11 13:00:00,173,stunde_rekonstruiert,ha_lts_power_energy
Reihe 1,2026-06-11 15:00:00,2026-06-11 13:00:00,11,stunde_rekonstruiert,ha_lts_power_energy
Reihe 2,2026-06-11 15:00:00,2026-06-11 13:00:00,170,stunde_rekonstruiert,ha_lts_power_energy
Reihe 3,2026-06-11 15:00:00,2026-06-11 13:00:00,179,stunde_rekonstruiert,ha_lts_power_energy
Randreihe,2026-06-11 15:30:00,2026-06-11 13:30:00,173,stunde_rekonstruiert,ha_lts_power_energy
Reihe 1,2026-06-11 15:30:00,2026-06-11 13:30:00,11,stunde_rekonstruiert,ha_lts_power_energy
Reihe 2,2026-06-11 15:30:00,2026-06-11 13:30:00,170,stunde_rekonstruiert,ha_lts_power_energy
Reihe 3,2026-06-11 15:30:00,2026-06-11 13:30:00,179,stunde_rekonstruiert,ha_lts_power_energy
Randreihe,2026-06-11 16:00:00,2026-06-11 14:00:00,169,stunde_rekonstruiert,ha_lts_power_energy
Reihe 1,2026-06-11 16:00:00,2026-06-11 14:00:00,11,stunde_rekonstruiert,ha_lts_power_energy
Reihe 2,2026-06-11 16:00:00,2026-06-11 14:00:00,173,stunde_rekonstruiert,ha_lts_power_energy
Reihe 3,2026-06-11 16:00:00,2026-06-11 14:00:00,178,stunde_rekonstruiert,ha_lts_power_energy
Randreihe,2026-06-11 16:30:00,2026-06-11 14:30:00,169,stunde_rekonstruiert,ha_lts_power_energy
Reihe 1,2026-06-11 16:30:00,2026-06-11 14:30:00,11,stunde_rekonstruiert,ha_lts_power_energy
Reihe 2,2026-06-11 16:30:00,2026-06-11 14:30:00,173,stunde_rekonstruiert,ha_lts_power_energy
Reihe 3,2026-06-11 16:30:00,2026-06-11 14:30:00,178,stunde_rekonstruiert,ha_lts_power_energy
Randreihe,2026-06-11 17:00:00,2026-06-11 15:00:00,174,stunde_rekonstruiert,ha_lts_power_energy
Reihe 1,2026-06-11 17:00:00,2026-06-11 15:00:00,11,stunde_rekonstruiert,ha_lts_power_energy
Reihe 2,2026-06-11 17:00:00,2026-06-11 15:00:00,174,stunde_rekonstruiert,ha_lts_power_energy
Reihe 3,2026-06-11 17:00:00,2026-06-11 15:00:00,175,stunde_rekonstruiert,ha_lts_power_energy
Reihe 1,2026-06-11 17:30:00,2026-06-11 15:30:00,11,stunde_rekonstruiert,ha_lts_power_energy
Reihe 3,2026-06-11 17:30:00,2026-06-11 15:30:00,175,stunde_rekonstruiert,ha_lts_power_energy
Reihe 1,2026-06-11 18:00:00,2026-06-11 16:00:00,11,stunde_rekonstruiert,ha_lts_power_energy
Reihe 1,2026-06-11 18:30:00,2026-06-11 16:30:00,11,stunde_rekonstruiert,ha_lts_power_energy
Reihe 1,2026-06-11 19:00:00,2026-06-11 17:00:00,11,stunde_rekonstruiert,ha_lts_power_energy
Reihe 1,2026-06-11 19:30:00,2026-06-11 17:30:00,11,stunde_rekonstruiert,ha_lts_power_energy
Reihe 1,2026-06-11 20:00:00,2026-06-11 18:00:00,11,stunde_rekonstruiert,ha_lts_power_energy
Reihe 1,2026-06-11 20:30:00,2026-06-11 18:30:00,11,stunde_rekonstruiert,ha_lts_power_energy
Reihe 1,2026-06-12 06:00:00,2026-06-12 04:00:00,10,stunde_rekonstruiert,ha_lts_power_energy
Reihe 1,2026-06-12 06:30:00,2026-06-12 04:30:00,10,stunde_rekonstruiert,ha_lts_power_energy
Randreihe,2026-06-12 07:00:00,2026-06-12 05:00:00,174,stunde_rekonstruiert,ha_lts_power_energy
Reihe 1,2026-06-12 07:00:00,2026-06-12 05:00:00,10,stunde_rekonstruiert,ha_lts_power_energy
Reihe 2,2026-06-12 07:00:00,2026-06-12 05:00:00,174,stunde_rekonstruiert,ha_lts_power_energy
Reihe 3,2026-06-12 07:00:00,2026-06-12 05:00:00,178,stunde_rekonstruiert,ha_lts_power_energy
Reihe 1,2026-06-12 07:30:00,2026-06-12 05:30:00,10,stunde_rekonstruiert,ha_lts_power_energy
Reihe 1,2026-06-12 08:00:00,2026-06-12 06:00:00,10,stunde_rekonstruiert,ha_lts_power_energy
Reihe 1,2026-06-12 08:30:00,2026-06-12 06:30:00,10,stunde_rekonstruiert,ha_lts_power_energy
Randreihe,2026-06-12 09:00:00,2026-06-12 07:00:00,175,stunde_rekonstruiert,ha_lts_power_energy
Reihe 1,2026-06-12 09:00:00,2026-06-12 07:00:00,10,stunde_rekonstruiert,ha_lts_power_energy
Reihe 2,2026-06-12 09:00:00,2026-06-12 07:00:00,175,stunde_rekonstruiert,ha_lts_power_energy
Reihe 3,2026-06-12 09:00:00,2026-06-12 07:00:00,180,stunde_rekonstruiert,ha_lts_power_energy
Reihe 1,2026-06-12 09:30:00,2026-06-12 07:30:00,10,stunde_rekonstruiert,ha_lts_power_energy
Reihe 1,2026-06-12 10:00:00,2026-06-12 08:00:00,11,stunde_rekonstruiert,ha_lts_power_energy
Reihe 1,2026-06-12 10:30:00,2026-06-12 08:30:00,11,stunde_rekonstruiert,ha_lts_power_energy
Randreihe,2026-06-12 11:00:00,2026-06-12 09:00:00,174,stunde_rekonstruiert,ha_lts_power_energy
Reihe 1,2026-06-12 11:00:00,2026-06-12 09:00:00,11,stunde_rekonstruiert,ha_lts_power_energy
Reihe 2,2026-06-12 11:00:00,2026-06-12 09:00:00,174,stunde_rekonstruiert,ha_lts_power_energy
Reihe 3,2026-06-12 11:00:00,2026-06-12 09:00:00,178,stunde_rekonstruiert,ha_lts_power_energy
Reihe 1,2026-06-12 11:30:00,2026-06-12 09:30:00,11,stunde_rekonstruiert,ha_lts_power_energy
Randreihe,2026-06-12 12:00:00,2026-06-12 10:00:00,173,stunde_rekonstruiert,ha_lts_power_energy
Reihe 1,2026-06-12 12:00:00,2026-06-12 10:00:00,11,stunde_rekonstruiert,ha_lts_power_energy
Reihe 2,2026-06-12 12:00:00,2026-06-12 10:00:00,176,stunde_rekonstruiert,ha_lts_power_energy
Reihe 3,2026-06-12 12:00:00,2026-06-12 10:00:00,180,stunde_rekonstruiert,ha_lts_power_energy
Reihe 1,2026-06-12 12:30:00,2026-06-12 10:30:00,11,stunde_rekonstruiert,ha_lts_power_energy
Reihe 1,2026-06-12 13:00:00,2026-06-12 11:00:00,11,stunde_rekonstruiert,ha_lts_power_energy
Reihe 1,2026-06-12 13:30:00,2026-06-12 11:30:00,11,stunde_rekonstruiert,ha_lts_power_energy
Randreihe,2026-06-12 14:00:00,2026-06-12 12:00:00,174,stunde_rekonstruiert,ha_lts_power_energy
Reihe 1,2026-06-12 14:00:00,2026-06-12 12:00:00,10,stunde_rekonstruiert,ha_lts_power_energy
Reihe 2,2026-06-12 14:00:00,2026-06-12 12:00:00,178,stunde_rekonstruiert,ha_lts_power_energy
Reihe 3,2026-06-12 14:00:00,2026-06-12 12:00:00,179,stunde_rekonstruiert,ha_lts_power_energy
Reihe 1,2026-06-12 14:30:00,2026-06-12 12:30:00,10,stunde_rekonstruiert,ha_lts_power_energy
Reihe 1,2026-06-12 15:00:00,2026-06-12 13:00:00,10,stunde_rekonstruiert,ha_lts_power_energy
Reihe 3,2026-06-12 15:00:00,2026-06-12 13:00:00,179,stunde_rekonstruiert,ha_lts_power_energy
Reihe 1,2026-06-12 15:30:00,2026-06-12 13:30:00,10,stunde_rekonstruiert,ha_lts_power_energy
Randreihe,2026-06-12 16:00:00,2026-06-12 14:00:00,172,stunde_rekonstruiert,ha_lts_power_energy
Reihe 1,2026-06-12 16:00:00,2026-06-12 14:00:00,11,stunde_rekonstruiert,ha_lts_power_energy
Reihe 2,2026-06-12 16:00:00,2026-06-12 14:00:00,176,stunde_rekonstruiert,ha_lts_power_energy
Reihe 1,2026-06-12 16:30:00,2026-06-12 14:30:00,11,stunde_rekonstruiert,ha_lts_power_energy
Reihe 1,2026-06-12 17:00:00,2026-06-12 15:00:00,11,stunde_rekonstruiert,ha_lts_power_energy
Reihe 3,2026-06-12 17:00:00,2026-06-12 15:00:00,180,stunde_rekonstruiert,ha_lts_power_energy
Reihe 1,2026-06-12 17:30:00,2026-06-12 15:30:00,11,stunde_rekonstruiert,ha_lts_power_energy
Reihe 1,2026-06-12 18:00:00,2026-06-12 16:00:00,10,stunde_rekonstruiert,ha_lts_power_energy
Reihe 1,2026-06-12 18:30:00,2026-06-12 16:30:00,10,stunde_rekonstruiert,ha_lts_power_energy
Reihe 1,2026-06-12 19:00:00,2026-06-12 17:00:00,11,stunde_rekonstruiert,ha_lts_power_energy
Reihe 1,2026-06-12 19:30:00,2026-06-12 17:30:00,11,stunde_rekonstruiert,ha_lts_power_energy
Reihe 1,2026-06-12 20:00:00,2026-06-12 18:00:00,11,stunde_rekonstruiert,ha_lts_power_energy
Reihe 1,2026-06-12 20:30:00,2026-06-12 18:30:00,11,stunde_rekonstruiert,ha_lts_power_energy
Reihe 1,2026-06-13 06:00:00,2026-06-13 04:00:00,11,stunde_rekonstruiert,ha_lts_power_energy
Reihe 1,2026-06-13 06:30:00,2026-06-13 04:30:00,11,stunde_rekonstruiert,ha_lts_power_energy
Randreihe,2026-06-13 07:00:00,2026-06-13 05:00:00,174,stunde_rekonstruiert,ha_lts_power_energy
Reihe 1,2026-06-13 07:00:00,2026-06-13 05:00:00,11,stunde_rekonstruiert,ha_lts_power_energy
Reihe 2,2026-06-13 07:00:00,2026-06-13 05:00:00,171,stunde_rekonstruiert,ha_lts_power_energy
Reihe 3,2026-06-13 07:00:00,2026-06-13 05:00:00,180,stunde_rekonstruiert,ha_lts_power_energy
Reihe 1,2026-06-13 07:30:00,2026-06-13 05:30:00,11,stunde_rekonstruiert,ha_lts_power_energy
Randreihe,2026-06-13 08:00:00,2026-06-13 06:00:00,175,stunde_rekonstruiert,ha_lts_power_energy
Reihe 1,2026-06-13 08:00:00,2026-06-13 06:00:00,11,stunde_rekonstruiert,ha_lts_power_energy
Reihe 2,2026-06-13 08:00:00,2026-06-13 06:00:00,176,stunde_rekonstruiert,ha_lts_power_energy
Reihe 3,2026-06-13 08:00:00,2026-06-13 06:00:00,179,stunde_rekonstruiert,ha_lts_power_energy
Reihe 1,2026-06-13 08:30:00,2026-06-13 06:30:00,11,stunde_rekonstruiert,ha_lts_power_energy
Randreihe,2026-06-13 09:00:00,2026-06-13 07:00:00,177,stunde_rekonstruiert,ha_lts_power_energy
Reihe 1,2026-06-13 09:00:00,2026-06-13 07:00:00,11,stunde_rekonstruiert,ha_lts_power_energy
Reihe 2,2026-06-13 09:00:00,2026-06-13 07:00:00,175,stunde_rekonstruiert,ha_lts_power_energy
Reihe 3,2026-06-13 09:00:00,2026-06-13 07:00:00,177,stunde_rekonstruiert,ha_lts_power_energy
Reihe 1,2026-06-13 09:30:00,2026-06-13 07:30:00,11,stunde_rekonstruiert,ha_lts_power_energy
Randreihe,2026-06-13 10:00:00,2026-06-13 08:00:00,174,stunde_rekonstruiert,ha_lts_power_energy
Reihe 1,2026-06-13 10:00:00,2026-06-13 08:00:00,11,stunde_rekonstruiert,ha_lts_power_energy
Reihe 2,2026-06-13 10:00:00,2026-06-13 08:00:00,177,stunde_rekonstruiert,ha_lts_power_energy
Reihe 3,2026-06-13 10:00:00,2026-06-13 08:00:00,177,stunde_rekonstruiert,ha_lts_power_energy
Reihe 1,2026-06-13 10:30:00,2026-06-13 08:30:00,11,stunde_rekonstruiert,ha_lts_power_energy
Reihe 3,2026-06-13 10:30:00,2026-06-13 08:30:00,177,stunde_rekonstruiert,ha_lts_power_energy
Randreihe,2026-06-13 11:00:00,2026-06-13 09:00:00,176,stunde_rekonstruiert,ha_lts_power_energy
Reihe 1,2026-06-13 11:00:00,2026-06-13 09:00:00,11,stunde_rekonstruiert,ha_lts_power_energy
Reihe 2,2026-06-13 11:00:00,2026-06-13 09:00:00,176,stunde_rekonstruiert,ha_lts_power_energy
Reihe 3,2026-06-13 11:00:00,2026-06-13 09:00:00,179,stunde_rekonstruiert,ha_lts_power_energy
Randreihe,2026-06-13 11:30:00,2026-06-13 09:30:00,176,stunde_rekonstruiert,ha_lts_power_energy
Reihe 1,2026-06-13 11:30:00,2026-06-13 09:30:00,11,stunde_rekonstruiert,ha_lts_power_energy
Reihe 2,2026-06-13 11:30:00,2026-06-13 09:30:00,176,stunde_rekonstruiert,ha_lts_power_energy
Reihe 3,2026-06-13 11:30:00,2026-06-13 09:30:00,179,stunde_rekonstruiert,ha_lts_power_energy
Randreihe,2026-06-13 12:00:00,2026-06-13 10:00:00,171,stunde_rekonstruiert,ha_lts_power_energy
Reihe 1,2026-06-13 12:00:00,2026-06-13 10:00:00,12,stunde_rekonstruiert,ha_lts_power_energy
Reihe 2,2026-06-13 12:00:00,2026-06-13 10:00:00,174,stunde_rekonstruiert,ha_lts_power_energy
Reihe 3,2026-06-13 12:00:00,2026-06-13 10:00:00,179,stunde_rekonstruiert,ha_lts_power_energy
Randreihe,2026-06-13 12:30:00,2026-06-13 10:30:00,171,stunde_rekonstruiert,ha_lts_power_energy
Reihe 1,2026-06-13 12:30:00,2026-06-13 10:30:00,12,stunde_rekonstruiert,ha_lts_power_energy
Reihe 2,2026-06-13 12:30:00,2026-06-13 10:30:00,174,stunde_rekonstruiert,ha_lts_power_energy
Reihe 3,2026-06-13 12:30:00,2026-06-13 10:30:00,179,stunde_rekonstruiert,ha_lts_power_energy
Randreihe,2026-06-13 13:00:00,2026-06-13 11:00:00,176,stunde_rekonstruiert,ha_lts_power_energy
Reihe 1,2026-06-13 13:00:00,2026-06-13 11:00:00,11,stunde_rekonstruiert,ha_lts_power_energy
Reihe 2,2026-06-13 13:00:00,2026-06-13 11:00:00,178,stunde_rekonstruiert,ha_lts_power_energy
Reihe 3,2026-06-13 13:00:00,2026-06-13 11:00:00,172,stunde_rekonstruiert,ha_lts_power_energy
Randreihe,2026-06-13 13:30:00,2026-06-13 11:30:00,176,stunde_rekonstruiert,ha_lts_power_energy
Reihe 1,2026-06-13 13:30:00,2026-06-13 11:30:00,11,stunde_rekonstruiert,ha_lts_power_energy
Reihe 2,2026-06-13 13:30:00,2026-06-13 11:30:00,178,stunde_rekonstruiert,ha_lts_power_energy
Reihe 3,2026-06-13 13:30:00,2026-06-13 11:30:00,172,stunde_rekonstruiert,ha_lts_power_energy
Randreihe,2026-06-13 14:00:00,2026-06-13 12:00:00,175,stunde_rekonstruiert,ha_lts_power_energy
Reihe 1,2026-06-13 14:00:00,2026-06-13 12:00:00,11,stunde_rekonstruiert,ha_lts_power_energy
Reihe 2,2026-06-13 14:00:00,2026-06-13 12:00:00,176,stunde_rekonstruiert,ha_lts_power_energy
Reihe 3,2026-06-13 14:00:00,2026-06-13 12:00:00,178,stunde_rekonstruiert,ha_lts_power_energy
Randreihe,2026-06-13 14:30:00,2026-06-13 12:30:00,175,stunde_rekonstruiert,ha_lts_power_energy
Reihe 1,2026-06-13 14:30:00,2026-06-13 12:30:00,11,stunde_rekonstruiert,ha_lts_power_energy
Reihe 2,2026-06-13 14:30:00,2026-06-13 12:30:00,176,stunde_rekonstruiert,ha_lts_power_energy
Reihe 3,2026-06-13 14:30:00,2026-06-13 12:30:00,178,stunde_rekonstruiert,ha_lts_power_energy
Randreihe,2026-06-13 15:00:00,2026-06-13 13:00:00,175,stunde_rekonstruiert,ha_lts_power_energy
Reihe 1,2026-06-13 15:00:00,2026-06-13 13:00:00,11,stunde_rekonstruiert,ha_lts_power_energy
Reihe 2,2026-06-13 15:00:00,2026-06-13 13:00:00,177,stunde_rekonstruiert,ha_lts_power_energy
Reihe 3,2026-06-13 15:00:00,2026-06-13 13:00:00,176,stunde_rekonstruiert,ha_lts_power_energy
Randreihe,2026-06-13 15:30:00,2026-06-13 13:30:00,175,stunde_rekonstruiert,ha_lts_power_energy
Reihe 1,2026-06-13 15:30:00,2026-06-13 13:30:00,11,stunde_rekonstruiert,ha_lts_power_energy
Reihe 2,2026-06-13 15:30:00,2026-06-13 13:30:00,177,stunde_rekonstruiert,ha_lts_power_energy
Reihe 3,2026-06-13 15:30:00,2026-06-13 13:30:00,176,stunde_rekonstruiert,ha_lts_power_energy
Randreihe,2026-06-13 16:00:00,2026-06-13 14:00:00,174,stunde_rekonstruiert,ha_lts_power_energy
Reihe 1,2026-06-13 16:00:00,2026-06-13 14:00:00,12,stunde_rekonstruiert,ha_lts_power_energy
Reihe 2,2026-06-13 16:00:00,2026-06-13 14:00:00,177,stunde_rekonstruiert,ha_lts_power_energy
Reihe 3,2026-06-13 16:00:00,2026-06-13 14:00:00,179,stunde_rekonstruiert,ha_lts_power_energy
Randreihe,2026-06-13 16:30:00,2026-06-13 14:30:00,174,stunde_rekonstruiert,ha_lts_power_energy
Reihe 1,2026-06-13 16:30:00,2026-06-13 14:30:00,12,stunde_rekonstruiert,ha_lts_power_energy
Reihe 2,2026-06-13 16:30:00,2026-06-13 14:30:00,177,stunde_rekonstruiert,ha_lts_power_energy
Reihe 3,2026-06-13 16:30:00,2026-06-13 14:30:00,179,stunde_rekonstruiert,ha_lts_power_energy
Randreihe,2026-06-13 17:00:00,2026-06-13 15:00:00,176,stunde_rekonstruiert,ha_lts_power_energy
Reihe 1,2026-06-13 17:00:00,2026-06-13 15:00:00,11,stunde_rekonstruiert,ha_lts_power_energy
Reihe 2,2026-06-13 17:00:00,2026-06-13 15:00:00,178,stunde_rekonstruiert,ha_lts_power_energy
Reihe 3,2026-06-13 17:00:00,2026-06-13 15:00:00,176,stunde_rekonstruiert,ha_lts_power_energy
Randreihe,2026-06-13 17:30:00,2026-06-13 15:30:00,176,stunde_rekonstruiert,ha_lts_power_energy
Reihe 1,2026-06-13 17:30:00,2026-06-13 15:30:00,11,stunde_rekonstruiert,ha_lts_power_energy
Reihe 2,2026-06-13 17:30:00,2026-06-13 15:30:00,178,stunde_rekonstruiert,ha_lts_power_energy
Reihe 3,2026-06-13 17:30:00,2026-06-13 15:30:00,176,stunde_rekonstruiert,ha_lts_power_energy
Reihe 1,2026-06-13 18:00:00,2026-06-13 16:00:00,10,stunde_rekonstruiert,ha_lts_power_energy
Reihe 1,2026-06-13 18:30:00,2026-06-13 16:30:00,10,stunde_rekonstruiert,ha_lts_power_energy
Reihe 1,2026-06-13 19:00:00,2026-06-13 17:00:00,11,stunde_rekonstruiert,ha_lts_power_energy
Reihe 1,2026-06-13 19:30:00,2026-06-13 17:30:00,11,stunde_rekonstruiert,ha_lts_power_energy
Reihe 1,2026-06-13 20:00:00,2026-06-13 18:00:00,11,stunde_rekonstruiert,ha_lts_power_energy
Reihe 1,2026-06-13 20:30:00,2026-06-13 18:30:00,11,stunde_rekonstruiert,ha_lts_power_energy
Reihe 1,2026-06-14 06:00:00,2026-06-14 04:00:00,11,stunde_rekonstruiert,ha_lts_power_energy
Reihe 1,2026-06-14 06:30:00,2026-06-14 04:30:00,11,stunde_rekonstruiert,ha_lts_power_energy
Randreihe,2026-06-14 07:00:00,2026-06-14 05:00:00,174,stunde_rekonstruiert,ha_lts_power_energy
Reihe 1,2026-06-14 07:00:00,2026-06-14 05:00:00,11,stunde_rekonstruiert,ha_lts_power_energy
Reihe 2,2026-06-14 07:00:00,2026-06-14 05:00:00,173,stunde_rekonstruiert,ha_lts_power_energy
Reihe 3,2026-06-14 07:00:00,2026-06-14 05:00:00,180,stunde_rekonstruiert,ha_lts_power_energy
Reihe 1,2026-06-14 07:30:00,2026-06-14 05:30:00,11,stunde_rekonstruiert,ha_lts_power_energy
Randreihe,2026-06-14 08:00:00,2026-06-14 06:00:00,176,stunde_rekonstruiert,ha_lts_power_energy
Reihe 1,2026-06-14 08:00:00,2026-06-14 06:00:00,12,stunde_rekonstruiert,ha_lts_power_energy
Reihe 2,2026-06-14 08:00:00,2026-06-14 06:00:00,177,stunde_rekonstruiert,ha_lts_power_energy
Reihe 3,2026-06-14 08:00:00,2026-06-14 06:00:00,179,stunde_rekonstruiert,ha_lts_power_energy
Reihe 1,2026-06-14 08:30:00,2026-06-14 06:30:00,12,stunde_rekonstruiert,ha_lts_power_energy
Randreihe,2026-06-14 09:00:00,2026-06-14 07:00:00,176,stunde_rekonstruiert,ha_lts_power_energy
Reihe 1,2026-06-14 09:00:00,2026-06-14 07:00:00,11,stunde_rekonstruiert,ha_lts_power_energy
Reihe 2,2026-06-14 09:00:00,2026-06-14 07:00:00,177,stunde_rekonstruiert,ha_lts_power_energy
Reihe 3,2026-06-14 09:00:00,2026-06-14 07:00:00,179,stunde_rekonstruiert,ha_lts_power_energy
Reihe 1,2026-06-14 09:30:00,2026-06-14 07:30:00,11,stunde_rekonstruiert,ha_lts_power_energy
Randreihe,2026-06-14 10:00:00,2026-06-14 08:00:00,174,stunde_rekonstruiert,ha_lts_power_energy
Reihe 1,2026-06-14 10:00:00,2026-06-14 08:00:00,11,stunde_rekonstruiert,ha_lts_power_energy
Reihe 2,2026-06-14 10:00:00,2026-06-14 08:00:00,174,stunde_rekonstruiert,ha_lts_power_energy
Reihe 3,2026-06-14 10:00:00,2026-06-14 08:00:00,178,stunde_rekonstruiert,ha_lts_power_energy
Randreihe,2026-06-14 10:30:00,2026-06-14 08:30:00,174,stunde_rekonstruiert,ha_lts_power_energy
Reihe 1,2026-06-14 10:30:00,2026-06-14 08:30:00,11,stunde_rekonstruiert,ha_lts_power_energy
Reihe 2,2026-06-14 10:30:00,2026-06-14 08:30:00,174,stunde_rekonstruiert,ha_lts_power_energy
Reihe 3,2026-06-14 10:30:00,2026-06-14 08:30:00,178,stunde_rekonstruiert,ha_lts_power_energy
Randreihe,2026-06-14 11:00:00,2026-06-14 09:00:00,179,stunde_rekonstruiert,ha_lts_power_energy
Reihe 1,2026-06-14 11:00:00,2026-06-14 09:00:00,11,stunde_rekonstruiert,ha_lts_power_energy
Reihe 2,2026-06-14 11:00:00,2026-06-14 09:00:00,182,stunde_rekonstruiert,ha_lts_power_energy
Reihe 3,2026-06-14 11:00:00,2026-06-14 09:00:00,179,stunde_rekonstruiert,ha_lts_power_energy
Reihe 1,2026-06-14 11:30:00,2026-06-14 09:30:00,11,stunde_rekonstruiert,ha_lts_power_energy
Reihe 3,2026-06-14 11:30:00,2026-06-14 09:30:00,179,stunde_rekonstruiert,ha_lts_power_energy
Randreihe,2026-06-14 12:00:00,2026-06-14 10:00:00,175,stunde_rekonstruiert,ha_lts_power_energy
Reihe 1,2026-06-14 12:00:00,2026-06-14 10:00:00,11,stunde_rekonstruiert,ha_lts_power_energy
Reihe 2,2026-06-14 12:00:00,2026-06-14 10:00:00,174,stunde_rekonstruiert,ha_lts_power_energy
Reihe 3,2026-06-14 12:00:00,2026-06-14 10:00:00,173,stunde_rekonstruiert,ha_lts_power_energy
Randreihe,2026-06-14 12:30:00,2026-06-14 10:30:00,175,stunde_rekonstruiert,ha_lts_power_energy
Reihe 1,2026-06-14 12:30:00,2026-06-14 10:30:00,11,stunde_rekonstruiert,ha_lts_power_energy
Reihe 2,2026-06-14 12:30:00,2026-06-14 10:30:00,174,stunde_rekonstruiert,ha_lts_power_energy
Reihe 3,2026-06-14 12:30:00,2026-06-14 10:30:00,173,stunde_rekonstruiert,ha_lts_power_energy
Randreihe,2026-06-14 13:00:00,2026-06-14 11:00:00,176,stunde_rekonstruiert,ha_lts_power_energy
Reihe 1,2026-06-14 13:00:00,2026-06-14 11:00:00,11,stunde_rekonstruiert,ha_lts_power_energy
Reihe 2,2026-06-14 13:00:00,2026-06-14 11:00:00,148,stunde_rekonstruiert,ha_lts_power_energy
Reihe 3,2026-06-14 13:00:00,2026-06-14 11:00:00,178,stunde_rekonstruiert,ha_lts_power_energy
Randreihe,2026-06-14 13:30:00,2026-06-14 11:30:00,176,stunde_rekonstruiert,ha_lts_power_energy
Reihe 1,2026-06-14 13:30:00,2026-06-14 11:30:00,11,stunde_rekonstruiert,ha_lts_power_energy
Reihe 2,2026-06-14 13:30:00,2026-06-14 11:30:00,148,stunde_rekonstruiert,ha_lts_power_energy
Reihe 3,2026-06-14 13:30:00,2026-06-14 11:30:00,178,stunde_rekonstruiert,ha_lts_power_energy
Randreihe,2026-06-14 14:00:00,2026-06-14 12:00:00,177,stunde_rekonstruiert,ha_lts_power_energy
Reihe 1,2026-06-14 14:00:00,2026-06-14 12:00:00,11,stunde_rekonstruiert,ha_lts_power_energy
Reihe 2,2026-06-14 14:00:00,2026-06-14 12:00:00,121,stunde_rekonstruiert,ha_lts_power_energy
Reihe 3,2026-06-14 14:00:00,2026-06-14 12:00:00,178,stunde_rekonstruiert,ha_lts_power_energy
Reihe 1,2026-06-14 14:30:00,2026-06-14 12:30:00,11,stunde_rekonstruiert,ha_lts_power_energy
Reihe 2,2026-06-14 14:30:00,2026-06-14 12:30:00,121,stunde_rekonstruiert,ha_lts_power_energy
Randreihe,2026-06-14 15:00:00,2026-06-14 13:00:00,176,stunde_rekonstruiert,ha_lts_power_energy
Reihe 1,2026-06-14 15:00:00,2026-06-14 13:00:00,11,stunde_rekonstruiert,ha_lts_power_energy
Reihe 2,2026-06-14 15:00:00,2026-06-14 13:00:00,177,stunde_rekonstruiert,ha_lts_power_energy
Reihe 3,2026-06-14 15:00:00,2026-06-14 13:00:00,171,stunde_rekonstruiert,ha_lts_power_energy
Reihe 1,2026-06-14 15:30:00,2026-06-14 13:30:00,11,stunde_rekonstruiert,ha_lts_power_energy
Reihe 3,2026-06-14 15:30:00,2026-06-14 13:30:00,171,stunde_rekonstruiert,ha_lts_power_energy
Randreihe,2026-06-14 16:00:00,2026-06-14 14:00:00,173,stunde_rekonstruiert,ha_lts_power_energy
Reihe 1,2026-06-14 16:00:00,2026-06-14 14:00:00,11,stunde_rekonstruiert,ha_lts_power_energy
Reihe 2,2026-06-14 16:00:00,2026-06-14 14:00:00,171,stunde_rekonstruiert,ha_lts_power_energy
Reihe 3,2026-06-14 16:00:00,2026-06-14 14:00:00,116,stunde_rekonstruiert,ha_lts_power_energy
Randreihe,2026-06-14 16:30:00,2026-06-14 14:30:00,173,stunde_rekonstruiert,ha_lts_power_energy
Reihe 1,2026-06-14 16:30:00,2026-06-14 14:30:00,11,stunde_rekonstruiert,ha_lts_power_energy
Reihe 2,2026-06-14 16:30:00,2026-06-14 14:30:00,171,stunde_rekonstruiert,ha_lts_power_energy
Reihe 3,2026-06-14 16:30:00,2026-06-14 14:30:00,116,stunde_rekonstruiert,ha_lts_power_energy
Randreihe,2026-06-14 17:00:00,2026-06-14 15:00:00,175,stunde_rekonstruiert,ha_lts_power_energy
Reihe 1,2026-06-14 17:00:00,2026-06-14 15:00:00,11,stunde_rekonstruiert,ha_lts_power_energy
Reihe 2,2026-06-14 17:00:00,2026-06-14 15:00:00,172,stunde_rekonstruiert,ha_lts_power_energy
Reihe 3,2026-06-14 17:00:00,2026-06-14 15:00:00,152,stunde_rekonstruiert,ha_lts_power_energy
Reihe 1,2026-06-14 17:30:00,2026-06-14 15:30:00,11,stunde_rekonstruiert,ha_lts_power_energy
Reihe 3,2026-06-14 17:30:00,2026-06-14 15:30:00,152,stunde_rekonstruiert,ha_lts_power_energy
Reihe 1,2026-06-14 18:00:00,2026-06-14 16:00:00,11,stunde_rekonstruiert,ha_lts_power_energy
Reihe 1,2026-06-14 18:30:00,2026-06-14 16:30:00,11,stunde_rekonstruiert,ha_lts_power_energy
Reihe 1,2026-06-14 19:00:00,2026-06-14 17:00:00,12,stunde_rekonstruiert,ha_lts_power_energy
Reihe 1,2026-06-14 19:30:00,2026-06-14 17:30:00,12,stunde_rekonstruiert,ha_lts_power_energy
Reihe 1,2026-06-14 20:00:00,2026-06-14 18:00:00,12,stunde_rekonstruiert,ha_lts_power_energy
Reihe 1,2026-06-14 20:30:00,2026-06-14 18:30:00,12,stunde_rekonstruiert,ha_lts_power_energy
Reihe 1,2026-06-15 06:00:00,2026-06-15 04:00:00,11,stunde_rekonstruiert,ha_lts_power_energy
Reihe 1,2026-06-15 06:30:00,2026-06-15 04:30:00,11,stunde_rekonstruiert,ha_lts_power_energy
Randreihe,2026-06-15 07:00:00,2026-06-15 05:00:00,175,stunde_rekonstruiert,ha_lts_power_energy
Reihe 1,2026-06-15 07:00:00,2026-06-15 05:00:00,11,stunde_rekonstruiert,ha_lts_power_energy
Reihe 2,2026-06-15 07:00:00,2026-06-15 05:00:00,176,stunde_rekonstruiert,ha_lts_power_energy
Reihe 3,2026-06-15 07:00:00,2026-06-15 05:00:00,179,stunde_rekonstruiert,ha_lts_power_energy
Reihe 1,2026-06-15 07:30:00,2026-06-15 05:30:00,11,stunde_rekonstruiert,ha_lts_power_energy
Randreihe,2026-06-15 08:00:00,2026-06-15 06:00:00,175,stunde_rekonstruiert,ha_lts_power_energy
Reihe 1,2026-06-15 08:00:00,2026-06-15 06:00:00,10,stunde_rekonstruiert,ha_lts_power_energy
Reihe 2,2026-06-15 08:00:00,2026-06-15 06:00:00,176,stunde_rekonstruiert,ha_lts_power_energy
Reihe 3,2026-06-15 08:00:00,2026-06-15 06:00:00,179,stunde_rekonstruiert,ha_lts_power_energy
Reihe 1,2026-06-15 08:30:00,2026-06-15 06:30:00,10,stunde_rekonstruiert,ha_lts_power_energy
Randreihe,2026-06-15 09:00:00,2026-06-15 07:00:00,175,stunde_rekonstruiert,ha_lts_power_energy
Reihe 1,2026-06-15 09:00:00,2026-06-15 07:00:00,11,stunde_rekonstruiert,ha_lts_power_energy
Reihe 2,2026-06-15 09:00:00,2026-06-15 07:00:00,177,stunde_rekonstruiert,ha_lts_power_energy
Reihe 3,2026-06-15 09:00:00,2026-06-15 07:00:00,176,stunde_rekonstruiert,ha_lts_power_energy
Reihe 1,2026-06-15 09:30:00,2026-06-15 07:30:00,11,stunde_rekonstruiert,ha_lts_power_energy
Randreihe,2026-06-15 10:00:00,2026-06-15 08:00:00,176,stunde_rekonstruiert,ha_lts_power_energy
Reihe 1,2026-06-15 10:00:00,2026-06-15 08:00:00,11,stunde_rekonstruiert,ha_lts_power_energy
Reihe 2,2026-06-15 10:00:00,2026-06-15 08:00:00,177,stunde_rekonstruiert,ha_lts_power_energy
Reihe 3,2026-06-15 10:00:00,2026-06-15 08:00:00,178,stunde_rekonstruiert,ha_lts_power_energy
Reihe 1,2026-06-15 10:30:00,2026-06-15 08:30:00,11,stunde_rekonstruiert,ha_lts_power_energy
Reihe 3,2026-06-15 10:30:00,2026-06-15 08:30:00,178,stunde_rekonstruiert,ha_lts_power_energy
Randreihe,2026-06-15 11:00:00,2026-06-15 09:00:00,172,stunde_rekonstruiert,ha_lts_power_energy
Reihe 1,2026-06-15 11:00:00,2026-06-15 09:00:00,10,stunde_rekonstruiert,ha_lts_power_energy
Reihe 2,2026-06-15 11:00:00,2026-06-15 09:00:00,176,stunde_rekonstruiert,ha_lts_power_energy
Reihe 3,2026-06-15 11:00:00,2026-06-15 09:00:00,179,stunde_rekonstruiert,ha_lts_power_energy
Randreihe,2026-06-15 11:30:00,2026-06-15 09:30:00,172,stunde_rekonstruiert,ha_lts_power_energy
Reihe 1,2026-06-15 11:30:00,2026-06-15 09:30:00,10,stunde_rekonstruiert,ha_lts_power_energy
Reihe 2,2026-06-15 11:30:00,2026-06-15 09:30:00,176,stunde_rekonstruiert,ha_lts_power_energy
Reihe 3,2026-06-15 11:30:00,2026-06-15 09:30:00,179,stunde_rekonstruiert,ha_lts_power_energy
Randreihe,2026-06-15 12:00:00,2026-06-15 10:00:00,176,stunde_rekonstruiert,ha_lts_power_energy
Reihe 1,2026-06-15 12:00:00,2026-06-15 10:00:00,11,stunde_rekonstruiert,ha_lts_power_energy
Reihe 2,2026-06-15 12:00:00,2026-06-15 10:00:00,177,stunde_rekonstruiert,ha_lts_power_energy
Reihe 3,2026-06-15 12:00:00,2026-06-15 10:00:00,179,stunde_rekonstruiert,ha_lts_power_energy
Randreihe,2026-06-15 12:30:00,2026-06-15 10:30:00,176,stunde_rekonstruiert,ha_lts_power_energy
Reihe 1,2026-06-15 12:30:00,2026-06-15 10:30:00,11,stunde_rekonstruiert,ha_lts_power_energy
Reihe 2,2026-06-15 12:30:00,2026-06-15 10:30:00,177,stunde_rekonstruiert,ha_lts_power_energy
Reihe 3,2026-06-15 12:30:00,2026-06-15 10:30:00,179,stunde_rekonstruiert,ha_lts_power_energy
Randreihe,2026-06-15 13:00:00,2026-06-15 11:00:00,176,stunde_rekonstruiert,ha_lts_power_energy
Reihe 1,2026-06-15 13:00:00,2026-06-15 11:00:00,12,stunde_rekonstruiert,ha_lts_power_energy
Reihe 2,2026-06-15 13:00:00,2026-06-15 11:00:00,176,stunde_rekonstruiert,ha_lts_power_energy
Reihe 3,2026-06-15 13:00:00,2026-06-15 11:00:00,178,stunde_rekonstruiert,ha_lts_power_energy
Randreihe,2026-06-15 13:30:00,2026-06-15 11:30:00,176,stunde_rekonstruiert,ha_lts_power_energy
Reihe 1,2026-06-15 13:30:00,2026-06-15 11:30:00,12,stunde_rekonstruiert,ha_lts_power_energy
Reihe 2,2026-06-15 13:30:00,2026-06-15 11:30:00,176,stunde_rekonstruiert,ha_lts_power_energy
Reihe 3,2026-06-15 13:30:00,2026-06-15 11:30:00,178,stunde_rekonstruiert,ha_lts_power_energy
Randreihe,2026-06-15 14:00:00,2026-06-15 12:00:00,177,stunde_rekonstruiert,ha_lts_power_energy
Reihe 1,2026-06-15 14:00:00,2026-06-15 12:00:00,11,stunde_rekonstruiert,ha_lts_power_energy
Reihe 2,2026-06-15 14:00:00,2026-06-15 12:00:00,176,stunde_rekonstruiert,ha_lts_power_energy
Reihe 3,2026-06-15 14:00:00,2026-06-15 12:00:00,178,stunde_rekonstruiert,ha_lts_power_energy
Randreihe,2026-06-15 14:30:00,2026-06-15 12:30:00,177,stunde_rekonstruiert,ha_lts_power_energy
Reihe 1,2026-06-15 14:30:00,2026-06-15 12:30:00,11,stunde_rekonstruiert,ha_lts_power_energy
Reihe 2,2026-06-15 14:30:00,2026-06-15 12:30:00,176,stunde_rekonstruiert,ha_lts_power_energy
Reihe 3,2026-06-15 14:30:00,2026-06-15 12:30:00,178,stunde_rekonstruiert,ha_lts_power_energy
Randreihe,2026-06-15 15:00:00,2026-06-15 13:00:00,147,stunde_rekonstruiert,ha_lts_power_energy
Reihe 1,2026-06-15 15:00:00,2026-06-15 13:00:00,16,stunde_rekonstruiert,ha_lts_power_energy
Reihe 2,2026-06-15 15:00:00,2026-06-15 13:00:00,142,stunde_rekonstruiert,ha_lts_power_energy
Reihe 3,2026-06-15 15:00:00,2026-06-15 13:00:00,145,stunde_rekonstruiert,ha_lts_power_energy
Randreihe,2026-06-15 15:30:00,2026-06-15 13:30:00,147,stunde_rekonstruiert,ha_lts_power_energy
Reihe 1,2026-06-15 15:30:00,2026-06-15 13:30:00,16,stunde_rekonstruiert,ha_lts_power_energy
Reihe 2,2026-06-15 15:30:00,2026-06-15 13:30:00,142,stunde_rekonstruiert,ha_lts_power_energy
Reihe 3,2026-06-15 15:30:00,2026-06-15 13:30:00,145,stunde_rekonstruiert,ha_lts_power_energy
Randreihe,2026-06-15 16:00:00,2026-06-15 14:00:00,118,stunde_rekonstruiert,ha_lts_power_energy
Reihe 1,2026-06-15 16:00:00,2026-06-15 14:00:00,10,stunde_rekonstruiert,ha_lts_power_energy
Reihe 2,2026-06-15 16:00:00,2026-06-15 14:00:00,118,stunde_rekonstruiert,ha_lts_power_energy
Reihe 3,2026-06-15 16:00:00,2026-06-15 14:00:00,119,stunde_rekonstruiert,ha_lts_power_energy
Randreihe,2026-06-15 16:30:00,2026-06-15 14:30:00,118,stunde_rekonstruiert,ha_lts_power_energy
Reihe 1,2026-06-15 16:30:00,2026-06-15 14:30:00,10,stunde_rekonstruiert,ha_lts_power_energy
Reihe 2,2026-06-15 16:30:00,2026-06-15 14:30:00,118,stunde_rekonstruiert,ha_lts_power_energy
Reihe 3,2026-06-15 16:30:00,2026-06-15 14:30:00,119,stunde_rekonstruiert,ha_lts_power_energy
Randreihe,2026-06-15 17:00:00,2026-06-15 15:00:00,114,stunde_rekonstruiert,ha_lts_power_energy
Reihe 1,2026-06-15 17:00:00,2026-06-15 15:00:00,11,stunde_rekonstruiert,ha_lts_power_energy
Reihe 2,2026-06-15 17:00:00,2026-06-15 15:00:00,117,stunde_rekonstruiert,ha_lts_power_energy
Reihe 3,2026-06-15 17:00:00,2026-06-15 15:00:00,120,stunde_rekonstruiert,ha_lts_power_energy
Randreihe,2026-06-15 17:30:00,2026-06-15 15:30:00,114,stunde_rekonstruiert,ha_lts_power_energy
Reihe 1,2026-06-15 17:30:00,2026-06-15 15:30:00,11,stunde_rekonstruiert,ha_lts_power_energy
Reihe 2,2026-06-15 17:30:00,2026-06-15 15:30:00,117,stunde_rekonstruiert,ha_lts_power_energy
Reihe 3,2026-06-15 17:30:00,2026-06-15 15:30:00,120,stunde_rekonstruiert,ha_lts_power_energy
Reihe 1,2026-06-15 18:00:00,2026-06-15 16:00:00,12,stunde_rekonstruiert,ha_lts_power_energy
Reihe 3,2026-06-15 18:00:00,2026-06-15 16:00:00,119,stunde_rekonstruiert,ha_lts_power_energy
Reihe 1,2026-06-15 18:30:00,2026-06-15 16:30:00,12,stunde_rekonstruiert,ha_lts_power_energy
Reihe 1,2026-06-15 19:00:00,2026-06-15 17:00:00,12,stunde_rekonstruiert,ha_lts_power_energy
Reihe 1,2026-06-15 19:30:00,2026-06-15 17:30:00,12,stunde_rekonstruiert,ha_lts_power_energy
Reihe 1,2026-06-15 20:00:00,2026-06-15 18:00:00,12,stunde_rekonstruiert,ha_lts_power_energy
Reihe 1,2026-06-15 20:30:00,2026-06-15 18:30:00,12,stunde_rekonstruiert,ha_lts_power_energy
Reihe 1,2026-06-16 06:00:00,2026-06-16 04:00:00,12,stunde_rekonstruiert,ha_lts_power_energy
Reihe 1,2026-06-16 06:30:00,2026-06-16 04:30:00,12,stunde_rekonstruiert,ha_lts_power_energy
Randreihe,2026-06-16 07:00:00,2026-06-16 05:00:00,115,stunde_rekonstruiert,ha_lts_power_energy
Reihe 1,2026-06-16 07:00:00,2026-06-16 05:00:00,12,stunde_rekonstruiert,ha_lts_power_energy
Reihe 2,2026-06-16 07:00:00,2026-06-16 05:00:00,117,stunde_rekonstruiert,ha_lts_power_energy
Reihe 3,2026-06-16 07:00:00,2026-06-16 05:00:00,119,stunde_rekonstruiert,ha_lts_power_energy
Reihe 1,2026-06-16 07:30:00,2026-06-16 05:30:00,12,stunde_rekonstruiert,ha_lts_power_energy
Reihe 1,2026-06-16 08:00:00,2026-06-16 06:00:00,10,stunde_rekonstruiert,ha_lts_power_energy
Reihe 1,2026-06-16 08:30:00,2026-06-16 06:30:00,10,stunde_rekonstruiert,ha_lts_power_energy
Randreihe,2026-06-16 09:00:00,2026-06-16 07:00:00,117,stunde_rekonstruiert,ha_lts_power_energy
Reihe 1,2026-06-16 09:00:00,2026-06-16 07:00:00,11,stunde_rekonstruiert,ha_lts_power_energy
Reihe 2,2026-06-16 09:00:00,2026-06-16 07:00:00,117,stunde_rekonstruiert,ha_lts_power_energy
Reihe 3,2026-06-16 09:00:00,2026-06-16 07:00:00,116,stunde_rekonstruiert,ha_lts_power_energy
Reihe 1,2026-06-16 09:30:00,2026-06-16 07:30:00,11,stunde_rekonstruiert,ha_lts_power_energy
Reihe 3,2026-06-16 09:30:00,2026-06-16 07:30:00,116,stunde_rekonstruiert,ha_lts_power_energy
Randreihe,2026-06-16 10:00:00,2026-06-16 08:00:00,117,stunde_rekonstruiert,ha_lts_power_energy
Reihe 1,2026-06-16 10:00:00,2026-06-16 08:00:00,11,stunde_rekonstruiert,ha_lts_power_energy
Reihe 2,2026-06-16 10:00:00,2026-06-16 08:00:00,117,stunde_rekonstruiert,ha_lts_power_energy
Reihe 3,2026-06-16 10:00:00,2026-06-16 08:00:00,126,stunde_rekonstruiert,ha_lts_power_energy
Reihe 1,2026-06-16 10:30:00,2026-06-16 08:30:00,11,stunde_rekonstruiert,ha_lts_power_energy
Randreihe,2026-06-16 11:00:00,2026-06-16 09:00:00,118,stunde_rekonstruiert,ha_lts_power_energy
Reihe 1,2026-06-16 11:00:00,2026-06-16 09:00:00,11,stunde_rekonstruiert,ha_lts_power_energy
Reihe 2,2026-06-16 11:00:00,2026-06-16 09:00:00,116,stunde_rekonstruiert,ha_lts_power_energy
Reihe 3,2026-06-16 11:00:00,2026-06-16 09:00:00,119,stunde_rekonstruiert,ha_lts_power_energy
Reihe 1,2026-06-16 11:30:00,2026-06-16 09:30:00,11,stunde_rekonstruiert,ha_lts_power_energy
Randreihe,2026-06-16 12:00:00,2026-06-16 10:00:00,117,stunde_rekonstruiert,ha_lts_power_energy
Reihe 1,2026-06-16 12:00:00,2026-06-16 10:00:00,12,stunde_rekonstruiert,ha_lts_power_energy
Reihe 2,2026-06-16 12:00:00,2026-06-16 10:00:00,119,stunde_rekonstruiert,ha_lts_power_energy
Reihe 3,2026-06-16 12:00:00,2026-06-16 10:00:00,119,stunde_rekonstruiert,ha_lts_power_energy
Reihe 1,2026-06-16 12:30:00,2026-06-16 10:30:00,12,stunde_rekonstruiert,ha_lts_power_energy
Randreihe,2026-06-16 13:00:00,2026-06-16 11:00:00,117,stunde_rekonstruiert,ha_lts_power_energy
Reihe 1,2026-06-16 13:00:00,2026-06-16 11:00:00,12,stunde_rekonstruiert,ha_lts_power_energy
Reihe 2,2026-06-16 13:00:00,2026-06-16 11:00:00,118,stunde_rekonstruiert,ha_lts_power_energy
Reihe 3,2026-06-16 13:00:00,2026-06-16 11:00:00,116,stunde_rekonstruiert,ha_lts_power_energy
Reihe 1,2026-06-16 13:30:00,2026-06-16 11:30:00,12,stunde_rekonstruiert,ha_lts_power_energy
Randreihe,2026-06-16 14:00:00,2026-06-16 12:00:00,117,stunde_rekonstruiert,ha_lts_power_energy
Reihe 1,2026-06-16 14:00:00,2026-06-16 12:00:00,11,stunde_rekonstruiert,ha_lts_power_energy
Reihe 2,2026-06-16 14:00:00,2026-06-16 12:00:00,119,stunde_rekonstruiert,ha_lts_power_energy
Reihe 3,2026-06-16 14:00:00,2026-06-16 12:00:00,119,stunde_rekonstruiert,ha_lts_power_energy
Reihe 1,2026-06-16 14:30:00,2026-06-16 12:30:00,11,stunde_rekonstruiert,ha_lts_power_energy
Randreihe,2026-06-16 15:00:00,2026-06-16 13:00:00,117,stunde_rekonstruiert,ha_lts_power_energy
Reihe 1,2026-06-16 15:00:00,2026-06-16 13:00:00,11,stunde_rekonstruiert,ha_lts_power_energy
Reihe 2,2026-06-16 15:00:00,2026-06-16 13:00:00,118,stunde_rekonstruiert,ha_lts_power_energy
Reihe 3,2026-06-16 15:00:00,2026-06-16 13:00:00,116,stunde_rekonstruiert,ha_lts_power_energy
Reihe 1,2026-06-16 15:30:00,2026-06-16 13:30:00,11,stunde_rekonstruiert,ha_lts_power_energy
Reihe 1,2026-06-16 16:00:00,2026-06-16 14:00:00,11,stunde_rekonstruiert,ha_lts_power_energy
Reihe 3,2026-06-16 16:00:00,2026-06-16 14:00:00,120,stunde_rekonstruiert,ha_lts_power_energy
Reihe 1,2026-06-16 16:30:00,2026-06-16 14:30:00,11,stunde_rekonstruiert,ha_lts_power_energy
Randreihe,2026-06-16 17:00:00,2026-06-16 15:00:00,117,stunde_rekonstruiert,ha_lts_power_energy
Reihe 1,2026-06-16 17:00:00,2026-06-16 15:00:00,11,stunde_rekonstruiert,ha_lts_power_energy
Reihe 2,2026-06-16 17:00:00,2026-06-16 15:00:00,118,stunde_rekonstruiert,ha_lts_power_energy
Reihe 3,2026-06-16 17:00:00,2026-06-16 15:00:00,113,stunde_rekonstruiert,ha_lts_power_energy
Randreihe,2026-06-16 17:30:00,2026-06-16 15:30:00,117,stunde_rekonstruiert,ha_lts_power_energy
Reihe 1,2026-06-16 17:30:00,2026-06-16 15:30:00,11,stunde_rekonstruiert,ha_lts_power_energy
Reihe 2,2026-06-16 17:30:00,2026-06-16 15:30:00,118,stunde_rekonstruiert,ha_lts_power_energy
Reihe 3,2026-06-16 17:30:00,2026-06-16 15:30:00,113,stunde_rekonstruiert,ha_lts_power_energy
Reihe 1,2026-06-16 18:00:00,2026-06-16 16:00:00,11,stunde_rekonstruiert,ha_lts_power_energy
Reihe 1,2026-06-16 18:30:00,2026-06-16 16:30:00,11,stunde_rekonstruiert,ha_lts_power_energy
Reihe 1,2026-06-16 19:00:00,2026-06-16 17:00:00,11,stunde_rekonstruiert,ha_lts_power_energy
Reihe 1,2026-06-16 19:30:00,2026-06-16 17:30:00,11,stunde_rekonstruiert,ha_lts_power_energy
Reihe 1,2026-06-16 20:00:00,2026-06-16 18:00:00,11,stunde_rekonstruiert,ha_lts_power_energy
Reihe 1,2026-06-16 20:30:00,2026-06-16 18:30:00,11,stunde_rekonstruiert,ha_lts_power_energy
Reihe 1,2026-06-17 06:00:00,2026-06-17 04:00:00,11,stunde_rekonstruiert,ha_lts_power_energy
Reihe 1,2026-06-17 06:30:00,2026-06-17 04:30:00,11,stunde_rekonstruiert,ha_lts_power_energy
Randreihe,2026-06-17 07:00:00,2026-06-17 05:00:00,116,stunde_rekonstruiert,ha_lts_power_energy
Reihe 1,2026-06-17 07:00:00,2026-06-17 05:00:00,12,stunde_rekonstruiert,ha_lts_power_energy
Reihe 2,2026-06-17 07:00:00,2026-06-17 05:00:00,117,stunde_rekonstruiert,ha_lts_power_energy
Reihe 3,2026-06-17 07:00:00,2026-06-17 05:00:00,117,stunde_rekonstruiert,ha_lts_power_energy
Reihe 1,2026-06-17 07:30:00,2026-06-17 05:30:00,12,stunde_rekonstruiert,ha_lts_power_energy
Randreihe,2026-06-17 08:00:00,2026-06-17 06:00:00,117,stunde_rekonstruiert,ha_lts_power_energy
Reihe 1,2026-06-17 08:00:00,2026-06-17 06:00:00,12,stunde_rekonstruiert,ha_lts_power_energy
Reihe 2,2026-06-17 08:00:00,2026-06-17 06:00:00,118,stunde_rekonstruiert,ha_lts_power_energy
Reihe 3,2026-06-17 08:00:00,2026-06-17 06:00:00,119,stunde_rekonstruiert,ha_lts_power_energy
Reihe 1,2026-06-17 08:30:00,2026-06-17 06:30:00,12,stunde_rekonstruiert,ha_lts_power_energy
Randreihe,2026-06-17 09:00:00,2026-06-17 07:00:00,117,stunde_rekonstruiert,ha_lts_power_energy
Reihe 1,2026-06-17 09:00:00,2026-06-17 07:00:00,12,stunde_rekonstruiert,ha_lts_power_energy
Reihe 2,2026-06-17 09:00:00,2026-06-17 07:00:00,115,stunde_rekonstruiert,ha_lts_power_energy
Reihe 3,2026-06-17 09:00:00,2026-06-17 07:00:00,120,stunde_rekonstruiert,ha_lts_power_energy
Reihe 1,2026-06-17 09:30:00,2026-06-17 07:30:00,12,stunde_rekonstruiert,ha_lts_power_energy
Randreihe,2026-06-17 10:00:00,2026-06-17 08:00:00,117,stunde_rekonstruiert,ha_lts_power_energy
Reihe 1,2026-06-17 10:00:00,2026-06-17 08:00:00,11,stunde_rekonstruiert,ha_lts_power_energy
Reihe 2,2026-06-17 10:00:00,2026-06-17 08:00:00,116,stunde_rekonstruiert,ha_lts_power_energy
Reihe 3,2026-06-17 10:00:00,2026-06-17 08:00:00,119,stunde_rekonstruiert,ha_lts_power_energy
Reihe 1,2026-06-17 10:30:00,2026-06-17 08:30:00,11,stunde_rekonstruiert,ha_lts_power_energy
Reihe 3,2026-06-17 10:30:00,2026-06-17 08:30:00,119,stunde_rekonstruiert,ha_lts_power_energy
Randreihe,2026-06-17 11:00:00,2026-06-17 09:00:00,117,stunde_rekonstruiert,ha_lts_power_energy
Reihe 1,2026-06-17 11:00:00,2026-06-17 09:00:00,11,stunde_rekonstruiert,ha_lts_power_energy
Reihe 2,2026-06-17 11:00:00,2026-06-17 09:00:00,116,stunde_rekonstruiert,ha_lts_power_energy
Reihe 3,2026-06-17 11:00:00,2026-06-17 09:00:00,118,stunde_rekonstruiert,ha_lts_power_energy
Randreihe,2026-06-17 11:30:00,2026-06-17 09:30:00,117,stunde_rekonstruiert,ha_lts_power_energy
Reihe 1,2026-06-17 11:30:00,2026-06-17 09:30:00,11,stunde_rekonstruiert,ha_lts_power_energy
Reihe 2,2026-06-17 11:30:00,2026-06-17 09:30:00,116,stunde_rekonstruiert,ha_lts_power_energy
Reihe 3,2026-06-17 11:30:00,2026-06-17 09:30:00,118,stunde_rekonstruiert,ha_lts_power_energy
Randreihe,2026-06-17 12:00:00,2026-06-17 10:00:00,115,stunde_rekonstruiert,ha_lts_power_energy
Reihe 1,2026-06-17 12:00:00,2026-06-17 10:00:00,11,stunde_rekonstruiert,ha_lts_power_energy
Reihe 2,2026-06-17 12:00:00,2026-06-17 10:00:00,118,stunde_rekonstruiert,ha_lts_power_energy
Reihe 3,2026-06-17 12:00:00,2026-06-17 10:00:00,119,stunde_rekonstruiert,ha_lts_power_energy
Randreihe,2026-06-17 12:30:00,2026-06-17 10:30:00,115,stunde_rekonstruiert,ha_lts_power_energy
Reihe 1,2026-06-17 12:30:00,2026-06-17 10:30:00,11,stunde_rekonstruiert,ha_lts_power_energy
Reihe 2,2026-06-17 12:30:00,2026-06-17 10:30:00,118,stunde_rekonstruiert,ha_lts_power_energy
Reihe 3,2026-06-17 12:30:00,2026-06-17 10:30:00,119,stunde_rekonstruiert,ha_lts_power_energy
Randreihe,2026-06-17 13:00:00,2026-06-17 11:00:00,117,stunde_rekonstruiert,ha_lts_power_energy
Reihe 1,2026-06-17 13:00:00,2026-06-17 11:00:00,12,stunde_rekonstruiert,ha_lts_power_energy
Reihe 2,2026-06-17 13:00:00,2026-06-17 11:00:00,117,stunde_rekonstruiert,ha_lts_power_energy
Reihe 3,2026-06-17 13:00:00,2026-06-17 11:00:00,119,stunde_rekonstruiert,ha_lts_power_energy
Randreihe,2026-06-17 13:30:00,2026-06-17 11:30:00,117,stunde_rekonstruiert,ha_lts_power_energy
Reihe 1,2026-06-17 13:30:00,2026-06-17 11:30:00,12,stunde_rekonstruiert,ha_lts_power_energy
Reihe 2,2026-06-17 13:30:00,2026-06-17 11:30:00,117,stunde_rekonstruiert,ha_lts_power_energy
Reihe 3,2026-06-17 13:30:00,2026-06-17 11:30:00,119,stunde_rekonstruiert,ha_lts_power_energy
Randreihe,2026-06-17 14:00:00,2026-06-17 12:00:00,112,stunde_rekonstruiert,ha_lts_power_energy
Reihe 1,2026-06-17 14:00:00,2026-06-17 12:00:00,11,stunde_rekonstruiert,ha_lts_power_energy
Reihe 2,2026-06-17 14:00:00,2026-06-17 12:00:00,118,stunde_rekonstruiert,ha_lts_power_energy
Reihe 3,2026-06-17 14:00:00,2026-06-17 12:00:00,119,stunde_rekonstruiert,ha_lts_power_energy
Reihe 1,2026-06-17 14:30:00,2026-06-17 12:30:00,11,stunde_rekonstruiert,ha_lts_power_energy
Reihe 3,2026-06-17 14:30:00,2026-06-17 12:30:00,119,stunde_rekonstruiert,ha_lts_power_energy
Randreihe,2026-06-17 15:00:00,2026-06-17 13:00:00,118,stunde_rekonstruiert,ha_lts_power_energy
Reihe 1,2026-06-17 15:00:00,2026-06-17 13:00:00,11,stunde_rekonstruiert,ha_lts_power_energy
Reihe 2,2026-06-17 15:00:00,2026-06-17 13:00:00,114,stunde_rekonstruiert,ha_lts_power_energy
Reihe 3,2026-06-17 15:00:00,2026-06-17 13:00:00,119,stunde_rekonstruiert,ha_lts_power_energy
Randreihe,2026-06-17 15:30:00,2026-06-17 13:30:00,118,stunde_rekonstruiert,ha_lts_power_energy
Reihe 1,2026-06-17 15:30:00,2026-06-17 13:30:00,11,stunde_rekonstruiert,ha_lts_power_energy
Reihe 2,2026-06-17 15:30:00,2026-06-17 13:30:00,114,stunde_rekonstruiert,ha_lts_power_energy
Reihe 3,2026-06-17 15:30:00,2026-06-17 13:30:00,119,stunde_rekonstruiert,ha_lts_power_energy
Randreihe,2026-06-17 16:00:00,2026-06-17 14:00:00,119,stunde_rekonstruiert,ha_lts_power_energy
Reihe 1,2026-06-17 16:00:00,2026-06-17 14:00:00,11,stunde_rekonstruiert,ha_lts_power_energy
Reihe 2,2026-06-17 16:00:00,2026-06-17 14:00:00,114,stunde_rekonstruiert,ha_lts_power_energy
Reihe 3,2026-06-17 16:00:00,2026-06-17 14:00:00,120,stunde_rekonstruiert,ha_lts_power_energy
Reihe 1,2026-06-17 16:30:00,2026-06-17 14:30:00,11,stunde_rekonstruiert,ha_lts_power_energy
Randreihe,2026-06-17 17:00:00,2026-06-17 15:00:00,116,stunde_rekonstruiert,ha_lts_power_energy
Reihe 1,2026-06-17 17:00:00,2026-06-17 15:00:00,11,stunde_rekonstruiert,ha_lts_power_energy
Reihe 2,2026-06-17 17:00:00,2026-06-17 15:00:00,118,stunde_rekonstruiert,ha_lts_power_energy
Reihe 3,2026-06-17 17:00:00,2026-06-17 15:00:00,115,stunde_rekonstruiert,ha_lts_power_energy
Reihe 1,2026-06-17 17:30:00,2026-06-17 15:30:00,11,stunde_rekonstruiert,ha_lts_power_energy
Reihe 3,2026-06-17 17:30:00,2026-06-17 15:30:00,115,stunde_rekonstruiert,ha_lts_power_energy
Reihe 1,2026-06-17 18:00:00,2026-06-17 16:00:00,12,stunde_rekonstruiert,ha_lts_power_energy
Reihe 1,2026-06-17 18:30:00,2026-06-17 16:30:00,12,stunde_rekonstruiert,ha_lts_power_energy
Reihe 1,2026-06-17 19:00:00,2026-06-17 17:00:00,12,stunde_rekonstruiert,ha_lts_power_energy
Reihe 1,2026-06-17 19:30:00,2026-06-17 17:30:00,12,stunde_rekonstruiert,ha_lts_power_energy
Reihe 1,2026-06-17 20:00:00,2026-06-17 18:00:00,12,stunde_rekonstruiert,ha_lts_power_energy
Reihe 1,2026-06-17 20:30:00,2026-06-17 18:30:00,12,stunde_rekonstruiert,ha_lts_power_energy
Reihe 1,2026-06-18 06:00:00,2026-06-18 04:00:00,11,stunde_rekonstruiert,ha_lts_power_energy
Reihe 1,2026-06-18 06:30:00,2026-06-18 04:30:00,11,stunde_rekonstruiert,ha_lts_power_energy
Randreihe,2026-06-18 07:00:00,2026-06-18 05:00:00,115,stunde_rekonstruiert,ha_lts_power_energy
Reihe 1,2026-06-18 07:00:00,2026-06-18 05:00:00,11,stunde_rekonstruiert,ha_lts_power_energy
Reihe 2,2026-06-18 07:00:00,2026-06-18 05:00:00,118,stunde_rekonstruiert,ha_lts_power_energy
Reihe 3,2026-06-18 07:00:00,2026-06-18 05:00:00,118,stunde_rekonstruiert,ha_lts_power_energy
Reihe 1,2026-06-18 07:30:00,2026-06-18 05:30:00,11,stunde_rekonstruiert,ha_lts_power_energy
Randreihe,2026-06-18 08:00:00,2026-06-18 06:00:00,117,stunde_rekonstruiert,ha_lts_power_energy
Reihe 1,2026-06-18 08:00:00,2026-06-18 06:00:00,11,stunde_rekonstruiert,ha_lts_power_energy
Reihe 2,2026-06-18 08:00:00,2026-06-18 06:00:00,116,stunde_rekonstruiert,ha_lts_power_energy
Reihe 3,2026-06-18 08:00:00,2026-06-18 06:00:00,119,stunde_rekonstruiert,ha_lts_power_energy
Reihe 1,2026-06-18 08:30:00,2026-06-18 06:30:00,11,stunde_rekonstruiert,ha_lts_power_energy
Randreihe,2026-06-18 09:00:00,2026-06-18 07:00:00,117,stunde_rekonstruiert,ha_lts_power_energy
Reihe 1,2026-06-18 09:00:00,2026-06-18 07:00:00,11,stunde_rekonstruiert,ha_lts_power_energy
Reihe 2,2026-06-18 09:00:00,2026-06-18 07:00:00,118,stunde_rekonstruiert,ha_lts_power_energy
Reihe 3,2026-06-18 09:00:00,2026-06-18 07:00:00,118,stunde_rekonstruiert,ha_lts_power_energy
Reihe 1,2026-06-18 09:30:00,2026-06-18 07:30:00,11,stunde_rekonstruiert,ha_lts_power_energy
Randreihe,2026-06-18 10:00:00,2026-06-18 08:00:00,118,stunde_rekonstruiert,ha_lts_power_energy
Reihe 1,2026-06-18 10:00:00,2026-06-18 08:00:00,11,stunde_rekonstruiert,ha_lts_power_energy
Reihe 2,2026-06-18 10:00:00,2026-06-18 08:00:00,117,stunde_rekonstruiert,ha_lts_power_energy
Reihe 3,2026-06-18 10:00:00,2026-06-18 08:00:00,118,stunde_rekonstruiert,ha_lts_power_energy
Randreihe,2026-06-18 10:30:00,2026-06-18 08:30:00,118,stunde_rekonstruiert,ha_lts_power_energy
Reihe 1,2026-06-18 10:30:00,2026-06-18 08:30:00,11,stunde_rekonstruiert,ha_lts_power_energy
Reihe 2,2026-06-18 10:30:00,2026-06-18 08:30:00,117,stunde_rekonstruiert,ha_lts_power_energy
Reihe 3,2026-06-18 10:30:00,2026-06-18 08:30:00,118,stunde_rekonstruiert,ha_lts_power_energy
Randreihe,2026-06-18 11:00:00,2026-06-18 09:00:00,118,stunde_rekonstruiert,ha_lts_power_energy
Reihe 1,2026-06-18 11:00:00,2026-06-18 09:00:00,11,stunde_rekonstruiert,ha_lts_power_energy
Reihe 2,2026-06-18 11:00:00,2026-06-18 09:00:00,119,stunde_rekonstruiert,ha_lts_power_energy
Reihe 3,2026-06-18 11:00:00,2026-06-18 09:00:00,119,stunde_rekonstruiert,ha_lts_power_energy
Randreihe,2026-06-18 11:30:00,2026-06-18 09:30:00,118,stunde_rekonstruiert,ha_lts_power_energy
Reihe 1,2026-06-18 11:30:00,2026-06-18 09:30:00,11,stunde_rekonstruiert,ha_lts_power_energy
Reihe 2,2026-06-18 11:30:00,2026-06-18 09:30:00,119,stunde_rekonstruiert,ha_lts_power_energy
Reihe 3,2026-06-18 11:30:00,2026-06-18 09:30:00,119,stunde_rekonstruiert,ha_lts_power_energy
Randreihe,2026-06-18 12:00:00,2026-06-18 10:00:00,112,stunde_rekonstruiert,ha_lts_power_energy
Reihe 1,2026-06-18 12:00:00,2026-06-18 10:00:00,12,stunde_rekonstruiert,ha_lts_power_energy
Reihe 2,2026-06-18 12:00:00,2026-06-18 10:00:00,114,stunde_rekonstruiert,ha_lts_power_energy
Reihe 3,2026-06-18 12:00:00,2026-06-18 10:00:00,116,stunde_rekonstruiert,ha_lts_power_energy
Reihe 1,2026-06-18 12:30:00,2026-06-18 10:30:00,12,stunde_rekonstruiert,ha_lts_power_energy
Reihe 3,2026-06-18 12:30:00,2026-06-18 10:30:00,116,stunde_rekonstruiert,ha_lts_power_energy
Randreihe,2026-06-18 13:00:00,2026-06-18 11:00:00,117,stunde_rekonstruiert,ha_lts_power_energy
Reihe 1,2026-06-18 13:00:00,2026-06-18 11:00:00,11,stunde_rekonstruiert,ha_lts_power_energy
Reihe 2,2026-06-18 13:00:00,2026-06-18 11:00:00,114,stunde_rekonstruiert,ha_lts_power_energy
Reihe 3,2026-06-18 13:00:00,2026-06-18 11:00:00,119,stunde_rekonstruiert,ha_lts_power_energy
Randreihe,2026-06-18 13:30:00,2026-06-18 11:30:00,117,stunde_rekonstruiert,ha_lts_power_energy
Reihe 1,2026-06-18 13:30:00,2026-06-18 11:30:00,11,stunde_rekonstruiert,ha_lts_power_energy
Reihe 2,2026-06-18 13:30:00,2026-06-18 11:30:00,114,stunde_rekonstruiert,ha_lts_power_energy
Reihe 3,2026-06-18 13:30:00,2026-06-18 11:30:00,119,stunde_rekonstruiert,ha_lts_power_energy
Randreihe,2026-06-18 14:00:00,2026-06-18 12:00:00,115,stunde_rekonstruiert,ha_lts_power_energy
Reihe 1,2026-06-18 14:00:00,2026-06-18 12:00:00,11,stunde_rekonstruiert,ha_lts_power_energy
Reihe 2,2026-06-18 14:00:00,2026-06-18 12:00:00,114,stunde_rekonstruiert,ha_lts_power_energy
Reihe 3,2026-06-18 14:00:00,2026-06-18 12:00:00,118,stunde_rekonstruiert,ha_lts_power_energy
Randreihe,2026-06-18 14:30:00,2026-06-18 12:30:00,115,stunde_rekonstruiert,ha_lts_power_energy
Reihe 1,2026-06-18 14:30:00,2026-06-18 12:30:00,11,stunde_rekonstruiert,ha_lts_power_energy
Reihe 2,2026-06-18 14:30:00,2026-06-18 12:30:00,114,stunde_rekonstruiert,ha_lts_power_energy
Reihe 3,2026-06-18 14:30:00,2026-06-18 12:30:00,118,stunde_rekonstruiert,ha_lts_power_energy
Randreihe,2026-06-18 15:00:00,2026-06-18 13:00:00,117,stunde_rekonstruiert,ha_lts_power_energy
Reihe 1,2026-06-18 15:00:00,2026-06-18 13:00:00,11,stunde_rekonstruiert,ha_lts_power_energy
Reihe 2,2026-06-18 15:00:00,2026-06-18 13:00:00,118,stunde_rekonstruiert,ha_lts_power_energy
Reihe 3,2026-06-18 15:00:00,2026-06-18 13:00:00,119,stunde_rekonstruiert,ha_lts_power_energy
Randreihe,2026-06-18 15:30:00,2026-06-18 13:30:00,117,stunde_rekonstruiert,ha_lts_power_energy
Reihe 1,2026-06-18 15:30:00,2026-06-18 13:30:00,11,stunde_rekonstruiert,ha_lts_power_energy
Reihe 2,2026-06-18 15:30:00,2026-06-18 13:30:00,118,stunde_rekonstruiert,ha_lts_power_energy
Reihe 3,2026-06-18 15:30:00,2026-06-18 13:30:00,119,stunde_rekonstruiert,ha_lts_power_energy
Randreihe,2026-06-18 16:00:00,2026-06-18 14:00:00,116,stunde_rekonstruiert,ha_lts_power_energy
Reihe 1,2026-06-18 16:00:00,2026-06-18 14:00:00,11,stunde_rekonstruiert,ha_lts_power_energy
Reihe 2,2026-06-18 16:00:00,2026-06-18 14:00:00,116,stunde_rekonstruiert,ha_lts_power_energy
Reihe 3,2026-06-18 16:00:00,2026-06-18 14:00:00,119,stunde_rekonstruiert,ha_lts_power_energy
Randreihe,2026-06-18 16:30:00,2026-06-18 14:30:00,116,stunde_rekonstruiert,ha_lts_power_energy
Reihe 1,2026-06-18 16:30:00,2026-06-18 14:30:00,11,stunde_rekonstruiert,ha_lts_power_energy
Reihe 2,2026-06-18 16:30:00,2026-06-18 14:30:00,116,stunde_rekonstruiert,ha_lts_power_energy
Reihe 3,2026-06-18 16:30:00,2026-06-18 14:30:00,119,stunde_rekonstruiert,ha_lts_power_energy
Randreihe,2026-06-18 17:00:00,2026-06-18 15:00:00,118,stunde_rekonstruiert,ha_lts_power_energy
Reihe 1,2026-06-18 17:00:00,2026-06-18 15:00:00,10,stunde_rekonstruiert,ha_lts_power_energy
Reihe 2,2026-06-18 17:00:00,2026-06-18 15:00:00,119,stunde_rekonstruiert,ha_lts_power_energy
Reihe 3,2026-06-18 17:00:00,2026-06-18 15:00:00,115,stunde_rekonstruiert,ha_lts_power_energy
Randreihe,2026-06-18 17:30:00,2026-06-18 15:30:00,118,stunde_rekonstruiert,ha_lts_power_energy
Reihe 1,2026-06-18 17:30:00,2026-06-18 15:30:00,10,stunde_rekonstruiert,ha_lts_power_energy
Reihe 2,2026-06-18 17:30:00,2026-06-18 15:30:00,119,stunde_rekonstruiert,ha_lts_power_energy
Reihe 3,2026-06-18 17:30:00,2026-06-18 15:30:00,115,stunde_rekonstruiert,ha_lts_power_energy
Reihe 1,2026-06-18 18:00:00,2026-06-18 16:00:00,10,stunde_rekonstruiert,ha_lts_power_energy
Reihe 1,2026-06-18 18:30:00,2026-06-18 16:30:00,10,stunde_rekonstruiert,ha_lts_power_energy
Reihe 1,2026-06-18 19:00:00,2026-06-18 17:00:00,11,stunde_rekonstruiert,ha_lts_power_energy
Reihe 1,2026-06-18 19:30:00,2026-06-18 17:30:00,11,stunde_rekonstruiert,ha_lts_power_energy
Reihe 1,2026-06-18 20:00:00,2026-06-18 18:00:00,11,stunde_rekonstruiert,ha_lts_power_energy
Reihe 1,2026-06-18 20:30:00,2026-06-18 18:30:00,11,stunde_rekonstruiert,ha_lts_power_energy
Reihe 1,2026-06-19 06:00:00,2026-06-19 04:00:00,11,stunde_rekonstruiert,ha_lts_power_energy
Reihe 1,2026-06-19 06:30:00,2026-06-19 04:30:00,11,stunde_rekonstruiert,ha_lts_power_energy
Randreihe,2026-06-19 07:00:00,2026-06-19 05:00:00,117,stunde_rekonstruiert,ha_lts_power_energy
Reihe 1,2026-06-19 07:00:00,2026-06-19 05:00:00,11,stunde_rekonstruiert,ha_lts_power_energy
Reihe 2,2026-06-19 07:00:00,2026-06-19 05:00:00,116,stunde_rekonstruiert,ha_lts_power_energy
Reihe 3,2026-06-19 07:00:00,2026-06-19 05:00:00,120,stunde_rekonstruiert,ha_lts_power_energy
Reihe 1,2026-06-19 07:30:00,2026-06-19 05:30:00,11,stunde_rekonstruiert,ha_lts_power_energy
Randreihe,2026-06-19 08:00:00,2026-06-19 06:00:00,118,stunde_rekonstruiert,ha_lts_power_energy
Reihe 1,2026-06-19 08:00:00,2026-06-19 06:00:00,11,stunde_rekonstruiert,ha_lts_power_energy
Reihe 2,2026-06-19 08:00:00,2026-06-19 06:00:00,116,stunde_rekonstruiert,ha_lts_power_energy
Reihe 3,2026-06-19 08:00:00,2026-06-19 06:00:00,119,stunde_rekonstruiert,ha_lts_power_energy
Reihe 1,2026-06-19 08:30:00,2026-06-19 06:30:00,11,stunde_rekonstruiert,ha_lts_power_energy
Randreihe,2026-06-19 09:00:00,2026-06-19 07:00:00,115,stunde_rekonstruiert,ha_lts_power_energy
Reihe 1,2026-06-19 09:00:00,2026-06-19 07:00:00,11,stunde_rekonstruiert,ha_lts_power_energy
Reihe 2,2026-06-19 09:00:00,2026-06-19 07:00:00,118,stunde_rekonstruiert,ha_lts_power_energy
Reihe 3,2026-06-19 09:00:00,2026-06-19 07:00:00,119,stunde_rekonstruiert,ha_lts_power_energy
Reihe 1,2026-06-19 09:30:00,2026-06-19 07:30:00,11,stunde_rekonstruiert,ha_lts_power_energy
Randreihe,2026-06-19 10:00:00,2026-06-19 08:00:00,140,stunde_rekonstruiert,ha_lts_power_energy
Reihe 1,2026-06-19 10:00:00,2026-06-19 08:00:00,11,stunde_rekonstruiert,ha_lts_power_energy
Reihe 2,2026-06-19 10:00:00,2026-06-19 08:00:00,118,stunde_rekonstruiert,ha_lts_power_energy
Reihe 3,2026-06-19 10:00:00,2026-06-19 08:00:00,114,stunde_rekonstruiert,ha_lts_power_energy
Reihe 1,2026-06-19 10:30:00,2026-06-19 08:30:00,11,stunde_rekonstruiert,ha_lts_power_energy
Reihe 3,2026-06-19 10:30:00,2026-06-19 08:30:00,114,stunde_rekonstruiert,ha_lts_power_energy
Randreihe,2026-06-19 11:00:00,2026-06-19 09:00:00,136,stunde_rekonstruiert,ha_lts_power_energy
Reihe 1,2026-06-19 11:00:00,2026-06-19 09:00:00,12,stunde_rekonstruiert,ha_lts_power_energy
Reihe 2,2026-06-19 11:00:00,2026-06-19 09:00:00,142,stunde_rekonstruiert,ha_lts_power_energy
Reihe 3,2026-06-19 11:00:00,2026-06-19 09:00:00,149,stunde_rekonstruiert,ha_lts_power_energy
Randreihe,2026-06-19 11:30:00,2026-06-19 09:30:00,136,stunde_rekonstruiert,ha_lts_power_energy
Reihe 1,2026-06-19 11:30:00,2026-06-19 09:30:00,12,stunde_rekonstruiert,ha_lts_power_energy
Reihe 2,2026-06-19 11:30:00,2026-06-19 09:30:00,142,stunde_rekonstruiert,ha_lts_power_energy
Reihe 3,2026-06-19 11:30:00,2026-06-19 09:30:00,149,stunde_rekonstruiert,ha_lts_power_energy
Randreihe,2026-06-19 12:00:00,2026-06-19 10:00:00,171,stunde_rekonstruiert,ha_lts_power_energy
Reihe 1,2026-06-19 12:00:00,2026-06-19 10:00:00,11,stunde_rekonstruiert,ha_lts_power_energy
Reihe 2,2026-06-19 12:00:00,2026-06-19 10:00:00,176,stunde_rekonstruiert,ha_lts_power_energy
Reihe 3,2026-06-19 12:00:00,2026-06-19 10:00:00,178,stunde_rekonstruiert,ha_lts_power_energy
Randreihe,2026-06-19 12:30:00,2026-06-19 10:30:00,171,stunde_rekonstruiert,ha_lts_power_energy
Reihe 1,2026-06-19 12:30:00,2026-06-19 10:30:00,11,stunde_rekonstruiert,ha_lts_power_energy
Reihe 2,2026-06-19 12:30:00,2026-06-19 10:30:00,176,stunde_rekonstruiert,ha_lts_power_energy
Reihe 3,2026-06-19 12:30:00,2026-06-19 10:30:00,178,stunde_rekonstruiert,ha_lts_power_energy
Randreihe,2026-06-19 13:00:00,2026-06-19 11:00:00,177,stunde_rekonstruiert,ha_lts_power_energy
Reihe 1,2026-06-19 13:00:00,2026-06-19 11:00:00,11,stunde_rekonstruiert,ha_lts_power_energy
Reihe 2,2026-06-19 13:00:00,2026-06-19 11:00:00,178,stunde_rekonstruiert,ha_lts_power_energy
Reihe 3,2026-06-19 13:00:00,2026-06-19 11:00:00,178,stunde_rekonstruiert,ha_lts_power_energy
Randreihe,2026-06-19 13:30:00,2026-06-19 11:30:00,177,stunde_rekonstruiert,ha_lts_power_energy
Reihe 1,2026-06-19 13:30:00,2026-06-19 11:30:00,11,stunde_rekonstruiert,ha_lts_power_energy
Reihe 2,2026-06-19 13:30:00,2026-06-19 11:30:00,178,stunde_rekonstruiert,ha_lts_power_energy
Reihe 3,2026-06-19 13:30:00,2026-06-19 11:30:00,178,stunde_rekonstruiert,ha_lts_power_energy
Randreihe,2026-06-19 14:00:00,2026-06-19 12:00:00,173,stunde_rekonstruiert,ha_lts_power_energy
Reihe 1,2026-06-19 14:00:00,2026-06-19 12:00:00,10,stunde_rekonstruiert,ha_lts_power_energy
Reihe 2,2026-06-19 14:00:00,2026-06-19 12:00:00,171,stunde_rekonstruiert,ha_lts_power_energy
Reihe 3,2026-06-19 14:00:00,2026-06-19 12:00:00,179,stunde_rekonstruiert,ha_lts_power_energy
Randreihe,2026-06-19 14:30:00,2026-06-19 12:30:00,173,stunde_rekonstruiert,ha_lts_power_energy
Reihe 1,2026-06-19 14:30:00,2026-06-19 12:30:00,10,stunde_rekonstruiert,ha_lts_power_energy
Reihe 2,2026-06-19 14:30:00,2026-06-19 12:30:00,171,stunde_rekonstruiert,ha_lts_power_energy
Reihe 3,2026-06-19 14:30:00,2026-06-19 12:30:00,179,stunde_rekonstruiert,ha_lts_power_energy
Randreihe,2026-06-19 15:00:00,2026-06-19 13:00:00,171,stunde_rekonstruiert,ha_lts_power_energy
Reihe 1,2026-06-19 15:00:00,2026-06-19 13:00:00,10,stunde_rekonstruiert,ha_lts_power_energy
Reihe 2,2026-06-19 15:00:00,2026-06-19 13:00:00,177,stunde_rekonstruiert,ha_lts_power_energy
Reihe 3,2026-06-19 15:00:00,2026-06-19 13:00:00,172,stunde_rekonstruiert,ha_lts_power_energy
Randreihe,2026-06-19 15:30:00,2026-06-19 13:30:00,171,stunde_rekonstruiert,ha_lts_power_energy
Reihe 1,2026-06-19 15:30:00,2026-06-19 13:30:00,10,stunde_rekonstruiert,ha_lts_power_energy
Reihe 2,2026-06-19 15:30:00,2026-06-19 13:30:00,177,stunde_rekonstruiert,ha_lts_power_energy
Reihe 3,2026-06-19 15:30:00,2026-06-19 13:30:00,172,stunde_rekonstruiert,ha_lts_power_energy
Randreihe,2026-06-19 16:00:00,2026-06-19 14:00:00,177,stunde_rekonstruiert,ha_lts_power_energy
Reihe 1,2026-06-19 16:00:00,2026-06-19 14:00:00,11,stunde_rekonstruiert,ha_lts_power_energy
Reihe 2,2026-06-19 16:00:00,2026-06-19 14:00:00,178,stunde_rekonstruiert,ha_lts_power_energy
Reihe 3,2026-06-19 16:00:00,2026-06-19 14:00:00,179,stunde_rekonstruiert,ha_lts_power_energy
Randreihe,2026-06-19 16:30:00,2026-06-19 14:30:00,177,stunde_rekonstruiert,ha_lts_power_energy
Reihe 1,2026-06-19 16:30:00,2026-06-19 14:30:00,11,stunde_rekonstruiert,ha_lts_power_energy
Reihe 2,2026-06-19 16:30:00,2026-06-19 14:30:00,178,stunde_rekonstruiert,ha_lts_power_energy
Reihe 3,2026-06-19 16:30:00,2026-06-19 14:30:00,179,stunde_rekonstruiert,ha_lts_power_energy
Randreihe,2026-06-19 17:00:00,2026-06-19 15:00:00,176,stunde_rekonstruiert,ha_lts_power_energy
Reihe 1,2026-06-19 17:00:00,2026-06-19 15:00:00,11,stunde_rekonstruiert,ha_lts_power_energy
Reihe 2,2026-06-19 17:00:00,2026-06-19 15:00:00,174,stunde_rekonstruiert,ha_lts_power_energy
Reihe 3,2026-06-19 17:00:00,2026-06-19 15:00:00,179,stunde_rekonstruiert,ha_lts_power_energy
Randreihe,2026-06-19 17:30:00,2026-06-19 15:30:00,176,stunde_rekonstruiert,ha_lts_power_energy
Reihe 1,2026-06-19 17:30:00,2026-06-19 15:30:00,11,stunde_rekonstruiert,ha_lts_power_energy
Reihe 2,2026-06-19 17:30:00,2026-06-19 15:30:00,174,stunde_rekonstruiert,ha_lts_power_energy
Reihe 3,2026-06-19 17:30:00,2026-06-19 15:30:00,179,stunde_rekonstruiert,ha_lts_power_energy
Reihe 1,2026-06-19 18:00:00,2026-06-19 16:00:00,11,stunde_rekonstruiert,ha_lts_power_energy
Reihe 1,2026-06-19 18:30:00,2026-06-19 16:30:00,11,stunde_rekonstruiert,ha_lts_power_energy
Reihe 1,2026-06-19 19:00:00,2026-06-19 17:00:00,11,stunde_rekonstruiert,ha_lts_power_energy
Reihe 1,2026-06-19 19:30:00,2026-06-19 17:30:00,11,stunde_rekonstruiert,ha_lts_power_energy
Reihe 1,2026-06-19 20:00:00,2026-06-19 18:00:00,12,stunde_rekonstruiert,ha_lts_power_energy
Reihe 1,2026-06-19 20:30:00,2026-06-19 18:30:00,12,stunde_rekonstruiert,ha_lts_power_energy
Reihe 1,2026-06-20 06:00:00,2026-06-20 04:00:00,12,stunde_rekonstruiert,ha_lts_power_energy
Reihe 1,2026-06-20 06:30:00,2026-06-20 04:30:00,12,stunde_rekonstruiert,ha_lts_power_energy
Randreihe,2026-06-20 07:00:00,2026-06-20 05:00:00,175,stunde_rekonstruiert,ha_lts_power_energy
Reihe 1,2026-06-20 07:00:00,2026-06-20 05:00:00,11,stunde_rekonstruiert,ha_lts_power_energy
Reihe 2,2026-06-20 07:00:00,2026-06-20 05:00:00,176,stunde_rekonstruiert,ha_lts_power_energy
Reihe 3,2026-06-20 07:00:00,2026-06-20 05:00:00,179,stunde_rekonstruiert,ha_lts_power_energy
Reihe 1,2026-06-20 07:30:00,2026-06-20 05:30:00,11,stunde_rekonstruiert,ha_lts_power_energy
Reihe 1,2026-06-20 08:00:00,2026-06-20 06:00:00,10,stunde_rekonstruiert,ha_lts_power_energy
Reihe 1,2026-06-20 08:30:00,2026-06-20 06:30:00,10,stunde_rekonstruiert,ha_lts_power_energy
Randreihe,2026-06-20 09:00:00,2026-06-20 07:00:00,176,stunde_rekonstruiert,ha_lts_power_energy
Reihe 1,2026-06-20 09:00:00,2026-06-20 07:00:00,11,stunde_rekonstruiert,ha_lts_power_energy
Reihe 2,2026-06-20 09:00:00,2026-06-20 07:00:00,175,stunde_rekonstruiert,ha_lts_power_energy
Reihe 3,2026-06-20 09:00:00,2026-06-20 07:00:00,179,stunde_rekonstruiert,ha_lts_power_energy
Reihe 1,2026-06-20 09:30:00,2026-06-20 07:30:00,11,stunde_rekonstruiert,ha_lts_power_energy
Randreihe,2026-06-20 10:00:00,2026-06-20 08:00:00,176,stunde_rekonstruiert,ha_lts_power_energy
Reihe 1,2026-06-20 10:00:00,2026-06-20 08:00:00,11,stunde_rekonstruiert,ha_lts_power_energy
Reihe 2,2026-06-20 10:00:00,2026-06-20 08:00:00,176,stunde_rekonstruiert,ha_lts_power_energy
Reihe 3,2026-06-20 10:00:00,2026-06-20 08:00:00,179,stunde_rekonstruiert,ha_lts_power_energy
Reihe 1,2026-06-20 10:30:00,2026-06-20 08:30:00,11,stunde_rekonstruiert,ha_lts_power_energy
Randreihe,2026-06-20 11:00:00,2026-06-20 09:00:00,172,stunde_rekonstruiert,ha_lts_power_energy
Reihe 1,2026-06-20 11:00:00,2026-06-20 09:00:00,11,stunde_rekonstruiert,ha_lts_power_energy
Reihe 2,2026-06-20 11:00:00,2026-06-20 09:00:00,176,stunde_rekonstruiert,ha_lts_power_energy
Reihe 3,2026-06-20 11:00:00,2026-06-20 09:00:00,178,stunde_rekonstruiert,ha_lts_power_energy
Randreihe,2026-06-20 11:30:00,2026-06-20 09:30:00,172,stunde_rekonstruiert,ha_lts_power_energy
Reihe 1,2026-06-20 11:30:00,2026-06-20 09:30:00,11,stunde_rekonstruiert,ha_lts_power_energy
Reihe 2,2026-06-20 11:30:00,2026-06-20 09:30:00,176,stunde_rekonstruiert,ha_lts_power_energy
Reihe 3,2026-06-20 11:30:00,2026-06-20 09:30:00,178,stunde_rekonstruiert,ha_lts_power_energy
Randreihe,2026-06-20 12:00:00,2026-06-20 10:00:00,175,stunde_rekonstruiert,ha_lts_power_energy
Reihe 1,2026-06-20 12:00:00,2026-06-20 10:00:00,11,stunde_rekonstruiert,ha_lts_power_energy
Reihe 2,2026-06-20 12:00:00,2026-06-20 10:00:00,176,stunde_rekonstruiert,ha_lts_power_energy
Reihe 3,2026-06-20 12:00:00,2026-06-20 10:00:00,179,stunde_rekonstruiert,ha_lts_power_energy
Randreihe,2026-06-20 12:30:00,2026-06-20 10:30:00,175,stunde_rekonstruiert,ha_lts_power_energy
Reihe 1,2026-06-20 12:30:00,2026-06-20 10:30:00,11,stunde_rekonstruiert,ha_lts_power_energy
Reihe 2,2026-06-20 12:30:00,2026-06-20 10:30:00,176,stunde_rekonstruiert,ha_lts_power_energy
Reihe 3,2026-06-20 12:30:00,2026-06-20 10:30:00,179,stunde_rekonstruiert,ha_lts_power_energy
Randreihe,2026-06-20 13:00:00,2026-06-20 11:00:00,176,stunde_rekonstruiert,ha_lts_power_energy
Reihe 1,2026-06-20 13:00:00,2026-06-20 11:00:00,11,stunde_rekonstruiert,ha_lts_power_energy
Reihe 2,2026-06-20 13:00:00,2026-06-20 11:00:00,171,stunde_rekonstruiert,ha_lts_power_energy
Reihe 3,2026-06-20 13:00:00,2026-06-20 11:00:00,178,stunde_rekonstruiert,ha_lts_power_energy
Randreihe,2026-06-20 13:30:00,2026-06-20 11:30:00,176,stunde_rekonstruiert,ha_lts_power_energy
Reihe 1,2026-06-20 13:30:00,2026-06-20 11:30:00,11,stunde_rekonstruiert,ha_lts_power_energy
Reihe 2,2026-06-20 13:30:00,2026-06-20 11:30:00,171,stunde_rekonstruiert,ha_lts_power_energy
Reihe 3,2026-06-20 13:30:00,2026-06-20 11:30:00,178,stunde_rekonstruiert,ha_lts_power_energy
Randreihe,2026-06-20 14:00:00,2026-06-20 12:00:00,177,stunde_rekonstruiert,ha_lts_power_energy
Reihe 1,2026-06-20 14:00:00,2026-06-20 12:00:00,11,stunde_rekonstruiert,ha_lts_power_energy
Reihe 2,2026-06-20 14:00:00,2026-06-20 12:00:00,175,stunde_rekonstruiert,ha_lts_power_energy
Reihe 3,2026-06-20 14:00:00,2026-06-20 12:00:00,178,stunde_rekonstruiert,ha_lts_power_energy
Randreihe,2026-06-20 14:30:00,2026-06-20 12:30:00,177,stunde_rekonstruiert,ha_lts_power_energy
Reihe 1,2026-06-20 14:30:00,2026-06-20 12:30:00,11,stunde_rekonstruiert,ha_lts_power_energy
Reihe 2,2026-06-20 14:30:00,2026-06-20 12:30:00,175,stunde_rekonstruiert,ha_lts_power_energy
Reihe 3,2026-06-20 14:30:00,2026-06-20 12:30:00,178,stunde_rekonstruiert,ha_lts_power_energy
Randreihe,2026-06-20 15:00:00,2026-06-20 13:00:00,177,stunde_rekonstruiert,ha_lts_power_energy
Reihe 1,2026-06-20 15:00:00,2026-06-20 13:00:00,11,stunde_rekonstruiert,ha_lts_power_energy
Reihe 2,2026-06-20 15:00:00,2026-06-20 13:00:00,174,stunde_rekonstruiert,ha_lts_power_energy
Reihe 3,2026-06-20 15:00:00,2026-06-20 13:00:00,178,stunde_rekonstruiert,ha_lts_power_energy
Randreihe,2026-06-20 15:30:00,2026-06-20 13:30:00,177,stunde_rekonstruiert,ha_lts_power_energy
Reihe 1,2026-06-20 15:30:00,2026-06-20 13:30:00,11,stunde_rekonstruiert,ha_lts_power_energy
Reihe 2,2026-06-20 15:30:00,2026-06-20 13:30:00,174,stunde_rekonstruiert,ha_lts_power_energy
Reihe 3,2026-06-20 15:30:00,2026-06-20 13:30:00,178,stunde_rekonstruiert,ha_lts_power_energy
Randreihe,2026-06-20 16:00:00,2026-06-20 14:00:00,178,stunde_rekonstruiert,ha_lts_power_energy
Reihe 1,2026-06-20 16:00:00,2026-06-20 14:00:00,11,stunde_rekonstruiert,ha_lts_power_energy
Reihe 2,2026-06-20 16:00:00,2026-06-20 14:00:00,177,stunde_rekonstruiert,ha_lts_power_energy
Reihe 3,2026-06-20 16:00:00,2026-06-20 14:00:00,178,stunde_rekonstruiert,ha_lts_power_energy
Reihe 1,2026-06-20 16:30:00,2026-06-20 14:30:00,11,stunde_rekonstruiert,ha_lts_power_energy
Reihe 3,2026-06-20 16:30:00,2026-06-20 14:30:00,178,stunde_rekonstruiert,ha_lts_power_energy
Randreihe,2026-06-20 17:00:00,2026-06-20 15:00:00,171,stunde_rekonstruiert,ha_lts_power_energy
Reihe 1,2026-06-20 17:00:00,2026-06-20 15:00:00,10,stunde_rekonstruiert,ha_lts_power_energy
Reihe 2,2026-06-20 17:00:00,2026-06-20 15:00:00,173,stunde_rekonstruiert,ha_lts_power_energy
Reihe 3,2026-06-20 17:00:00,2026-06-20 15:00:00,175,stunde_rekonstruiert,ha_lts_power_energy
Randreihe,2026-06-20 17:30:00,2026-06-20 15:30:00,171,stunde_rekonstruiert,ha_lts_power_energy
Reihe 1,2026-06-20 17:30:00,2026-06-20 15:30:00,10,stunde_rekonstruiert,ha_lts_power_energy
Reihe 2,2026-06-20 17:30:00,2026-06-20 15:30:00,173,stunde_rekonstruiert,ha_lts_power_energy
Reihe 3,2026-06-20 17:30:00,2026-06-20 15:30:00,175,stunde_rekonstruiert,ha_lts_power_energy
Reihe 1,2026-06-20 18:00:00,2026-06-20 16:00:00,11,stunde_rekonstruiert,ha_lts_power_energy
Reihe 1,2026-06-20 18:30:00,2026-06-20 16:30:00,11,stunde_rekonstruiert,ha_lts_power_energy
Reihe 1,2026-06-20 19:00:00,2026-06-20 17:00:00,11,stunde_rekonstruiert,ha_lts_power_energy
Reihe 1,2026-06-20 19:30:00,2026-06-20 17:30:00,11,stunde_rekonstruiert,ha_lts_power_energy
Reihe 1,2026-06-20 20:00:00,2026-06-20 18:00:00,11,stunde_rekonstruiert,ha_lts_power_energy
Reihe 1,2026-06-20 20:30:00,2026-06-20 18:30:00,11,stunde_rekonstruiert,ha_lts_power_energy
Reihe 1,2026-06-21 06:00:00,2026-06-21 04:00:00,11,stunde_rekonstruiert,ha_lts_power_energy
Reihe 1,2026-06-21 06:30:00,2026-06-21 04:30:00,11,stunde_rekonstruiert,ha_lts_power_energy
Randreihe,2026-06-21 07:00:00,2026-06-21 05:00:00,174,stunde_rekonstruiert,ha_lts_power_energy
Reihe 1,2026-06-21 07:00:00,2026-06-21 05:00:00,10,stunde_rekonstruiert,ha_lts_power_energy
Reihe 2,2026-06-21 07:00:00,2026-06-21 05:00:00,174,stunde_rekonstruiert,ha_lts_power_energy
Reihe 3,2026-06-21 07:00:00,2026-06-21 05:00:00,178,stunde_rekonstruiert,ha_lts_power_energy
Randreihe,2026-06-21 07:30:00,2026-06-21 05:30:00,174,stunde_rekonstruiert,ha_lts_power_energy
Reihe 1,2026-06-21 07:30:00,2026-06-21 05:30:00,10,stunde_rekonstruiert,ha_lts_power_energy
Reihe 2,2026-06-21 07:30:00,2026-06-21 05:30:00,174,stunde_rekonstruiert,ha_lts_power_energy
Reihe 3,2026-06-21 07:30:00,2026-06-21 05:30:00,178,stunde_rekonstruiert,ha_lts_power_energy
Randreihe,2026-06-21 08:00:00,2026-06-21 06:00:00,175,stunde_rekonstruiert,ha_lts_power_energy
Reihe 1,2026-06-21 08:00:00,2026-06-21 06:00:00,11,stunde_rekonstruiert,ha_lts_power_energy
Reihe 2,2026-06-21 08:00:00,2026-06-21 06:00:00,176,stunde_rekonstruiert,ha_lts_power_energy
Reihe 3,2026-06-21 08:00:00,2026-06-21 06:00:00,179,stunde_rekonstruiert,ha_lts_power_energy
Randreihe,2026-06-21 08:30:00,2026-06-21 06:30:00,175,stunde_rekonstruiert,ha_lts_power_energy
Reihe 1,2026-06-21 08:30:00,2026-06-21 06:30:00,11,stunde_rekonstruiert,ha_lts_power_energy
Reihe 2,2026-06-21 08:30:00,2026-06-21 06:30:00,176,stunde_rekonstruiert,ha_lts_power_energy
Reihe 3,2026-06-21 08:30:00,2026-06-21 06:30:00,179,stunde_rekonstruiert,ha_lts_power_energy
Randreihe,2026-06-21 09:00:00,2026-06-21 07:00:00,177,stunde_rekonstruiert,ha_lts_power_energy
Reihe 1,2026-06-21 09:00:00,2026-06-21 07:00:00,11,stunde_rekonstruiert,ha_lts_power_energy
Reihe 2,2026-06-21 09:00:00,2026-06-21 07:00:00,176,stunde_rekonstruiert,ha_lts_power_energy
Reihe 3,2026-06-21 09:00:00,2026-06-21 07:00:00,178,stunde_rekonstruiert,ha_lts_power_energy
Reihe 1,2026-06-21 09:30:00,2026-06-21 07:30:00,11,stunde_rekonstruiert,ha_lts_power_energy
Reihe 3,2026-06-21 09:30:00,2026-06-21 07:30:00,178,stunde_rekonstruiert,ha_lts_power_energy
Randreihe,2026-06-21 10:00:00,2026-06-21 08:00:00,173,stunde_rekonstruiert,ha_lts_power_energy
Reihe 1,2026-06-21 10:00:00,2026-06-21 08:00:00,12,stunde_rekonstruiert,ha_lts_power_energy
Reihe 2,2026-06-21 10:00:00,2026-06-21 08:00:00,173,stunde_rekonstruiert,ha_lts_power_energy
Reihe 3,2026-06-21 10:00:00,2026-06-21 08:00:00,173,stunde_rekonstruiert,ha_lts_power_energy
Randreihe,2026-06-21 10:30:00,2026-06-21 08:30:00,173,stunde_rekonstruiert,ha_lts_power_energy
Reihe 1,2026-06-21 10:30:00,2026-06-21 08:30:00,12,stunde_rekonstruiert,ha_lts_power_energy
Reihe 2,2026-06-21 10:30:00,2026-06-21 08:30:00,173,stunde_rekonstruiert,ha_lts_power_energy
Reihe 3,2026-06-21 10:30:00,2026-06-21 08:30:00,173,stunde_rekonstruiert,ha_lts_power_energy
Randreihe,2026-06-21 11:00:00,2026-06-21 09:00:00,177,stunde_rekonstruiert,ha_lts_power_energy
Reihe 1,2026-06-21 11:00:00,2026-06-21 09:00:00,12,stunde_rekonstruiert,ha_lts_power_energy
Reihe 2,2026-06-21 11:00:00,2026-06-21 09:00:00,172,stunde_rekonstruiert,ha_lts_power_energy
Reihe 3,2026-06-21 11:00:00,2026-06-21 09:00:00,178,stunde_rekonstruiert,ha_lts_power_energy
Randreihe,2026-06-21 11:30:00,2026-06-21 09:30:00,177,stunde_rekonstruiert,ha_lts_power_energy
Reihe 1,2026-06-21 11:30:00,2026-06-21 09:30:00,12,stunde_rekonstruiert,ha_lts_power_energy
Reihe 2,2026-06-21 11:30:00,2026-06-21 09:30:00,172,stunde_rekonstruiert,ha_lts_power_energy
Reihe 3,2026-06-21 11:30:00,2026-06-21 09:30:00,178,stunde_rekonstruiert,ha_lts_power_energy
Randreihe,2026-06-21 12:00:00,2026-06-21 10:00:00,176,stunde_rekonstruiert,ha_lts_power_energy
Reihe 1,2026-06-21 12:00:00,2026-06-21 10:00:00,12,stunde_rekonstruiert,ha_lts_power_energy
Reihe 2,2026-06-21 12:00:00,2026-06-21 10:00:00,177,stunde_rekonstruiert,ha_lts_power_energy
Reihe 3,2026-06-21 12:00:00,2026-06-21 10:00:00,178,stunde_rekonstruiert,ha_lts_power_energy
Randreihe,2026-06-21 12:30:00,2026-06-21 10:30:00,176,stunde_rekonstruiert,ha_lts_power_energy
Reihe 1,2026-06-21 12:30:00,2026-06-21 10:30:00,12,stunde_rekonstruiert,ha_lts_power_energy
Reihe 2,2026-06-21 12:30:00,2026-06-21 10:30:00,177,stunde_rekonstruiert,ha_lts_power_energy
Reihe 3,2026-06-21 12:30:00,2026-06-21 10:30:00,178,stunde_rekonstruiert,ha_lts_power_energy
Randreihe,2026-06-21 13:00:00,2026-06-21 11:00:00,176,stunde_rekonstruiert,ha_lts_power_energy
Reihe 1,2026-06-21 13:00:00,2026-06-21 11:00:00,12,stunde_rekonstruiert,ha_lts_power_energy
Reihe 2,2026-06-21 13:00:00,2026-06-21 11:00:00,177,stunde_rekonstruiert,ha_lts_power_energy
Reihe 3,2026-06-21 13:00:00,2026-06-21 11:00:00,175,stunde_rekonstruiert,ha_lts_power_energy
Reihe 1,2026-06-21 13:30:00,2026-06-21 11:30:00,12,stunde_rekonstruiert,ha_lts_power_energy
Reihe 3,2026-06-21 13:30:00,2026-06-21 11:30:00,175,stunde_rekonstruiert,ha_lts_power_energy
Randreihe,2026-06-21 14:00:00,2026-06-21 12:00:00,177,stunde_rekonstruiert,ha_lts_power_energy
Reihe 1,2026-06-21 14:00:00,2026-06-21 12:00:00,12,stunde_rekonstruiert,ha_lts_power_energy
Reihe 2,2026-06-21 14:00:00,2026-06-21 12:00:00,175,stunde_rekonstruiert,ha_lts_power_energy
Reihe 3,2026-06-21 14:00:00,2026-06-21 12:00:00,179,stunde_rekonstruiert,ha_lts_power_energy
Randreihe,2026-06-21 14:30:00,2026-06-21 12:30:00,177,stunde_rekonstruiert,ha_lts_power_energy
Reihe 1,2026-06-21 14:30:00,2026-06-21 12:30:00,12,stunde_rekonstruiert,ha_lts_power_energy
Reihe 2,2026-06-21 14:30:00,2026-06-21 12:30:00,175,stunde_rekonstruiert,ha_lts_power_energy
Reihe 3,2026-06-21 14:30:00,2026-06-21 12:30:00,179,stunde_rekonstruiert,ha_lts_power_energy
Randreihe,2026-06-21 15:00:00,2026-06-21 13:00:00,177,stunde_rekonstruiert,ha_lts_power_energy
Reihe 1,2026-06-21 15:00:00,2026-06-21 13:00:00,11,stunde_rekonstruiert,ha_lts_power_energy
Reihe 2,2026-06-21 15:00:00,2026-06-21 13:00:00,178,stunde_rekonstruiert,ha_lts_power_energy
Reihe 3,2026-06-21 15:00:00,2026-06-21 13:00:00,178,stunde_rekonstruiert,ha_lts_power_energy
Randreihe,2026-06-21 15:30:00,2026-06-21 13:30:00,177,stunde_rekonstruiert,ha_lts_power_energy
Reihe 1,2026-06-21 15:30:00,2026-06-21 13:30:00,11,stunde_rekonstruiert,ha_lts_power_energy
Reihe 2,2026-06-21 15:30:00,2026-06-21 13:30:00,178,stunde_rekonstruiert,ha_lts_power_energy
Randreihe,2026-06-21 16:00:00,2026-06-21 14:00:00,176,stunde_rekonstruiert,ha_lts_power_energy
Reihe 1,2026-06-21 16:00:00,2026-06-21 14:00:00,12,stunde_rekonstruiert,ha_lts_power_energy
Reihe 2,2026-06-21 16:00:00,2026-06-21 14:00:00,174,stunde_rekonstruiert,ha_lts_power_energy
Reihe 3,2026-06-21 16:00:00,2026-06-21 14:00:00,179,stunde_rekonstruiert,ha_lts_power_energy
Reihe 1,2026-06-21 16:30:00,2026-06-21 14:30:00,12,stunde_rekonstruiert,ha_lts_power_energy
Randreihe,2026-06-21 17:00:00,2026-06-21 15:00:00,173,stunde_rekonstruiert,ha_lts_power_energy
Reihe 1,2026-06-21 17:00:00,2026-06-21 15:00:00,11,stunde_rekonstruiert,ha_lts_power_energy
Reihe 2,2026-06-21 17:00:00,2026-06-21 15:00:00,177,stunde_rekonstruiert,ha_lts_power_energy
Reihe 3,2026-06-21 17:00:00,2026-06-21 15:00:00,179,stunde_rekonstruiert,ha_lts_power_energy
Randreihe,2026-06-21 17:30:00,2026-06-21 15:30:00,173,stunde_rekonstruiert,ha_lts_power_energy
Reihe 1,2026-06-21 17:30:00,2026-06-21 15:30:00,11,stunde_rekonstruiert,ha_lts_power_energy
Reihe 2,2026-06-21 17:30:00,2026-06-21 15:30:00,177,stunde_rekonstruiert,ha_lts_power_energy
Reihe 3,2026-06-21 17:30:00,2026-06-21 15:30:00,179,stunde_rekonstruiert,ha_lts_power_energy
Reihe 1,2026-06-21 18:00:00,2026-06-21 16:00:00,11,stunde_rekonstruiert,ha_lts_power_energy
Reihe 1,2026-06-21 18:30:00,2026-06-21 16:30:00,11,stunde_rekonstruiert,ha_lts_power_energy
Reihe 1,2026-06-21 19:00:00,2026-06-21 17:00:00,11,stunde_rekonstruiert,ha_lts_power_energy
Reihe 1,2026-06-21 19:30:00,2026-06-21 17:30:00,11,stunde_rekonstruiert,ha_lts_power_energy
Reihe 1,2026-06-21 20:00:00,2026-06-21 18:00:00,11,stunde_rekonstruiert,ha_lts_power_energy
Reihe 1,2026-06-21 20:30:00,2026-06-21 18:30:00,11,stunde_rekonstruiert,ha_lts_power_energy
Reihe 1,2026-06-22 06:00:00,2026-06-22 04:00:00,10,stunde_rekonstruiert,ha_lts_power_energy
Reihe 1,2026-06-22 06:30:00,2026-06-22 04:30:00,10,stunde_rekonstruiert,ha_lts_power_energy
Randreihe,2026-06-22 07:00:00,2026-06-22 05:00:00,172,stunde_rekonstruiert,ha_lts_power_energy
Reihe 1,2026-06-22 07:00:00,2026-06-22 05:00:00,11,stunde_rekonstruiert,ha_lts_power_energy
Reihe 2,2026-06-22 07:00:00,2026-06-22 05:00:00,175,stunde_rekonstruiert,ha_lts_power_energy
Reihe 3,2026-06-22 07:00:00,2026-06-22 05:00:00,180,stunde_rekonstruiert,ha_lts_power_energy
Reihe 1,2026-06-22 07:30:00,2026-06-22 05:30:00,11,stunde_rekonstruiert,ha_lts_power_energy
Reihe 1,2026-06-22 08:00:00,2026-06-22 06:00:00,11,stunde_rekonstruiert,ha_lts_power_energy
Reihe 1,2026-06-22 08:30:00,2026-06-22 06:30:00,11,stunde_rekonstruiert,ha_lts_power_energy
Randreihe,2026-06-22 09:00:00,2026-06-22 07:00:00,142,stunde_rekonstruiert,ha_lts_power_energy
Reihe 1,2026-06-22 09:00:00,2026-06-22 07:00:00,10,stunde_rekonstruiert,ha_lts_power_energy
Reihe 2,2026-06-22 09:00:00,2026-06-22 07:00:00,172,stunde_rekonstruiert,ha_lts_power_energy
Reihe 3,2026-06-22 09:00:00,2026-06-22 07:00:00,178,stunde_rekonstruiert,ha_lts_power_energy
Randreihe,2026-06-22 09:30:00,2026-06-22 07:30:00,142,stunde_rekonstruiert,ha_lts_power_energy
Reihe 1,2026-06-22 09:30:00,2026-06-22 07:30:00,10,stunde_rekonstruiert,ha_lts_power_energy
Reihe 2,2026-06-22 09:30:00,2026-06-22 07:30:00,172,stunde_rekonstruiert,ha_lts_power_energy
Reihe 3,2026-06-22 09:30:00,2026-06-22 07:30:00,178,stunde_rekonstruiert,ha_lts_power_energy
Randreihe,2026-06-22 10:00:00,2026-06-22 08:00:00,121,stunde_rekonstruiert,ha_lts_power_energy
Reihe 1,2026-06-22 10:00:00,2026-06-22 08:00:00,11,stunde_rekonstruiert,ha_lts_power_energy
Reihe 2,2026-06-22 10:00:00,2026-06-22 08:00:00,204,stunde_rekonstruiert,ha_lts_power_energy
Reihe 3,2026-06-22 10:00:00,2026-06-22 08:00:00,179,stunde_rekonstruiert,ha_lts_power_energy
Randreihe,2026-06-22 10:30:00,2026-06-22 08:30:00,121,stunde_rekonstruiert,ha_lts_power_energy
Reihe 1,2026-06-22 10:30:00,2026-06-22 08:30:00,11,stunde_rekonstruiert,ha_lts_power_energy
Reihe 3,2026-06-22 10:30:00,2026-06-22 08:30:00,179,stunde_rekonstruiert,ha_lts_power_energy
Randreihe,2026-06-22 11:00:00,2026-06-22 09:00:00,173,stunde_rekonstruiert,ha_lts_power_energy
Reihe 1,2026-06-22 11:00:00,2026-06-22 09:00:00,11,stunde_rekonstruiert,ha_lts_power_energy
Reihe 2,2026-06-22 11:00:00,2026-06-22 09:00:00,168,stunde_rekonstruiert,ha_lts_power_energy
Reihe 3,2026-06-22 11:00:00,2026-06-22 09:00:00,178,stunde_rekonstruiert,ha_lts_power_energy
Randreihe,2026-06-22 11:30:00,2026-06-22 09:30:00,173,stunde_rekonstruiert,ha_lts_power_energy
Reihe 1,2026-06-22 11:30:00,2026-06-22 09:30:00,11,stunde_rekonstruiert,ha_lts_power_energy
Reihe 2,2026-06-22 11:30:00,2026-06-22 09:30:00,168,stunde_rekonstruiert,ha_lts_power_energy
Reihe 3,2026-06-22 11:30:00,2026-06-22 09:30:00,178,stunde_rekonstruiert,ha_lts_power_energy
Randreihe,2026-06-22 12:00:00,2026-06-22 10:00:00,172,stunde_rekonstruiert,ha_lts_power_energy
Reihe 1,2026-06-22 12:00:00,2026-06-22 10:00:00,12,stunde_rekonstruiert,ha_lts_power_energy
Reihe 2,2026-06-22 12:00:00,2026-06-22 10:00:00,178,stunde_rekonstruiert,ha_lts_power_energy
Reihe 3,2026-06-22 12:00:00,2026-06-22 10:00:00,178,stunde_rekonstruiert,ha_lts_power_energy
Randreihe,2026-06-22 12:30:00,2026-06-22 10:30:00,172,stunde_rekonstruiert,ha_lts_power_energy
Reihe 1,2026-06-22 12:30:00,2026-06-22 10:30:00,12,stunde_rekonstruiert,ha_lts_power_energy
Reihe 2,2026-06-22 12:30:00,2026-06-22 10:30:00,178,stunde_rekonstruiert,ha_lts_power_energy
Reihe 3,2026-06-22 12:30:00,2026-06-22 10:30:00,178,stunde_rekonstruiert,ha_lts_power_energy
Randreihe,2026-06-22 13:00:00,2026-06-22 11:00:00,176,stunde_rekonstruiert,ha_lts_power_energy
Reihe 1,2026-06-22 13:00:00,2026-06-22 11:00:00,11,stunde_rekonstruiert,ha_lts_power_energy
Reihe 2,2026-06-22 13:00:00,2026-06-22 11:00:00,178,stunde_rekonstruiert,ha_lts_power_energy
Reihe 3,2026-06-22 13:00:00,2026-06-22 11:00:00,179,stunde_rekonstruiert,ha_lts_power_energy
Randreihe,2026-06-22 13:30:00,2026-06-22 11:30:00,176,stunde_rekonstruiert,ha_lts_power_energy
Reihe 1,2026-06-22 13:30:00,2026-06-22 11:30:00,11,stunde_rekonstruiert,ha_lts_power_energy
Reihe 2,2026-06-22 13:30:00,2026-06-22 11:30:00,178,stunde_rekonstruiert,ha_lts_power_energy
Reihe 3,2026-06-22 13:30:00,2026-06-22 11:30:00,179,stunde_rekonstruiert,ha_lts_power_energy
Randreihe,2026-06-22 14:00:00,2026-06-22 12:00:00,177,stunde_rekonstruiert,ha_lts_power_energy
Reihe 1,2026-06-22 14:00:00,2026-06-22 12:00:00,11,stunde_rekonstruiert,ha_lts_power_energy
Reihe 2,2026-06-22 14:00:00,2026-06-22 12:00:00,178,stunde_rekonstruiert,ha_lts_power_energy
Reihe 3,2026-06-22 14:00:00,2026-06-22 12:00:00,177,stunde_rekonstruiert,ha_lts_power_energy
Randreihe,2026-06-22 14:30:00,2026-06-22 12:30:00,177,stunde_rekonstruiert,ha_lts_power_energy
Reihe 1,2026-06-22 14:30:00,2026-06-22 12:30:00,11,stunde_rekonstruiert,ha_lts_power_energy
Reihe 2,2026-06-22 14:30:00,2026-06-22 12:30:00,178,stunde_rekonstruiert,ha_lts_power_energy
Reihe 3,2026-06-22 14:30:00,2026-06-22 12:30:00,177,stunde_rekonstruiert,ha_lts_power_energy
Randreihe,2026-06-22 15:00:00,2026-06-22 13:00:00,176,stunde_rekonstruiert,ha_lts_power_energy
Reihe 1,2026-06-22 15:00:00,2026-06-22 13:00:00,10,stunde_rekonstruiert,ha_lts_power_energy
Reihe 2,2026-06-22 15:00:00,2026-06-22 13:00:00,177,stunde_rekonstruiert,ha_lts_power_energy
Reihe 3,2026-06-22 15:00:00,2026-06-22 13:00:00,188,stunde_rekonstruiert,ha_lts_power_energy
Reihe 1,2026-06-22 15:30:00,2026-06-22 13:30:00,10,stunde_rekonstruiert,ha_lts_power_energy
Reihe 3,2026-06-22 15:30:00,2026-06-22 13:30:00,188,stunde_rekonstruiert,ha_lts_power_energy
Randreihe,2026-06-23 14:00:00,2026-06-23 12:00:00,180,stunde_rekonstruiert,ha_lts_power_energy
Reihe 1,2026-06-23 14:00:00,2026-06-23 12:00:00,12,stunde_rekonstruiert,ha_lts_power_energy
Reihe 2,2026-06-23 14:00:00,2026-06-23 12:00:00,180,stunde_rekonstruiert,ha_lts_power_energy
Reihe 3,2026-06-23 14:00:00,2026-06-23 12:00:00,180,stunde_rekonstruiert,ha_lts_power_energy
Randreihe,2026-06-23 15:00:00,2026-06-23 13:00:00,283,stunde_rekonstruiert,ha_lts_power_energy
Reihe 1,2026-06-23 15:00:00,2026-06-23 13:00:00,10,stunde_rekonstruiert,ha_lts_power_energy
Reihe 2,2026-06-23 15:00:00,2026-06-23 13:00:00,294,stunde_rekonstruiert,ha_lts_power_energy
Reihe 3,2026-06-23 15:00:00,2026-06-23 13:00:00,290,stunde_rekonstruiert,ha_lts_power_energy
Randreihe,2026-06-23 15:30:00,2026-06-23 13:30:00,283,stunde_rekonstruiert,ha_lts_power_energy
Reihe 1,2026-06-23 15:30:00,2026-06-23 13:30:00,10,stunde_rekonstruiert,ha_lts_power_energy
Reihe 2,2026-06-23 15:30:00,2026-06-23 13:30:00,294,stunde_rekonstruiert,ha_lts_power_energy
Reihe 3,2026-06-23 15:30:00,2026-06-23 13:30:00,290,stunde_rekonstruiert,ha_lts_power_energy
Randreihe,2026-06-23 16:00:00,2026-06-23 14:00:00,147,stunde_rekonstruiert,ha_lts_power_energy
Reihe 1,2026-06-23 16:00:00,2026-06-23 14:00:00,10,stunde_rekonstruiert,ha_lts_power_energy
Reihe 2,2026-06-23 16:00:00,2026-06-23 14:00:00,149,stunde_rekonstruiert,ha_lts_power_energy
Reihe 3,2026-06-23 16:00:00,2026-06-23 14:00:00,154,stunde_rekonstruiert,ha_lts_power_energy
Randreihe,2026-06-23 16:30:00,2026-06-23 14:30:00,147,stunde_rekonstruiert,ha_lts_power_energy
Reihe 1,2026-06-23 16:30:00,2026-06-23 14:30:00,10,stunde_rekonstruiert,ha_lts_power_energy
Reihe 2,2026-06-23 16:30:00,2026-06-23 14:30:00,149,stunde_rekonstruiert,ha_lts_power_energy
Reihe 3,2026-06-23 16:30:00,2026-06-23 14:30:00,154,stunde_rekonstruiert,ha_lts_power_energy
Randreihe,2026-06-23 17:00:00,2026-06-23 15:00:00,147,stunde_rekonstruiert,ha_lts_power_energy
Reihe 1,2026-06-23 17:00:00,2026-06-23 15:00:00,11,stunde_rekonstruiert,ha_lts_power_energy
Reihe 2,2026-06-23 17:00:00,2026-06-23 15:00:00,149,stunde_rekonstruiert,ha_lts_power_energy
Reihe 3,2026-06-23 17:00:00,2026-06-23 15:00:00,235,stunde_rekonstruiert,ha_lts_power_energy
Randreihe,2026-06-23 17:30:00,2026-06-23 15:30:00,147,stunde_rekonstruiert,ha_lts_power_energy
Reihe 1,2026-06-23 17:30:00,2026-06-23 15:30:00,11,stunde_rekonstruiert,ha_lts_power_energy
Reihe 2,2026-06-23 17:30:00,2026-06-23 15:30:00,149,stunde_rekonstruiert,ha_lts_power_energy
Reihe 3,2026-06-23 17:30:00,2026-06-23 15:30:00,235,stunde_rekonstruiert,ha_lts_power_energy
Reihe 1,2026-06-23 18:00:00,2026-06-23 16:00:00,11,stunde_rekonstruiert,ha_lts_power_energy
Reihe 1,2026-06-23 18:30:00,2026-06-23 16:30:00,11,stunde_rekonstruiert,ha_lts_power_energy
Reihe 1,2026-06-23 19:00:00,2026-06-23 17:00:00,11,stunde_rekonstruiert,ha_lts_power_energy
Reihe 1,2026-06-23 19:30:00,2026-06-23 17:30:00,11,stunde_rekonstruiert,ha_lts_power_energy
Reihe 1,2026-06-23 20:00:00,2026-06-23 18:00:00,11,stunde_rekonstruiert,ha_lts_power_energy
Reihe 1,2026-06-23 20:30:00,2026-06-23 18:30:00,11,stunde_rekonstruiert,ha_lts_power_energy
Reihe 1,2026-06-24 06:00:00,2026-06-24 04:00:00,11,stunde_rekonstruiert,ha_lts_power_energy
Reihe 1,2026-06-24 06:30:00,2026-06-24 04:30:00,11,stunde_rekonstruiert,ha_lts_power_energy
Randreihe,2026-06-24 07:00:00,2026-06-24 05:00:00,192,stunde_rekonstruiert,ha_lts_power_energy
Reihe 1,2026-06-24 07:00:00,2026-06-24 05:00:00,10,stunde_rekonstruiert,ha_lts_power_energy
Reihe 2,2026-06-24 07:00:00,2026-06-24 05:00:00,181,stunde_rekonstruiert,ha_lts_power_energy
Reihe 3,2026-06-24 07:00:00,2026-06-24 05:00:00,181,stunde_rekonstruiert,ha_lts_power_energy
Reihe 1,2026-06-24 07:30:00,2026-06-24 05:30:00,10,stunde_rekonstruiert,ha_lts_power_energy
Reihe 3,2026-06-24 07:30:00,2026-06-24 05:30:00,181,stunde_rekonstruiert,ha_lts_power_energy
Randreihe,2026-06-24 08:00:00,2026-06-24 06:00:00,176,stunde_rekonstruiert,ha_lts_power_energy
Reihe 1,2026-06-24 08:00:00,2026-06-24 06:00:00,11,stunde_rekonstruiert,ha_lts_power_energy
Reihe 2,2026-06-24 08:00:00,2026-06-24 06:00:00,177,stunde_rekonstruiert,ha_lts_power_energy
Reihe 3,2026-06-24 08:00:00,2026-06-24 06:00:00,179,stunde_rekonstruiert,ha_lts_power_energy
Reihe 1,2026-06-24 08:30:00,2026-06-24 06:30:00,11,stunde_rekonstruiert,ha_lts_power_energy
Randreihe,2026-06-24 09:00:00,2026-06-24 07:00:00,177,stunde_rekonstruiert,ha_lts_power_energy
Reihe 1,2026-06-24 09:00:00,2026-06-24 07:00:00,11,stunde_rekonstruiert,ha_lts_power_energy
Reihe 2,2026-06-24 09:00:00,2026-06-24 07:00:00,171,stunde_rekonstruiert,ha_lts_power_energy
Reihe 3,2026-06-24 09:00:00,2026-06-24 07:00:00,178,stunde_rekonstruiert,ha_lts_power_energy
Reihe 1,2026-06-24 09:30:00,2026-06-24 07:30:00,11,stunde_rekonstruiert,ha_lts_power_energy
Randreihe,2026-06-24 10:00:00,2026-06-24 08:00:00,131,stunde_rekonstruiert,ha_lts_power_energy
Reihe 1,2026-06-24 10:00:00,2026-06-24 08:00:00,10,stunde_rekonstruiert,ha_lts_power_energy
Reihe 2,2026-06-24 10:00:00,2026-06-24 08:00:00,119,stunde_rekonstruiert,ha_lts_power_energy
Reihe 3,2026-06-24 10:00:00,2026-06-24 08:00:00,177,stunde_rekonstruiert,ha_lts_power_energy
Randreihe,2026-06-24 10:30:00,2026-06-24 08:30:00,131,stunde_rekonstruiert,ha_lts_power_energy
Reihe 1,2026-06-24 10:30:00,2026-06-24 08:30:00,10,stunde_rekonstruiert,ha_lts_power_energy
Reihe 2,2026-06-24 10:30:00,2026-06-24 08:30:00,119,stunde_rekonstruiert,ha_lts_power_energy
Reihe 3,2026-06-24 10:30:00,2026-06-24 08:30:00,177,stunde_rekonstruiert,ha_lts_power_energy
Randreihe,2026-06-24 11:00:00,2026-06-24 09:00:00,145,stunde_rekonstruiert,ha_lts_power_energy
Reihe 1,2026-06-24 11:00:00,2026-06-24 09:00:00,10,stunde_rekonstruiert,ha_lts_power_energy
Reihe 2,2026-06-24 11:00:00,2026-06-24 09:00:00,161,stunde_rekonstruiert,ha_lts_power_energy
Reihe 3,2026-06-24 11:00:00,2026-06-24 09:00:00,178,stunde_rekonstruiert,ha_lts_power_energy
Randreihe,2026-06-24 11:30:00,2026-06-24 09:30:00,145,stunde_rekonstruiert,ha_lts_power_energy
Reihe 1,2026-06-24 11:30:00,2026-06-24 09:30:00,10,stunde_rekonstruiert,ha_lts_power_energy
Reihe 2,2026-06-24 11:30:00,2026-06-24 09:30:00,161,stunde_rekonstruiert,ha_lts_power_energy
Reihe 3,2026-06-24 11:30:00,2026-06-24 09:30:00,178,stunde_rekonstruiert,ha_lts_power_energy
Randreihe,2026-06-24 12:00:00,2026-06-24 10:00:00,160,stunde_rekonstruiert,ha_lts_power_energy
Reihe 1,2026-06-24 12:00:00,2026-06-24 10:00:00,11,stunde_rekonstruiert,ha_lts_power_energy
Reihe 2,2026-06-24 12:00:00,2026-06-24 10:00:00,155,stunde_rekonstruiert,ha_lts_power_energy
Reihe 3,2026-06-24 12:00:00,2026-06-24 10:00:00,179,stunde_rekonstruiert,ha_lts_power_energy
Randreihe,2026-06-24 12:30:00,2026-06-24 10:30:00,160,stunde_rekonstruiert,ha_lts_power_energy
Reihe 1,2026-06-24 12:30:00,2026-06-24 10:30:00,11,stunde_rekonstruiert,ha_lts_power_energy
Reihe 2,2026-06-24 12:30:00,2026-06-24 10:30:00,155,stunde_rekonstruiert,ha_lts_power_energy
Reihe 3,2026-06-24 12:30:00,2026-06-24 10:30:00,179,stunde_rekonstruiert,ha_lts_power_energy
Randreihe,2026-06-24 13:00:00,2026-06-24 11:00:00,173,stunde_rekonstruiert,ha_lts_power_energy
Reihe 1,2026-06-24 13:00:00,2026-06-24 11:00:00,11,stunde_rekonstruiert,ha_lts_power_energy
Reihe 2,2026-06-24 13:00:00,2026-06-24 11:00:00,177,stunde_rekonstruiert,ha_lts_power_energy
Reihe 3,2026-06-24 13:00:00,2026-06-24 11:00:00,179,stunde_rekonstruiert,ha_lts_power_energy
Randreihe,2026-06-24 13:30:00,2026-06-24 11:30:00,173,stunde_rekonstruiert,ha_lts_power_energy
Reihe 1,2026-06-24 13:30:00,2026-06-24 11:30:00,11,stunde_rekonstruiert,ha_lts_power_energy
Reihe 2,2026-06-24 13:30:00,2026-06-24 11:30:00,177,stunde_rekonstruiert,ha_lts_power_energy
Reihe 3,2026-06-24 13:30:00,2026-06-24 11:30:00,179,stunde_rekonstruiert,ha_lts_power_energy
Randreihe,2026-06-24 14:00:00,2026-06-24 12:00:00,173,stunde_rekonstruiert,ha_lts_power_energy
Reihe 1,2026-06-24 14:00:00,2026-06-24 12:00:00,12,stunde_rekonstruiert,ha_lts_power_energy
Reihe 2,2026-06-24 14:00:00,2026-06-24 12:00:00,177,stunde_rekonstruiert,ha_lts_power_energy
Reihe 3,2026-06-24 14:00:00,2026-06-24 12:00:00,172,stunde_rekonstruiert,ha_lts_power_energy
Randreihe,2026-06-24 14:30:00,2026-06-24 12:30:00,173,stunde_rekonstruiert,ha_lts_power_energy
Reihe 1,2026-06-24 14:30:00,2026-06-24 12:30:00,12,stunde_rekonstruiert,ha_lts_power_energy
Reihe 2,2026-06-24 14:30:00,2026-06-24 12:30:00,177,stunde_rekonstruiert,ha_lts_power_energy
Reihe 3,2026-06-24 14:30:00,2026-06-24 12:30:00,172,stunde_rekonstruiert,ha_lts_power_energy
Randreihe,2026-06-24 15:00:00,2026-06-24 13:00:00,176,stunde_rekonstruiert,ha_lts_power_energy
Reihe 1,2026-06-24 15:00:00,2026-06-24 13:00:00,12,stunde_rekonstruiert,ha_lts_power_energy
Reihe 2,2026-06-24 15:00:00,2026-06-24 13:00:00,177,stunde_rekonstruiert,ha_lts_power_energy
Reihe 3,2026-06-24 15:00:00,2026-06-24 13:00:00,177,stunde_rekonstruiert,ha_lts_power_energy
Randreihe,2026-06-24 15:30:00,2026-06-24 13:30:00,176,stunde_rekonstruiert,ha_lts_power_energy
Reihe 1,2026-06-24 15:30:00,2026-06-24 13:30:00,12,stunde_rekonstruiert,ha_lts_power_energy
Reihe 2,2026-06-24 15:30:00,2026-06-24 13:30:00,177,stunde_rekonstruiert,ha_lts_power_energy
Reihe 3,2026-06-24 15:30:00,2026-06-24 13:30:00,177,stunde_rekonstruiert,ha_lts_power_energy
Randreihe,2026-06-24 16:00:00,2026-06-24 14:00:00,175,stunde_rekonstruiert,ha_lts_power_energy
Reihe 1,2026-06-24 16:00:00,2026-06-24 14:00:00,11,stunde_rekonstruiert,ha_lts_power_energy
Reihe 2,2026-06-24 16:00:00,2026-06-24 14:00:00,177,stunde_rekonstruiert,ha_lts_power_energy
Reihe 3,2026-06-24 16:00:00,2026-06-24 14:00:00,179,stunde_rekonstruiert,ha_lts_power_energy
Reihe 1,2026-06-24 16:30:00,2026-06-24 14:30:00,11,stunde_rekonstruiert,ha_lts_power_energy
Randreihe,2026-06-24 17:00:00,2026-06-24 15:00:00,180,stunde_rekonstruiert,ha_lts_power_energy
Reihe 1,2026-06-24 17:00:00,2026-06-24 15:00:00,11,stunde_rekonstruiert,ha_lts_power_energy
Reihe 2,2026-06-24 17:00:00,2026-06-24 15:00:00,177,stunde_rekonstruiert,ha_lts_power_energy
Reihe 3,2026-06-24 17:00:00,2026-06-24 15:00:00,179,stunde_rekonstruiert,ha_lts_power_energy
Reihe 1,2026-06-24 17:30:00,2026-06-24 15:30:00,11,stunde_rekonstruiert,ha_lts_power_energy
Reihe 3,2026-06-24 17:30:00,2026-06-24 15:30:00,179,stunde_rekonstruiert,ha_lts_power_energy
Randreihe,2026-06-24 18:00:00,2026-06-24 16:00:00,168,stunde_rekonstruiert,ha_lts_power_energy
Reihe 1,2026-06-24 18:00:00,2026-06-24 16:00:00,10,stunde_rekonstruiert,ha_lts_power_energy
Reihe 2,2026-06-24 18:00:00,2026-06-24 16:00:00,178,stunde_rekonstruiert,ha_lts_power_energy
Reihe 1,2026-06-24 18:30:00,2026-06-24 16:30:00,10,stunde_rekonstruiert,ha_lts_power_energy
Reihe 1,2026-06-24 19:00:00,2026-06-24 17:00:00,10,stunde_rekonstruiert,ha_lts_power_energy
Reihe 1,2026-06-24 19:30:00,2026-06-24 17:30:00,10,stunde_rekonstruiert,ha_lts_power_energy
Reihe 1,2026-06-24 20:00:00,2026-06-24 18:00:00,11,stunde_rekonstruiert,ha_lts_power_energy
Reihe 1,2026-06-24 20:30:00,2026-06-24 18:30:00,11,stunde_rekonstruiert,ha_lts_power_energy
Reihe 1,2026-06-25 06:00:00,2026-06-25 04:00:00,11,stunde_rekonstruiert,ha_lts_power_energy
Reihe 1,2026-06-25 06:30:00,2026-06-25 04:30:00,11,stunde_rekonstruiert,ha_lts_power_energy
Randreihe,2026-06-25 07:00:00,2026-06-25 05:00:00,174,stunde_rekonstruiert,ha_lts_power_energy
Reihe 1,2026-06-25 07:00:00,2026-06-25 05:00:00,11,stunde_rekonstruiert,ha_lts_power_energy
Reihe 2,2026-06-25 07:00:00,2026-06-25 05:00:00,176,stunde_rekonstruiert,ha_lts_power_energy
Reihe 3,2026-06-25 07:00:00,2026-06-25 05:00:00,178,stunde_rekonstruiert,ha_lts_power_energy
Reihe 1,2026-06-25 07:30:00,2026-06-25 05:30:00,11,stunde_rekonstruiert,ha_lts_power_energy
Randreihe,2026-06-25 08:00:00,2026-06-25 06:00:00,172,stunde_rekonstruiert,ha_lts_power_energy
Reihe 1,2026-06-25 08:00:00,2026-06-25 06:00:00,10,stunde_rekonstruiert,ha_lts_power_energy
Reihe 2,2026-06-25 08:00:00,2026-06-25 06:00:00,177,stunde_rekonstruiert,ha_lts_power_energy
Reihe 3,2026-06-25 08:00:00,2026-06-25 06:00:00,180,stunde_rekonstruiert,ha_lts_power_energy
Reihe 1,2026-06-25 08:30:00,2026-06-25 06:30:00,10,stunde_rekonstruiert,ha_lts_power_energy
Randreihe,2026-06-25 09:00:00,2026-06-25 07:00:00,173,stunde_rekonstruiert,ha_lts_power_energy
Reihe 1,2026-06-25 09:00:00,2026-06-25 07:00:00,11,stunde_rekonstruiert,ha_lts_power_energy
Reihe 2,2026-06-25 09:00:00,2026-06-25 07:00:00,177,stunde_rekonstruiert,ha_lts_power_energy
Reihe 3,2026-06-25 09:00:00,2026-06-25 07:00:00,178,stunde_rekonstruiert,ha_lts_power_energy
Reihe 1,2026-06-25 09:30:00,2026-06-25 07:30:00,11,stunde_rekonstruiert,ha_lts_power_energy
Randreihe,2026-06-25 10:00:00,2026-06-25 08:00:00,172,stunde_rekonstruiert,ha_lts_power_energy
Reihe 1,2026-06-25 10:00:00,2026-06-25 08:00:00,11,stunde_rekonstruiert,ha_lts_power_energy
Reihe 2,2026-06-25 10:00:00,2026-06-25 08:00:00,177,stunde_rekonstruiert,ha_lts_power_energy
Reihe 3,2026-06-25 10:00:00,2026-06-25 08:00:00,176,stunde_rekonstruiert,ha_lts_power_energy
Randreihe,2026-06-25 10:30:00,2026-06-25 08:30:00,172,stunde_rekonstruiert,ha_lts_power_energy
Reihe 1,2026-06-25 10:30:00,2026-06-25 08:30:00,11,stunde_rekonstruiert,ha_lts_power_energy
Reihe 2,2026-06-25 10:30:00,2026-06-25 08:30:00,177,stunde_rekonstruiert,ha_lts_power_energy
Reihe 3,2026-06-25 10:30:00,2026-06-25 08:30:00,176,stunde_rekonstruiert,ha_lts_power_energy
Randreihe,2026-06-25 11:00:00,2026-06-25 09:00:00,177,stunde_rekonstruiert,ha_lts_power_energy
Reihe 1,2026-06-25 11:00:00,2026-06-25 09:00:00,11,stunde_rekonstruiert,ha_lts_power_energy
Reihe 2,2026-06-25 11:00:00,2026-06-25 09:00:00,171,stunde_rekonstruiert,ha_lts_power_energy
Reihe 3,2026-06-25 11:00:00,2026-06-25 09:00:00,174,stunde_rekonstruiert,ha_lts_power_energy
Randreihe,2026-06-25 11:30:00,2026-06-25 09:30:00,177,stunde_rekonstruiert,ha_lts_power_energy
Reihe 1,2026-06-25 11:30:00,2026-06-25 09:30:00,11,stunde_rekonstruiert,ha_lts_power_energy
Reihe 2,2026-06-25 11:30:00,2026-06-25 09:30:00,171,stunde_rekonstruiert,ha_lts_power_energy
Reihe 3,2026-06-25 11:30:00,2026-06-25 09:30:00,174,stunde_rekonstruiert,ha_lts_power_energy
Randreihe,2026-06-25 12:00:00,2026-06-25 10:00:00,176,stunde_rekonstruiert,ha_lts_power_energy
Reihe 1,2026-06-25 12:00:00,2026-06-25 10:00:00,11,stunde_rekonstruiert,ha_lts_power_energy
Reihe 2,2026-06-25 12:00:00,2026-06-25 10:00:00,175,stunde_rekonstruiert,ha_lts_power_energy
Reihe 3,2026-06-25 12:00:00,2026-06-25 10:00:00,179,stunde_rekonstruiert,ha_lts_power_energy
Randreihe,2026-06-25 12:30:00,2026-06-25 10:30:00,176,stunde_rekonstruiert,ha_lts_power_energy
Reihe 1,2026-06-25 12:30:00,2026-06-25 10:30:00,11,stunde_rekonstruiert,ha_lts_power_energy
Reihe 2,2026-06-25 12:30:00,2026-06-25 10:30:00,175,stunde_rekonstruiert,ha_lts_power_energy
Reihe 3,2026-06-25 12:30:00,2026-06-25 10:30:00,179,stunde_rekonstruiert,ha_lts_power_energy
Randreihe,2026-06-25 13:00:00,2026-06-25 11:00:00,176,stunde_rekonstruiert,ha_lts_power_energy
Reihe 1,2026-06-25 13:00:00,2026-06-25 11:00:00,11,stunde_rekonstruiert,ha_lts_power_energy
Reihe 2,2026-06-25 13:00:00,2026-06-25 11:00:00,175,stunde_rekonstruiert,ha_lts_power_energy
Reihe 3,2026-06-25 13:00:00,2026-06-25 11:00:00,268,stunde_rekonstruiert,ha_lts_power_energy
Randreihe,2026-06-25 13:30:00,2026-06-25 11:30:00,176,stunde_rekonstruiert,ha_lts_power_energy
Reihe 1,2026-06-25 13:30:00,2026-06-25 11:30:00,11,stunde_rekonstruiert,ha_lts_power_energy
Reihe 2,2026-06-25 13:30:00,2026-06-25 11:30:00,175,stunde_rekonstruiert,ha_lts_power_energy
Reihe 3,2026-06-25 13:30:00,2026-06-25 11:30:00,268,stunde_rekonstruiert,ha_lts_power_energy
Randreihe,2026-06-25 14:00:00,2026-06-25 12:00:00,177,stunde_rekonstruiert,ha_lts_power_energy
Reihe 1,2026-06-25 14:00:00,2026-06-25 12:00:00,11,stunde_rekonstruiert,ha_lts_power_energy
Reihe 2,2026-06-25 14:00:00,2026-06-25 12:00:00,162,stunde_rekonstruiert,ha_lts_power_energy
Reihe 3,2026-06-25 14:00:00,2026-06-25 12:00:00,265,stunde_rekonstruiert,ha_lts_power_energy
Randreihe,2026-06-25 14:30:00,2026-06-25 12:30:00,177,stunde_rekonstruiert,ha_lts_power_energy
Reihe 1,2026-06-25 14:30:00,2026-06-25 12:30:00,11,stunde_rekonstruiert,ha_lts_power_energy
Reihe 2,2026-06-25 14:30:00,2026-06-25 12:30:00,162,stunde_rekonstruiert,ha_lts_power_energy
Reihe 3,2026-06-25 14:30:00,2026-06-25 12:30:00,265,stunde_rekonstruiert,ha_lts_power_energy
Randreihe,2026-06-25 15:00:00,2026-06-25 13:00:00,147,stunde_rekonstruiert,ha_lts_power_energy
Reihe 1,2026-06-25 15:00:00,2026-06-25 13:00:00,11,stunde_rekonstruiert,ha_lts_power_energy
Reihe 2,2026-06-25 15:00:00,2026-06-25 13:00:00,149,stunde_rekonstruiert,ha_lts_power_energy
Reihe 3,2026-06-25 15:00:00,2026-06-25 13:00:00,265,stunde_rekonstruiert,ha_lts_power_energy
Randreihe,2026-06-25 15:30:00,2026-06-25 13:30:00,147,stunde_rekonstruiert,ha_lts_power_energy
Reihe 1,2026-06-25 15:30:00,2026-06-25 13:30:00,11,stunde_rekonstruiert,ha_lts_power_energy
Reihe 2,2026-06-25 15:30:00,2026-06-25 13:30:00,149,stunde_rekonstruiert,ha_lts_power_energy
Reihe 3,2026-06-25 15:30:00,2026-06-25 13:30:00,265,stunde_rekonstruiert,ha_lts_power_energy
Randreihe,2026-06-25 16:00:00,2026-06-25 14:00:00,141,stunde_rekonstruiert,ha_lts_power_energy
Reihe 1,2026-06-25 16:00:00,2026-06-25 14:00:00,12,stunde_rekonstruiert,ha_lts_power_energy
Reihe 2,2026-06-25 16:00:00,2026-06-25 14:00:00,148,stunde_rekonstruiert,ha_lts_power_energy
Reihe 3,2026-06-25 16:00:00,2026-06-25 14:00:00,268,stunde_rekonstruiert,ha_lts_power_energy
Randreihe,2026-06-25 16:30:00,2026-06-25 14:30:00,141,stunde_rekonstruiert,ha_lts_power_energy
Reihe 1,2026-06-25 16:30:00,2026-06-25 14:30:00,12,stunde_rekonstruiert,ha_lts_power_energy
Reihe 2,2026-06-25 16:30:00,2026-06-25 14:30:00,148,stunde_rekonstruiert,ha_lts_power_energy
Reihe 3,2026-06-25 16:30:00,2026-06-25 14:30:00,268,stunde_rekonstruiert,ha_lts_power_energy
Randreihe,2026-06-25 17:00:00,2026-06-25 15:00:00,144,stunde_rekonstruiert,ha_lts_power_energy
Reihe 1,2026-06-25 17:00:00,2026-06-25 15:00:00,12,stunde_rekonstruiert,ha_lts_power_energy
Reihe 2,2026-06-25 17:00:00,2026-06-25 15:00:00,162,stunde_rekonstruiert,ha_lts_power_energy
Reihe 3,2026-06-25 17:00:00,2026-06-25 15:00:00,266,stunde_rekonstruiert,ha_lts_power_energy
Randreihe,2026-06-25 17:30:00,2026-06-25 15:30:00,144,stunde_rekonstruiert,ha_lts_power_energy
Reihe 1,2026-06-25 17:30:00,2026-06-25 15:30:00,12,stunde_rekonstruiert,ha_lts_power_energy
Reihe 2,2026-06-25 17:30:00,2026-06-25 15:30:00,162,stunde_rekonstruiert,ha_lts_power_energy
Reihe 3,2026-06-25 17:30:00,2026-06-25 15:30:00,266,stunde_rekonstruiert,ha_lts_power_energy
Reihe 1,2026-06-25 18:00:00,2026-06-25 16:00:00,11,stunde_rekonstruiert,ha_lts_power_energy
Reihe 3,2026-06-25 18:00:00,2026-06-25 16:00:00,179,stunde_rekonstruiert,ha_lts_power_energy
Reihe 1,2026-06-25 18:30:00,2026-06-25 16:30:00,11,stunde_rekonstruiert,ha_lts_power_energy
Reihe 1,2026-06-25 19:00:00,2026-06-25 17:00:00,11,stunde_rekonstruiert,ha_lts_power_energy
Reihe 1,2026-06-25 19:30:00,2026-06-25 17:30:00,11,stunde_rekonstruiert,ha_lts_power_energy
Reihe 1,2026-06-25 20:00:00,2026-06-25 18:00:00,12,stunde_rekonstruiert,ha_lts_power_energy
Reihe 1,2026-06-25 20:30:00,2026-06-25 18:30:00,12,stunde_rekonstruiert,ha_lts_power_energy
Reihe 1,2026-06-26 06:00:00,2026-06-26 04:00:00,11,stunde_rekonstruiert,ha_lts_power_energy
Reihe 1,2026-06-26 06:30:00,2026-06-26 04:30:00,11,stunde_rekonstruiert,ha_lts_power_energy
Randreihe,2026-06-26 07:00:00,2026-06-26 05:00:00,175,stunde_rekonstruiert,ha_lts_power_energy
Reihe 1,2026-06-26 07:00:00,2026-06-26 05:00:00,11,stunde_rekonstruiert,ha_lts_power_energy
Reihe 2,2026-06-26 07:00:00,2026-06-26 05:00:00,174,stunde_rekonstruiert,ha_lts_power_energy
Reihe 3,2026-06-26 07:00:00,2026-06-26 05:00:00,179,stunde_rekonstruiert,ha_lts_power_energy
Reihe 1,2026-06-26 07:30:00,2026-06-26 05:30:00,11,stunde_rekonstruiert,ha_lts_power_energy
Randreihe,2026-06-26 08:00:00,2026-06-26 06:00:00,176,stunde_rekonstruiert,ha_lts_power_energy
Reihe 1,2026-06-26 08:00:00,2026-06-26 06:00:00,11,stunde_rekonstruiert,ha_lts_power_energy
Reihe 2,2026-06-26 08:00:00,2026-06-26 06:00:00,176,stunde_rekonstruiert,ha_lts_power_energy
Reihe 3,2026-06-26 08:00:00,2026-06-26 06:00:00,178,stunde_rekonstruiert,ha_lts_power_energy
Reihe 1,2026-06-26 08:30:00,2026-06-26 06:30:00,11,stunde_rekonstruiert,ha_lts_power_energy
Randreihe,2026-06-26 09:00:00,2026-06-26 07:00:00,177,stunde_rekonstruiert,ha_lts_power_energy
Reihe 1,2026-06-26 09:00:00,2026-06-26 07:00:00,11,stunde_rekonstruiert,ha_lts_power_energy
Reihe 2,2026-06-26 09:00:00,2026-06-26 07:00:00,174,stunde_rekonstruiert,ha_lts_power_energy
Reihe 3,2026-06-26 09:00:00,2026-06-26 07:00:00,179,stunde_rekonstruiert,ha_lts_power_energy
Reihe 1,2026-06-26 09:30:00,2026-06-26 07:30:00,11,stunde_rekonstruiert,ha_lts_power_energy
Randreihe,2026-06-26 10:00:00,2026-06-26 08:00:00,178,stunde_rekonstruiert,ha_lts_power_energy
Reihe 1,2026-06-26 10:00:00,2026-06-26 08:00:00,11,stunde_rekonstruiert,ha_lts_power_energy
Reihe 2,2026-06-26 10:00:00,2026-06-26 08:00:00,176,stunde_rekonstruiert,ha_lts_power_energy
Reihe 3,2026-06-26 10:00:00,2026-06-26 08:00:00,262,stunde_rekonstruiert,ha_lts_power_energy
Randreihe,2026-06-26 10:30:00,2026-06-26 08:30:00,178,stunde_rekonstruiert,ha_lts_power_energy
Reihe 1,2026-06-26 10:30:00,2026-06-26 08:30:00,11,stunde_rekonstruiert,ha_lts_power_energy
Reihe 2,2026-06-26 10:30:00,2026-06-26 08:30:00,176,stunde_rekonstruiert,ha_lts_power_energy
Reihe 3,2026-06-26 10:30:00,2026-06-26 08:30:00,262,stunde_rekonstruiert,ha_lts_power_energy
Randreihe,2026-06-26 11:00:00,2026-06-26 09:00:00,177,stunde_rekonstruiert,ha_lts_power_energy
Reihe 1,2026-06-26 11:00:00,2026-06-26 09:00:00,11,stunde_rekonstruiert,ha_lts_power_energy
Reihe 2,2026-06-26 11:00:00,2026-06-26 09:00:00,178,stunde_rekonstruiert,ha_lts_power_energy
Reihe 3,2026-06-26 11:00:00,2026-06-26 09:00:00,262,stunde_rekonstruiert,ha_lts_power_energy
Randreihe,2026-06-26 11:30:00,2026-06-26 09:30:00,177,stunde_rekonstruiert,ha_lts_power_energy
Reihe 1,2026-06-26 11:30:00,2026-06-26 09:30:00,11,stunde_rekonstruiert,ha_lts_power_energy
Reihe 2,2026-06-26 11:30:00,2026-06-26 09:30:00,178,stunde_rekonstruiert,ha_lts_power_energy
Reihe 3,2026-06-26 11:30:00,2026-06-26 09:30:00,262,stunde_rekonstruiert,ha_lts_power_energy
Randreihe,2026-06-26 12:00:00,2026-06-26 10:00:00,177,stunde_rekonstruiert,ha_lts_power_energy
Reihe 1,2026-06-26 12:00:00,2026-06-26 10:00:00,11,stunde_rekonstruiert,ha_lts_power_energy
Reihe 2,2026-06-26 12:00:00,2026-06-26 10:00:00,177,stunde_rekonstruiert,ha_lts_power_energy
Reihe 3,2026-06-26 12:00:00,2026-06-26 10:00:00,267,stunde_rekonstruiert,ha_lts_power_energy
Randreihe,2026-06-26 12:30:00,2026-06-26 10:30:00,177,stunde_rekonstruiert,ha_lts_power_energy
Reihe 1,2026-06-26 12:30:00,2026-06-26 10:30:00,11,stunde_rekonstruiert,ha_lts_power_energy
Reihe 2,2026-06-26 12:30:00,2026-06-26 10:30:00,177,stunde_rekonstruiert,ha_lts_power_energy
Reihe 3,2026-06-26 12:30:00,2026-06-26 10:30:00,267,stunde_rekonstruiert,ha_lts_power_energy
Randreihe,2026-06-26 13:00:00,2026-06-26 11:00:00,174,stunde_rekonstruiert,ha_lts_power_energy
Reihe 1,2026-06-26 13:00:00,2026-06-26 11:00:00,11,stunde_rekonstruiert,ha_lts_power_energy
Reihe 2,2026-06-26 13:00:00,2026-06-26 11:00:00,177,stunde_rekonstruiert,ha_lts_power_energy
Reihe 3,2026-06-26 13:00:00,2026-06-26 11:00:00,177,stunde_rekonstruiert,ha_lts_power_energy
Reihe 1,2026-06-26 13:30:00,2026-06-26 11:30:00,11,stunde_rekonstruiert,ha_lts_power_energy
Reihe 3,2026-06-26 13:30:00,2026-06-26 11:30:00,177,stunde_rekonstruiert,ha_lts_power_energy
Randreihe,2026-06-26 14:00:00,2026-06-26 12:00:00,177,stunde_rekonstruiert,ha_lts_power_energy
Reihe 1,2026-06-26 14:00:00,2026-06-26 12:00:00,11,stunde_rekonstruiert,ha_lts_power_energy
Reihe 2,2026-06-26 14:00:00,2026-06-26 12:00:00,179,stunde_rekonstruiert,ha_lts_power_energy
Reihe 3,2026-06-26 14:00:00,2026-06-26 12:00:00,327,stunde_rekonstruiert,ha_lts_power_energy
Randreihe,2026-06-26 14:30:00,2026-06-26 12:30:00,177,stunde_rekonstruiert,ha_lts_power_energy
Reihe 1,2026-06-26 14:30:00,2026-06-26 12:30:00,11,stunde_rekonstruiert,ha_lts_power_energy
Reihe 2,2026-06-26 14:30:00,2026-06-26 12:30:00,179,stunde_rekonstruiert,ha_lts_power_energy
Reihe 3,2026-06-26 14:30:00,2026-06-26 12:30:00,327,stunde_rekonstruiert,ha_lts_power_energy
Randreihe,2026-06-26 15:00:00,2026-06-26 13:00:00,176,stunde_rekonstruiert,ha_lts_power_energy
Reihe 1,2026-06-26 15:00:00,2026-06-26 13:00:00,12,stunde_rekonstruiert,ha_lts_power_energy
Reihe 2,2026-06-26 15:00:00,2026-06-26 13:00:00,173,stunde_rekonstruiert,ha_lts_power_energy
Reihe 3,2026-06-26 15:00:00,2026-06-26 13:00:00,250,stunde_rekonstruiert,ha_lts_power_energy
Randreihe,2026-06-26 15:30:00,2026-06-26 13:30:00,176,stunde_rekonstruiert,ha_lts_power_energy
Reihe 1,2026-06-26 15:30:00,2026-06-26 13:30:00,12,stunde_rekonstruiert,ha_lts_power_energy
Reihe 2,2026-06-26 15:30:00,2026-06-26 13:30:00,173,stunde_rekonstruiert,ha_lts_power_energy
Reihe 3,2026-06-26 15:30:00,2026-06-26 13:30:00,250,stunde_rekonstruiert,ha_lts_power_energy
Randreihe,2026-06-26 16:00:00,2026-06-26 14:00:00,177,stunde_rekonstruiert,ha_lts_power_energy
Reihe 1,2026-06-26 16:00:00,2026-06-26 14:00:00,11,stunde_rekonstruiert,ha_lts_power_energy
Reihe 2,2026-06-26 16:00:00,2026-06-26 14:00:00,174,stunde_rekonstruiert,ha_lts_power_energy
Reihe 3,2026-06-26 16:00:00,2026-06-26 14:00:00,214,stunde_rekonstruiert,ha_lts_power_energy
Randreihe,2026-06-26 16:30:00,2026-06-26 14:30:00,177,stunde_rekonstruiert,ha_lts_power_energy
Reihe 1,2026-06-26 16:30:00,2026-06-26 14:30:00,11,stunde_rekonstruiert,ha_lts_power_energy
Reihe 2,2026-06-26 16:30:00,2026-06-26 14:30:00,174,stunde_rekonstruiert,ha_lts_power_energy
Reihe 3,2026-06-26 16:30:00,2026-06-26 14:30:00,214,stunde_rekonstruiert,ha_lts_power_energy
Randreihe,2026-06-26 17:00:00,2026-06-26 15:00:00,174,stunde_rekonstruiert,ha_lts_power_energy
Reihe 1,2026-06-26 17:00:00,2026-06-26 15:00:00,11,stunde_rekonstruiert,ha_lts_power_energy
Reihe 2,2026-06-26 17:00:00,2026-06-26 15:00:00,172,stunde_rekonstruiert,ha_lts_power_energy
Reihe 3,2026-06-26 17:00:00,2026-06-26 15:00:00,267,stunde_rekonstruiert,ha_lts_power_energy
Randreihe,2026-06-26 17:30:00,2026-06-26 15:30:00,174,stunde_rekonstruiert,ha_lts_power_energy
Reihe 1,2026-06-26 17:30:00,2026-06-26 15:30:00,11,stunde_rekonstruiert,ha_lts_power_energy
Reihe 2,2026-06-26 17:30:00,2026-06-26 15:30:00,172,stunde_rekonstruiert,ha_lts_power_energy
Reihe 3,2026-06-26 17:30:00,2026-06-26 15:30:00,267,stunde_rekonstruiert,ha_lts_power_energy
Reihe 1,2026-06-26 18:00:00,2026-06-26 16:00:00,11,stunde_rekonstruiert,ha_lts_power_energy
Reihe 1,2026-06-26 18:30:00,2026-06-26 16:30:00,11,stunde_rekonstruiert,ha_lts_power_energy
Reihe 1,2026-06-26 19:00:00,2026-06-26 17:00:00,11,stunde_rekonstruiert,ha_lts_power_energy
Reihe 1,2026-06-26 19:30:00,2026-06-26 17:30:00,11,stunde_rekonstruiert,ha_lts_power_energy
Reihe 1,2026-06-26 20:00:00,2026-06-26 18:00:00,10,stunde_rekonstruiert,ha_lts_power_energy
Reihe 1,2026-06-26 20:30:00,2026-06-26 18:30:00,10,stunde_rekonstruiert,ha_lts_power_energy
Reihe 1,2026-06-27 06:00:00,2026-06-27 04:00:00,11,stunde_rekonstruiert,ha_lts_power_energy
Reihe 1,2026-06-27 06:30:00,2026-06-27 04:30:00,11,stunde_rekonstruiert,ha_lts_power_energy
Randreihe,2026-06-27 07:00:00,2026-06-27 05:00:00,176,stunde_rekonstruiert,ha_lts_power_energy
Reihe 1,2026-06-27 07:00:00,2026-06-27 05:00:00,11,stunde_rekonstruiert,ha_lts_power_energy
Reihe 2,2026-06-27 07:00:00,2026-06-27 05:00:00,176,stunde_rekonstruiert,ha_lts_power_energy
Reihe 3,2026-06-27 07:00:00,2026-06-27 05:00:00,179,stunde_rekonstruiert,ha_lts_power_energy
Reihe 1,2026-06-27 07:30:00,2026-06-27 05:30:00,11,stunde_rekonstruiert,ha_lts_power_energy
Randreihe,2026-06-27 08:00:00,2026-06-27 06:00:00,176,stunde_rekonstruiert,ha_lts_power_energy
Reihe 1,2026-06-27 08:00:00,2026-06-27 06:00:00,11,stunde_rekonstruiert,ha_lts_power_energy
Reihe 2,2026-06-27 08:00:00,2026-06-27 06:00:00,174,stunde_rekonstruiert,ha_lts_power_energy
Reihe 3,2026-06-27 08:00:00,2026-06-27 06:00:00,175,stunde_rekonstruiert,ha_lts_power_energy
Reihe 1,2026-06-27 08:30:00,2026-06-27 06:30:00,11,stunde_rekonstruiert,ha_lts_power_energy
Randreihe,2026-06-27 09:00:00,2026-06-27 07:00:00,175,stunde_rekonstruiert,ha_lts_power_energy
Reihe 1,2026-06-27 09:00:00,2026-06-27 07:00:00,10,stunde_rekonstruiert,ha_lts_power_energy
Reihe 2,2026-06-27 09:00:00,2026-06-27 07:00:00,178,stunde_rekonstruiert,ha_lts_power_energy
Reihe 3,2026-06-27 09:00:00,2026-06-27 07:00:00,180,stunde_rekonstruiert,ha_lts_power_energy
Reihe 1,2026-06-27 09:30:00,2026-06-27 07:30:00,10,stunde_rekonstruiert,ha_lts_power_energy
Randreihe,2026-06-27 10:00:00,2026-06-27 08:00:00,217,stunde_rekonstruiert,ha_lts_power_energy
Reihe 1,2026-06-27 10:00:00,2026-06-27 08:00:00,11,stunde_rekonstruiert,ha_lts_power_energy
Reihe 2,2026-06-27 10:00:00,2026-06-27 08:00:00,174,stunde_rekonstruiert,ha_lts_power_energy
Reihe 3,2026-06-27 10:00:00,2026-06-27 08:00:00,266,stunde_rekonstruiert,ha_lts_power_energy
Reihe 1,2026-06-27 10:30:00,2026-06-27 08:30:00,11,stunde_rekonstruiert,ha_lts_power_energy
Reihe 2,2026-06-27 10:30:00,2026-06-27 08:30:00,174,stunde_rekonstruiert,ha_lts_power_energy
Reihe 3,2026-06-27 10:30:00,2026-06-27 08:30:00,266,stunde_rekonstruiert,ha_lts_power_energy
Randreihe,2026-06-27 11:00:00,2026-06-27 09:00:00,172,stunde_rekonstruiert,ha_lts_power_energy
Reihe 1,2026-06-27 11:00:00,2026-06-27 09:00:00,11,stunde_rekonstruiert,ha_lts_power_energy
Reihe 2,2026-06-27 11:00:00,2026-06-27 09:00:00,144,stunde_rekonstruiert,ha_lts_power_energy
Reihe 3,2026-06-27 11:00:00,2026-06-27 09:00:00,267,stunde_rekonstruiert,ha_lts_power_energy
Randreihe,2026-06-27 11:30:00,2026-06-27 09:30:00,172,stunde_rekonstruiert,ha_lts_power_energy
Reihe 1,2026-06-27 11:30:00,2026-06-27 09:30:00,11,stunde_rekonstruiert,ha_lts_power_energy
Reihe 2,2026-06-27 11:30:00,2026-06-27 09:30:00,144,stunde_rekonstruiert,ha_lts_power_energy
Reihe 3,2026-06-27 11:30:00,2026-06-27 09:30:00,267,stunde_rekonstruiert,ha_lts_power_energy
Randreihe,2026-06-27 12:00:00,2026-06-27 10:00:00,158,stunde_rekonstruiert,ha_lts_power_energy
Reihe 1,2026-06-27 12:00:00,2026-06-27 10:00:00,11,stunde_rekonstruiert,ha_lts_power_energy
Reihe 2,2026-06-27 12:00:00,2026-06-27 10:00:00,193,stunde_rekonstruiert,ha_lts_power_energy
Reihe 3,2026-06-27 12:00:00,2026-06-27 10:00:00,262,stunde_rekonstruiert,ha_lts_power_energy
Randreihe,2026-06-27 12:30:00,2026-06-27 10:30:00,158,stunde_rekonstruiert,ha_lts_power_energy
Reihe 1,2026-06-27 12:30:00,2026-06-27 10:30:00,11,stunde_rekonstruiert,ha_lts_power_energy
Reihe 2,2026-06-27 12:30:00,2026-06-27 10:30:00,193,stunde_rekonstruiert,ha_lts_power_energy
Reihe 3,2026-06-27 12:30:00,2026-06-27 10:30:00,262,stunde_rekonstruiert,ha_lts_power_energy
Randreihe,2026-06-27 13:00:00,2026-06-27 11:00:00,159,stunde_rekonstruiert,ha_lts_power_energy
Reihe 1,2026-06-27 13:00:00,2026-06-27 11:00:00,10,stunde_rekonstruiert,ha_lts_power_energy
Reihe 2,2026-06-27 13:00:00,2026-06-27 11:00:00,142,stunde_rekonstruiert,ha_lts_power_energy
Reihe 3,2026-06-27 13:00:00,2026-06-27 11:00:00,326,stunde_rekonstruiert,ha_lts_power_energy
Randreihe,2026-06-27 13:30:00,2026-06-27 11:30:00,159,stunde_rekonstruiert,ha_lts_power_energy
Reihe 1,2026-06-27 13:30:00,2026-06-27 11:30:00,10,stunde_rekonstruiert,ha_lts_power_energy
Reihe 2,2026-06-27 13:30:00,2026-06-27 11:30:00,142,stunde_rekonstruiert,ha_lts_power_energy
Reihe 3,2026-06-27 13:30:00,2026-06-27 11:30:00,326,stunde_rekonstruiert,ha_lts_power_energy
Randreihe,2026-06-27 14:00:00,2026-06-27 12:00:00,158,stunde_rekonstruiert,ha_lts_power_energy
Reihe 1,2026-06-27 14:00:00,2026-06-27 12:00:00,10,stunde_rekonstruiert,ha_lts_power_energy
Reihe 2,2026-06-27 14:00:00,2026-06-27 12:00:00,162,stunde_rekonstruiert,ha_lts_power_energy
Reihe 3,2026-06-27 14:00:00,2026-06-27 12:00:00,290,stunde_rekonstruiert,ha_lts_power_energy
Randreihe,2026-06-27 14:30:00,2026-06-27 12:30:00,158,stunde_rekonstruiert,ha_lts_power_energy
Reihe 1,2026-06-27 14:30:00,2026-06-27 12:30:00,10,stunde_rekonstruiert,ha_lts_power_energy
Reihe 2,2026-06-27 14:30:00,2026-06-27 12:30:00,162,stunde_rekonstruiert,ha_lts_power_energy
Reihe 3,2026-06-27 14:30:00,2026-06-27 12:30:00,290,stunde_rekonstruiert,ha_lts_power_energy
Randreihe,2026-06-27 15:00:00,2026-06-27 13:00:00,139,stunde_rekonstruiert,ha_lts_power_energy
Reihe 1,2026-06-27 15:00:00,2026-06-27 13:00:00,11,stunde_rekonstruiert,ha_lts_power_energy
Reihe 2,2026-06-27 15:00:00,2026-06-27 13:00:00,146,stunde_rekonstruiert,ha_lts_power_energy
Reihe 3,2026-06-27 15:00:00,2026-06-27 13:00:00,268,stunde_rekonstruiert,ha_lts_power_energy
Randreihe,2026-06-27 15:30:00,2026-06-27 13:30:00,139,stunde_rekonstruiert,ha_lts_power_energy
Reihe 1,2026-06-27 15:30:00,2026-06-27 13:30:00,11,stunde_rekonstruiert,ha_lts_power_energy
Reihe 2,2026-06-27 15:30:00,2026-06-27 13:30:00,146,stunde_rekonstruiert,ha_lts_power_energy
Reihe 3,2026-06-27 15:30:00,2026-06-27 13:30:00,268,stunde_rekonstruiert,ha_lts_power_energy
Randreihe,2026-06-27 16:00:00,2026-06-27 14:00:00,152,stunde_rekonstruiert,ha_lts_power_energy
Reihe 1,2026-06-27 16:00:00,2026-06-27 14:00:00,11,stunde_rekonstruiert,ha_lts_power_energy
Reihe 2,2026-06-27 16:00:00,2026-06-27 14:00:00,176,stunde_rekonstruiert,ha_lts_power_energy
Reihe 3,2026-06-27 16:00:00,2026-06-27 14:00:00,257,stunde_rekonstruiert,ha_lts_power_energy
Randreihe,2026-06-27 16:30:00,2026-06-27 14:30:00,152,stunde_rekonstruiert,ha_lts_power_energy
Reihe 1,2026-06-27 16:30:00,2026-06-27 14:30:00,11,stunde_rekonstruiert,ha_lts_power_energy
Reihe 2,2026-06-27 16:30:00,2026-06-27 14:30:00,176,stunde_rekonstruiert,ha_lts_power_energy
Reihe 3,2026-06-27 16:30:00,2026-06-27 14:30:00,257,stunde_rekonstruiert,ha_lts_power_energy
Randreihe,2026-06-27 17:00:00,2026-06-27 15:00:00,169,stunde_rekonstruiert,ha_lts_power_energy
Reihe 1,2026-06-27 17:00:00,2026-06-27 15:00:00,11,stunde_rekonstruiert,ha_lts_power_energy
Reihe 2,2026-06-27 17:00:00,2026-06-27 15:00:00,176,stunde_rekonstruiert,ha_lts_power_energy
Reihe 3,2026-06-27 17:00:00,2026-06-27 15:00:00,173,stunde_rekonstruiert,ha_lts_power_energy
Randreihe,2026-06-27 17:30:00,2026-06-27 15:30:00,169,stunde_rekonstruiert,ha_lts_power_energy
Reihe 1,2026-06-27 17:30:00,2026-06-27 15:30:00,11,stunde_rekonstruiert,ha_lts_power_energy
Reihe 2,2026-06-27 17:30:00,2026-06-27 15:30:00,176,stunde_rekonstruiert,ha_lts_power_energy
Reihe 3,2026-06-27 17:30:00,2026-06-27 15:30:00,173,stunde_rekonstruiert,ha_lts_power_energy
Reihe 1,2026-06-27 18:00:00,2026-06-27 16:00:00,11,stunde_rekonstruiert,ha_lts_power_energy
Reihe 1,2026-06-27 18:30:00,2026-06-27 16:30:00,11,stunde_rekonstruiert,ha_lts_power_energy
Reihe 1,2026-06-27 19:00:00,2026-06-27 17:00:00,11,stunde_rekonstruiert,ha_lts_power_energy
Reihe 1,2026-06-27 19:30:00,2026-06-27 17:30:00,11,stunde_rekonstruiert,ha_lts_power_energy
Reihe 1,2026-06-27 20:00:00,2026-06-27 18:00:00,11,stunde_rekonstruiert,ha_lts_power_energy
Reihe 1,2026-06-27 20:30:00,2026-06-27 18:30:00,11,stunde_rekonstruiert,ha_lts_power_energy
Reihe 1,2026-06-28 06:00:00,2026-06-28 04:00:00,11,stunde_rekonstruiert,ha_lts_power_energy
Reihe 1,2026-06-28 06:30:00,2026-06-28 04:30:00,11,stunde_rekonstruiert,ha_lts_power_energy
Randreihe,2026-06-28 07:00:00,2026-06-28 05:00:00,153,stunde_rekonstruiert,ha_lts_power_energy
Reihe 1,2026-06-28 07:00:00,2026-06-28 05:00:00,10,stunde_rekonstruiert,ha_lts_power_energy
Reihe 2,2026-06-28 07:00:00,2026-06-28 05:00:00,173,stunde_rekonstruiert,ha_lts_power_energy
Reihe 3,2026-06-28 07:00:00,2026-06-28 05:00:00,178,stunde_rekonstruiert,ha_lts_power_energy
Reihe 1,2026-06-28 07:30:00,2026-06-28 05:30:00,10,stunde_rekonstruiert,ha_lts_power_energy
Randreihe,2026-06-28 08:00:00,2026-06-28 06:00:00,171,stunde_rekonstruiert,ha_lts_power_energy
Reihe 1,2026-06-28 08:00:00,2026-06-28 06:00:00,11,stunde_rekonstruiert,ha_lts_power_energy
Reihe 2,2026-06-28 08:00:00,2026-06-28 06:00:00,175,stunde_rekonstruiert,ha_lts_power_energy
Reihe 3,2026-06-28 08:00:00,2026-06-28 06:00:00,178,stunde_rekonstruiert,ha_lts_power_energy
Reihe 1,2026-06-28 08:30:00,2026-06-28 06:30:00,11,stunde_rekonstruiert,ha_lts_power_energy
Randreihe,2026-06-28 09:00:00,2026-06-28 07:00:00,178,stunde_rekonstruiert,ha_lts_power_energy
Reihe 1,2026-06-28 09:00:00,2026-06-28 07:00:00,11,stunde_rekonstruiert,ha_lts_power_energy
Reihe 2,2026-06-28 09:00:00,2026-06-28 07:00:00,178,stunde_rekonstruiert,ha_lts_power_energy
Reihe 3,2026-06-28 09:00:00,2026-06-28 07:00:00,178,stunde_rekonstruiert,ha_lts_power_energy
Reihe 1,2026-06-28 09:30:00,2026-06-28 07:30:00,11,stunde_rekonstruiert,ha_lts_power_energy
Randreihe,2026-06-28 10:00:00,2026-06-28 08:00:00,174,stunde_rekonstruiert,ha_lts_power_energy
Reihe 1,2026-06-28 10:00:00,2026-06-28 08:00:00,11,stunde_rekonstruiert,ha_lts_power_energy
Reihe 2,2026-06-28 10:00:00,2026-06-28 08:00:00,173,stunde_rekonstruiert,ha_lts_power_energy
Reihe 3,2026-06-28 10:00:00,2026-06-28 08:00:00,263,stunde_rekonstruiert,ha_lts_power_energy
Randreihe,2026-06-28 10:30:00,2026-06-28 08:30:00,174,stunde_rekonstruiert,ha_lts_power_energy
Reihe 1,2026-06-28 10:30:00,2026-06-28 08:30:00,11,stunde_rekonstruiert,ha_lts_power_energy
Reihe 2,2026-06-28 10:30:00,2026-06-28 08:30:00,173,stunde_rekonstruiert,ha_lts_power_energy
Reihe 3,2026-06-28 10:30:00,2026-06-28 08:30:00,263,stunde_rekonstruiert,ha_lts_power_energy
Randreihe,2026-06-28 11:00:00,2026-06-28 09:00:00,172,stunde_rekonstruiert,ha_lts_power_energy
Reihe 1,2026-06-28 11:00:00,2026-06-28 09:00:00,12,stunde_rekonstruiert,ha_lts_power_energy
Reihe 2,2026-06-28 11:00:00,2026-06-28 09:00:00,176,stunde_rekonstruiert,ha_lts_power_energy
Reihe 3,2026-06-28 11:00:00,2026-06-28 09:00:00,262,stunde_rekonstruiert,ha_lts_power_energy
Randreihe,2026-06-28 11:30:00,2026-06-28 09:30:00,172,stunde_rekonstruiert,ha_lts_power_energy
Reihe 1,2026-06-28 11:30:00,2026-06-28 09:30:00,12,stunde_rekonstruiert,ha_lts_power_energy
Reihe 2,2026-06-28 11:30:00,2026-06-28 09:30:00,176,stunde_rekonstruiert,ha_lts_power_energy
Reihe 3,2026-06-28 11:30:00,2026-06-28 09:30:00,262,stunde_rekonstruiert,ha_lts_power_energy
Randreihe,2026-06-28 12:00:00,2026-06-28 10:00:00,170,stunde_rekonstruiert,ha_lts_power_energy
Reihe 1,2026-06-28 12:00:00,2026-06-28 10:00:00,11,stunde_rekonstruiert,ha_lts_power_energy
Reihe 2,2026-06-28 12:00:00,2026-06-28 10:00:00,177,stunde_rekonstruiert,ha_lts_power_energy
Reihe 3,2026-06-28 12:00:00,2026-06-28 10:00:00,267,stunde_rekonstruiert,ha_lts_power_energy
Randreihe,2026-06-28 12:30:00,2026-06-28 10:30:00,170,stunde_rekonstruiert,ha_lts_power_energy
Reihe 1,2026-06-28 12:30:00,2026-06-28 10:30:00,11,stunde_rekonstruiert,ha_lts_power_energy
Reihe 2,2026-06-28 12:30:00,2026-06-28 10:30:00,177,stunde_rekonstruiert,ha_lts_power_energy
Reihe 3,2026-06-28 12:30:00,2026-06-28 10:30:00,267,stunde_rekonstruiert,ha_lts_power_energy
Randreihe,2026-06-28 13:00:00,2026-06-28 11:00:00,175,stunde_rekonstruiert,ha_lts_power_energy
Reihe 1,2026-06-28 13:00:00,2026-06-28 11:00:00,11,stunde_rekonstruiert,ha_lts_power_energy
Reihe 2,2026-06-28 13:00:00,2026-06-28 11:00:00,177,stunde_rekonstruiert,ha_lts_power_energy
Reihe 3,2026-06-28 13:00:00,2026-06-28 11:00:00,177,stunde_rekonstruiert,ha_lts_power_energy
Reihe 1,2026-06-28 13:30:00,2026-06-28 11:30:00,11,stunde_rekonstruiert,ha_lts_power_energy
Reihe 3,2026-06-28 13:30:00,2026-06-28 11:30:00,177,stunde_rekonstruiert,ha_lts_power_energy
Reihe 1,2026-06-28 14:00:00,2026-06-28 12:00:00,10,stunde_rekonstruiert,ha_lts_power_energy
Reihe 1,2026-06-28 14:30:00,2026-06-28 12:30:00,10,stunde_rekonstruiert,ha_lts_power_energy
Randreihe,2026-06-28 15:00:00,2026-06-28 13:00:00,161,stunde_rekonstruiert,ha_lts_power_energy
Reihe 1,2026-06-28 15:00:00,2026-06-28 13:00:00,11,stunde_rekonstruiert,ha_lts_power_energy
Reihe 2,2026-06-28 15:00:00,2026-06-28 13:00:00,177,stunde_rekonstruiert,ha_lts_power_energy
Reihe 3,2026-06-28 15:00:00,2026-06-28 13:00:00,179,stunde_rekonstruiert,ha_lts_power_energy
Reihe 1,2026-06-28 15:30:00,2026-06-28 13:30:00,11,stunde_rekonstruiert,ha_lts_power_energy
Randreihe,2026-06-28 16:00:00,2026-06-28 14:00:00,134,stunde_rekonstruiert,ha_lts_power_energy
Reihe 1,2026-06-28 16:00:00,2026-06-28 14:00:00,11,stunde_rekonstruiert,ha_lts_power_energy
Reihe 2,2026-06-28 16:00:00,2026-06-28 14:00:00,177,stunde_rekonstruiert,ha_lts_power_energy
Reihe 3,2026-06-28 16:00:00,2026-06-28 14:00:00,266,stunde_rekonstruiert,ha_lts_power_energy
Randreihe,2026-06-28 16:30:00,2026-06-28 14:30:00,134,stunde_rekonstruiert,ha_lts_power_energy
Reihe 1,2026-06-28 16:30:00,2026-06-28 14:30:00,11,stunde_rekonstruiert,ha_lts_power_energy
Reihe 2,2026-06-28 16:30:00,2026-06-28 14:30:00,177,stunde_rekonstruiert,ha_lts_power_energy
Reihe 3,2026-06-28 16:30:00,2026-06-28 14:30:00,266,stunde_rekonstruiert,ha_lts_power_energy
Randreihe,2026-06-28 17:00:00,2026-06-28 15:00:00,157,stunde_rekonstruiert,ha_lts_power_energy
Reihe 1,2026-06-28 17:00:00,2026-06-28 15:00:00,12,stunde_rekonstruiert,ha_lts_power_energy
Reihe 2,2026-06-28 17:00:00,2026-06-28 15:00:00,172,stunde_rekonstruiert,ha_lts_power_energy
Reihe 3,2026-06-28 17:00:00,2026-06-28 15:00:00,177,stunde_rekonstruiert,ha_lts_power_energy
Randreihe,2026-06-28 17:30:00,2026-06-28 15:30:00,157,stunde_rekonstruiert,ha_lts_power_energy
Reihe 1,2026-06-28 17:30:00,2026-06-28 15:30:00,12,stunde_rekonstruiert,ha_lts_power_energy
Reihe 2,2026-06-28 17:30:00,2026-06-28 15:30:00,172,stunde_rekonstruiert,ha_lts_power_energy
Reihe 3,2026-06-28 17:30:00,2026-06-28 15:30:00,177,stunde_rekonstruiert,ha_lts_power_energy
Reihe 1,2026-06-28 18:00:00,2026-06-28 16:00:00,11,stunde_rekonstruiert,ha_lts_power_energy
Reihe 1,2026-06-28 18:30:00,2026-06-28 16:30:00,11,stunde_rekonstruiert,ha_lts_power_energy
Reihe 1,2026-06-28 19:00:00,2026-06-28 17:00:00,11,stunde_rekonstruiert,ha_lts_power_energy
Reihe 1,2026-06-28 19:30:00,2026-06-28 17:30:00,11,stunde_rekonstruiert,ha_lts_power_energy
Reihe 1,2026-06-28 20:00:00,2026-06-28 18:00:00,12,stunde_rekonstruiert,ha_lts_power_energy
Reihe 1,2026-06-28 20:30:00,2026-06-28 18:30:00,12,stunde_rekonstruiert,ha_lts_power_energy
Reihe 1,2026-06-29 06:00:00,2026-06-29 04:00:00,12,stunde_rekonstruiert,ha_lts_power_energy
Reihe 1,2026-06-29 06:30:00,2026-06-29 04:30:00,12,stunde_rekonstruiert,ha_lts_power_energy
Randreihe,2026-06-29 07:00:00,2026-06-29 05:00:00,171,stunde_rekonstruiert,ha_lts_power_energy
Reihe 1,2026-06-29 07:00:00,2026-06-29 05:00:00,10,stunde_rekonstruiert,ha_lts_power_energy
Reihe 2,2026-06-29 07:00:00,2026-06-29 05:00:00,174,stunde_rekonstruiert,ha_lts_power_energy
Reihe 3,2026-06-29 07:00:00,2026-06-29 05:00:00,180,stunde_rekonstruiert,ha_lts_power_energy
Reihe 1,2026-06-29 07:30:00,2026-06-29 05:30:00,10,stunde_rekonstruiert,ha_lts_power_energy
Randreihe,2026-06-29 08:00:00,2026-06-29 06:00:00,179,stunde_rekonstruiert,ha_lts_power_energy
Reihe 1,2026-06-29 08:00:00,2026-06-29 06:00:00,11,stunde_rekonstruiert,ha_lts_power_energy
Reihe 2,2026-06-29 08:00:00,2026-06-29 06:00:00,174,stunde_rekonstruiert,ha_lts_power_energy
Reihe 3,2026-06-29 08:00:00,2026-06-29 06:00:00,179,stunde_rekonstruiert,ha_lts_power_energy
Reihe 1,2026-06-29 08:30:00,2026-06-29 06:30:00,11,stunde_rekonstruiert,ha_lts_power_energy
Randreihe,2026-06-29 09:00:00,2026-06-29 07:00:00,178,stunde_rekonstruiert,ha_lts_power_energy
Reihe 1,2026-06-29 09:00:00,2026-06-29 07:00:00,11,stunde_rekonstruiert,ha_lts_power_energy
Reihe 2,2026-06-29 09:00:00,2026-06-29 07:00:00,72,stunde_rekonstruiert,ha_lts_power_energy
Reihe 3,2026-06-29 09:00:00,2026-06-29 07:00:00,180,stunde_rekonstruiert,ha_lts_power_energy
Randreihe,2026-06-29 09:30:00,2026-06-29 07:30:00,178,stunde_rekonstruiert,ha_lts_power_energy
Reihe 1,2026-06-29 09:30:00,2026-06-29 07:30:00,11,stunde_rekonstruiert,ha_lts_power_energy
Randreihe,2026-06-29 10:00:00,2026-06-29 08:00:00,178,stunde_rekonstruiert,ha_lts_power_energy
Reihe 1,2026-06-29 10:00:00,2026-06-29 08:00:00,12,stunde_rekonstruiert,ha_lts_power_energy
Reihe 2,2026-06-29 10:00:00,2026-06-29 08:00:00,176,stunde_rekonstruiert,ha_lts_power_energy
Reihe 3,2026-06-29 10:00:00,2026-06-29 08:00:00,257,stunde_rekonstruiert,ha_lts_power_energy
Randreihe,2026-06-29 10:30:00,2026-06-29 08:30:00,178,stunde_rekonstruiert,ha_lts_power_energy
Reihe 1,2026-06-29 10:30:00,2026-06-29 08:30:00,12,stunde_rekonstruiert,ha_lts_power_energy
Reihe 2,2026-06-29 10:30:00,2026-06-29 08:30:00,176,stunde_rekonstruiert,ha_lts_power_energy
Reihe 3,2026-06-29 10:30:00,2026-06-29 08:30:00,257,stunde_rekonstruiert,ha_lts_power_energy
Reihe 1,2026-06-29 11:00:00,2026-06-29 09:00:00,11,stunde_rekonstruiert,ha_lts_power_energy
Reihe 1,2026-06-29 11:30:00,2026-06-29 09:30:00,11,stunde_rekonstruiert,ha_lts_power_energy
Randreihe,2026-06-29 12:00:00,2026-06-29 10:00:00,177,stunde_rekonstruiert,ha_lts_power_energy
Reihe 1,2026-06-29 12:00:00,2026-06-29 10:00:00,12,stunde_rekonstruiert,ha_lts_power_energy
Reihe 2,2026-06-29 12:00:00,2026-06-29 10:00:00,176,stunde_rekonstruiert,ha_lts_power_energy
Reihe 3,2026-06-29 12:00:00,2026-06-29 10:00:00,163,stunde_rekonstruiert,ha_lts_power_energy
Randreihe,2026-06-29 12:30:00,2026-06-29 10:30:00,177,stunde_rekonstruiert,ha_lts_power_energy
Reihe 1,2026-06-29 12:30:00,2026-06-29 10:30:00,12,stunde_rekonstruiert,ha_lts_power_energy
Reihe 2,2026-06-29 12:30:00,2026-06-29 10:30:00,176,stunde_rekonstruiert,ha_lts_power_energy
Reihe 3,2026-06-29 12:30:00,2026-06-29 10:30:00,163,stunde_rekonstruiert,ha_lts_power_energy
Randreihe,2026-06-29 13:00:00,2026-06-29 11:00:00,177,stunde_rekonstruiert,ha_lts_power_energy
Reihe 1,2026-06-29 13:00:00,2026-06-29 11:00:00,12,stunde_rekonstruiert,ha_lts_power_energy
Reihe 2,2026-06-29 13:00:00,2026-06-29 11:00:00,175,stunde_rekonstruiert,ha_lts_power_energy
Reihe 3,2026-06-29 13:00:00,2026-06-29 11:00:00,192,stunde_rekonstruiert,ha_lts_power_energy
Randreihe,2026-06-29 13:30:00,2026-06-29 11:30:00,177,stunde_rekonstruiert,ha_lts_power_energy
Reihe 1,2026-06-29 13:30:00,2026-06-29 11:30:00,12,stunde_rekonstruiert,ha_lts_power_energy
Reihe 2,2026-06-29 13:30:00,2026-06-29 11:30:00,175,stunde_rekonstruiert,ha_lts_power_energy
Reihe 3,2026-06-29 13:30:00,2026-06-29 11:30:00,192,stunde_rekonstruiert,ha_lts_power_energy
Randreihe,2026-06-29 14:00:00,2026-06-29 12:00:00,156,stunde_rekonstruiert,ha_lts_power_energy
Reihe 1,2026-06-29 14:00:00,2026-06-29 12:00:00,11,stunde_rekonstruiert,ha_lts_power_energy
Reihe 2,2026-06-29 14:00:00,2026-06-29 12:00:00,177,stunde_rekonstruiert,ha_lts_power_energy
Reihe 3,2026-06-29 14:00:00,2026-06-29 12:00:00,342,stunde_rekonstruiert,ha_lts_power_energy
Randreihe,2026-06-29 14:30:00,2026-06-29 12:30:00,156,stunde_rekonstruiert,ha_lts_power_energy
Reihe 1,2026-06-29 14:30:00,2026-06-29 12:30:00,11,stunde_rekonstruiert,ha_lts_power_energy
Reihe 2,2026-06-29 14:30:00,2026-06-29 12:30:00,177,stunde_rekonstruiert,ha_lts_power_energy
Reihe 3,2026-06-29 14:30:00,2026-06-29 12:30:00,342,stunde_rekonstruiert,ha_lts_power_energy
Randreihe,2026-06-29 15:00:00,2026-06-29 13:00:00,149,stunde_rekonstruiert,ha_lts_power_energy
Reihe 1,2026-06-29 15:00:00,2026-06-29 13:00:00,11,stunde_rekonstruiert,ha_lts_power_energy
Reihe 2,2026-06-29 15:00:00,2026-06-29 13:00:00,162,stunde_rekonstruiert,ha_lts_power_energy
Reihe 3,2026-06-29 15:00:00,2026-06-29 13:00:00,179,stunde_rekonstruiert,ha_lts_power_energy
Randreihe,2026-06-29 15:30:00,2026-06-29 13:30:00,149,stunde_rekonstruiert,ha_lts_power_energy
Reihe 1,2026-06-29 15:30:00,2026-06-29 13:30:00,11,stunde_rekonstruiert,ha_lts_power_energy
Reihe 2,2026-06-29 15:30:00,2026-06-29 13:30:00,162,stunde_rekonstruiert,ha_lts_power_energy
Reihe 3,2026-06-29 15:30:00,2026-06-29 13:30:00,179,stunde_rekonstruiert,ha_lts_power_energy
Randreihe,2026-06-29 16:00:00,2026-06-29 14:00:00,133,stunde_rekonstruiert,ha_lts_power_energy
Reihe 1,2026-06-29 16:00:00,2026-06-29 14:00:00,11,stunde_rekonstruiert,ha_lts_power_energy
Reihe 2,2026-06-29 16:00:00,2026-06-29 14:00:00,207,stunde_rekonstruiert,ha_lts_power_energy
Reihe 3,2026-06-29 16:00:00,2026-06-29 14:00:00,176,stunde_rekonstruiert,ha_lts_power_energy
Randreihe,2026-06-29 16:30:00,2026-06-29 14:30:00,133,stunde_rekonstruiert,ha_lts_power_energy
Reihe 1,2026-06-29 16:30:00,2026-06-29 14:30:00,11,stunde_rekonstruiert,ha_lts_power_energy
Reihe 3,2026-06-29 16:30:00,2026-06-29 14:30:00,176,stunde_rekonstruiert,ha_lts_power_energy
Randreihe,2026-06-29 17:00:00,2026-06-29 15:00:00,178,stunde_rekonstruiert,ha_lts_power_energy
Reihe 1,2026-06-29 17:00:00,2026-06-29 15:00:00,11,stunde_rekonstruiert,ha_lts_power_energy
Reihe 2,2026-06-29 17:00:00,2026-06-29 15:00:00,178,stunde_rekonstruiert,ha_lts_power_energy
Reihe 3,2026-06-29 17:00:00,2026-06-29 15:00:00,174,stunde_rekonstruiert,ha_lts_power_energy
Reihe 1,2026-06-29 17:30:00,2026-06-29 15:30:00,11,stunde_rekonstruiert,ha_lts_power_energy
Reihe 3,2026-06-29 17:30:00,2026-06-29 15:30:00,174,stunde_rekonstruiert,ha_lts_power_energy
Reihe 1,2026-06-29 18:00:00,2026-06-29 16:00:00,11,stunde_rekonstruiert,ha_lts_power_energy
Reihe 1,2026-06-29 18:30:00,2026-06-29 16:30:00,11,stunde_rekonstruiert,ha_lts_power_energy
Reihe 1,2026-06-29 19:00:00,2026-06-29 17:00:00,12,stunde_rekonstruiert,ha_lts_power_energy
Reihe 1,2026-06-29 19:30:00,2026-06-29 17:30:00,12,stunde_rekonstruiert,ha_lts_power_energy
Reihe 1,2026-06-29 20:00:00,2026-06-29 18:00:00,12,stunde_rekonstruiert,ha_lts_power_energy
Reihe 1,2026-06-29 20:30:00,2026-06-29 18:30:00,12,stunde_rekonstruiert,ha_lts_power_energy
Reihe 1,2026-06-30 06:00:00,2026-06-30 04:00:00,11,stunde_rekonstruiert,ha_lts_power_energy
Reihe 1,2026-06-30 06:30:00,2026-06-30 04:30:00,11,stunde_rekonstruiert,ha_lts_power_energy
Randreihe,2026-06-30 07:00:00,2026-06-30 05:00:00,168,stunde_rekonstruiert,ha_lts_power_energy
Reihe 1,2026-06-30 07:00:00,2026-06-30 05:00:00,11,stunde_rekonstruiert,ha_lts_power_energy
Reihe 2,2026-06-30 07:00:00,2026-06-30 05:00:00,176,stunde_rekonstruiert,ha_lts_power_energy
Reihe 3,2026-06-30 07:00:00,2026-06-30 05:00:00,178,stunde_rekonstruiert,ha_lts_power_energy
Reihe 1,2026-06-30 07:30:00,2026-06-30 05:30:00,11,stunde_rekonstruiert,ha_lts_power_energy
Reihe 1,2026-06-30 08:00:00,2026-06-30 06:00:00,11,stunde_rekonstruiert,ha_lts_power_energy
Reihe 1,2026-06-30 08:30:00,2026-06-30 06:30:00,11,stunde_rekonstruiert,ha_lts_power_energy
Randreihe,2026-06-30 09:00:00,2026-06-30 07:00:00,175,stunde_rekonstruiert,ha_lts_power_energy
Reihe 1,2026-06-30 09:00:00,2026-06-30 07:00:00,11,stunde_rekonstruiert,ha_lts_power_energy
Reihe 2,2026-06-30 09:00:00,2026-06-30 07:00:00,177,stunde_rekonstruiert,ha_lts_power_energy
Reihe 3,2026-06-30 09:00:00,2026-06-30 07:00:00,177,stunde_rekonstruiert,ha_lts_power_energy
Reihe 1,2026-06-30 09:30:00,2026-06-30 07:30:00,11,stunde_rekonstruiert,ha_lts_power_energy
Randreihe,2026-06-30 10:00:00,2026-06-30 08:00:00,176,stunde_rekonstruiert,ha_lts_power_energy
Reihe 1,2026-06-30 10:00:00,2026-06-30 08:00:00,11,stunde_rekonstruiert,ha_lts_power_energy
Reihe 2,2026-06-30 10:00:00,2026-06-30 08:00:00,172,stunde_rekonstruiert,ha_lts_power_energy
Reihe 3,2026-06-30 10:00:00,2026-06-30 08:00:00,176,stunde_rekonstruiert,ha_lts_power_energy
Reihe 1,2026-06-30 10:30:00,2026-06-30 08:30:00,11,stunde_rekonstruiert,ha_lts_power_energy
Randreihe,2026-06-30 11:00:00,2026-06-30 09:00:00,175,stunde_rekonstruiert,ha_lts_power_energy
Reihe 1,2026-06-30 11:00:00,2026-06-30 09:00:00,11,stunde_rekonstruiert,ha_lts_power_energy
Reihe 2,2026-06-30 11:00:00,2026-06-30 09:00:00,176,stunde_rekonstruiert,ha_lts_power_energy
Reihe 3,2026-06-30 11:00:00,2026-06-30 09:00:00,179,stunde_rekonstruiert,ha_lts_power_energy
Reihe 1,2026-06-30 11:30:00,2026-06-30 09:30:00,11,stunde_rekonstruiert,ha_lts_power_energy
Reihe 3,2026-06-30 11:30:00,2026-06-30 09:30:00,179,stunde_rekonstruiert,ha_lts_power_energy
Randreihe,2026-06-30 12:00:00,2026-06-30 10:00:00,174,stunde_rekonstruiert,ha_lts_power_energy
Reihe 1,2026-06-30 12:00:00,2026-06-30 10:00:00,12,stunde_rekonstruiert,ha_lts_power_energy
Reihe 2,2026-06-30 12:00:00,2026-06-30 10:00:00,177,stunde_rekonstruiert,ha_lts_power_energy
Reihe 3,2026-06-30 12:00:00,2026-06-30 10:00:00,268,stunde_rekonstruiert,ha_lts_power_energy
Randreihe,2026-06-30 12:30:00,2026-06-30 10:30:00,174,stunde_rekonstruiert,ha_lts_power_energy
Reihe 1,2026-06-30 12:30:00,2026-06-30 10:30:00,12,stunde_rekonstruiert,ha_lts_power_energy
Reihe 2,2026-06-30 12:30:00,2026-06-30 10:30:00,177,stunde_rekonstruiert,ha_lts_power_energy
Reihe 3,2026-06-30 12:30:00,2026-06-30 10:30:00,268,stunde_rekonstruiert,ha_lts_power_energy
Randreihe,2026-06-30 13:00:00,2026-06-30 11:00:00,169,stunde_rekonstruiert,ha_lts_power_energy
Reihe 1,2026-06-30 13:00:00,2026-06-30 11:00:00,11,stunde_rekonstruiert,ha_lts_power_energy
Reihe 2,2026-06-30 13:00:00,2026-06-30 11:00:00,173,stunde_rekonstruiert,ha_lts_power_energy
Reihe 3,2026-06-30 13:00:00,2026-06-30 11:00:00,177,stunde_rekonstruiert,ha_lts_power_energy
Randreihe,2026-06-30 13:30:00,2026-06-30 11:30:00,169,stunde_rekonstruiert,ha_lts_power_energy
Reihe 1,2026-06-30 13:30:00,2026-06-30 11:30:00,11,stunde_rekonstruiert,ha_lts_power_energy
Reihe 2,2026-06-30 13:30:00,2026-06-30 11:30:00,173,stunde_rekonstruiert,ha_lts_power_energy
Reihe 3,2026-06-30 13:30:00,2026-06-30 11:30:00,177,stunde_rekonstruiert,ha_lts_power_energy
Randreihe,2026-06-30 14:00:00,2026-06-30 12:00:00,176,stunde_rekonstruiert,ha_lts_power_energy
Reihe 1,2026-06-30 14:00:00,2026-06-30 12:00:00,11,stunde_rekonstruiert,ha_lts_power_energy
Reihe 2,2026-06-30 14:00:00,2026-06-30 12:00:00,176,stunde_rekonstruiert,ha_lts_power_energy
Reihe 3,2026-06-30 14:00:00,2026-06-30 12:00:00,266,stunde_rekonstruiert,ha_lts_power_energy
Randreihe,2026-06-30 14:30:00,2026-06-30 12:30:00,176,stunde_rekonstruiert,ha_lts_power_energy
Reihe 1,2026-06-30 14:30:00,2026-06-30 12:30:00,11,stunde_rekonstruiert,ha_lts_power_energy
Reihe 2,2026-06-30 14:30:00,2026-06-30 12:30:00,176,stunde_rekonstruiert,ha_lts_power_energy
Reihe 3,2026-06-30 14:30:00,2026-06-30 12:30:00,266,stunde_rekonstruiert,ha_lts_power_energy
Randreihe,2026-06-30 15:00:00,2026-06-30 13:00:00,176,stunde_rekonstruiert,ha_lts_power_energy
Reihe 1,2026-06-30 15:00:00,2026-06-30 13:00:00,11,stunde_rekonstruiert,ha_lts_power_energy
Reihe 2,2026-06-30 15:00:00,2026-06-30 13:00:00,172,stunde_rekonstruiert,ha_lts_power_energy
Reihe 3,2026-06-30 15:00:00,2026-06-30 13:00:00,178,stunde_rekonstruiert,ha_lts_power_energy
Reihe 1,2026-06-30 15:30:00,2026-06-30 13:30:00,11,stunde_rekonstruiert,ha_lts_power_energy
Randreihe,2026-06-30 16:00:00,2026-06-30 14:00:00,176,stunde_rekonstruiert,ha_lts_power_energy
Reihe 1,2026-06-30 16:00:00,2026-06-30 14:00:00,11,stunde_rekonstruiert,ha_lts_power_energy
Reihe 2,2026-06-30 16:00:00,2026-06-30 14:00:00,178,stunde_rekonstruiert,ha_lts_power_energy
Reihe 3,2026-06-30 16:00:00,2026-06-30 14:00:00,175,stunde_rekonstruiert,ha_lts_power_energy
Reihe 1,2026-06-30 16:30:00,2026-06-30 14:30:00,11,stunde_rekonstruiert,ha_lts_power_energy
Reihe 3,2026-06-30 16:30:00,2026-06-30 14:30:00,175,stunde_rekonstruiert,ha_lts_power_energy
Randreihe,2026-06-30 17:00:00,2026-06-30 15:00:00,170,stunde_rekonstruiert,ha_lts_power_energy
Reihe 1,2026-06-30 17:00:00,2026-06-30 15:00:00,10,stunde_rekonstruiert,ha_lts_power_energy
Reihe 2,2026-06-30 17:00:00,2026-06-30 15:00:00,177,stunde_rekonstruiert,ha_lts_power_energy
Reihe 3,2026-06-30 17:00:00,2026-06-30 15:00:00,178,stunde_rekonstruiert,ha_lts_power_energy
Randreihe,2026-06-30 17:30:00,2026-06-30 15:30:00,170,stunde_rekonstruiert,ha_lts_power_energy
Reihe 1,2026-06-30 17:30:00,2026-06-30 15:30:00,10,stunde_rekonstruiert,ha_lts_power_energy
Reihe 2,2026-06-30 17:30:00,2026-06-30 15:30:00,177,stunde_rekonstruiert,ha_lts_power_energy
Reihe 1,2026-06-30 18:00:00,2026-06-30 16:00:00,11,stunde_rekonstruiert,ha_lts_power_energy
Reihe 1,2026-06-30 18:30:00,2026-06-30 16:30:00,11,stunde_rekonstruiert,ha_lts_power_energy
Reihe 1,2026-06-30 19:00:00,2026-06-30 17:00:00,12,stunde_rekonstruiert,ha_lts_power_energy
Reihe 1,2026-06-30 19:30:00,2026-06-30 17:30:00,12,stunde_rekonstruiert,ha_lts_power_energy
Reihe 1,2026-06-30 20:00:00,2026-06-30 18:00:00,11,stunde_rekonstruiert,ha_lts_power_energy
Reihe 1,2026-06-30 20:30:00,2026-06-30 18:30:00,11,stunde_rekonstruiert,ha_lts_power_energy
Reihe 1,2026-07-01 06:00:00,2026-07-01 04:00:00,11,stunde_rekonstruiert,ha_lts_power_energy
Reihe 1,2026-07-01 06:30:00,2026-07-01 04:30:00,11,stunde_rekonstruiert,ha_lts_power_energy
Randreihe,2026-07-01 07:00:00,2026-07-01 05:00:00,175,stunde_rekonstruiert,ha_lts_power_energy
Reihe 1,2026-07-01 07:00:00,2026-07-01 05:00:00,11,stunde_rekonstruiert,ha_lts_power_energy
Reihe 2,2026-07-01 07:00:00,2026-07-01 05:00:00,175,stunde_rekonstruiert,ha_lts_power_energy
Reihe 3,2026-07-01 07:00:00,2026-07-01 05:00:00,177,stunde_rekonstruiert,ha_lts_power_energy
Reihe 1,2026-07-01 07:30:00,2026-07-01 05:30:00,11,stunde_rekonstruiert,ha_lts_power_energy
Reihe 1,2026-07-01 08:00:00,2026-07-01 06:00:00,10,stunde_rekonstruiert,ha_lts_power_energy
Reihe 1,2026-07-01 08:30:00,2026-07-01 06:30:00,10,stunde_rekonstruiert,ha_lts_power_energy
Randreihe,2026-07-01 09:00:00,2026-07-01 07:00:00,176,stunde_rekonstruiert,ha_lts_power_energy
Reihe 1,2026-07-01 09:00:00,2026-07-01 07:00:00,12,stunde_rekonstruiert,ha_lts_power_energy
Reihe 2,2026-07-01 09:00:00,2026-07-01 07:00:00,175,stunde_rekonstruiert,ha_lts_power_energy
Reihe 3,2026-07-01 09:00:00,2026-07-01 07:00:00,180,stunde_rekonstruiert,ha_lts_power_energy
Reihe 1,2026-07-01 09:30:00,2026-07-01 07:30:00,12,stunde_rekonstruiert,ha_lts_power_energy
Reihe 1,2026-07-01 10:00:00,2026-07-01 08:00:00,12,stunde_rekonstruiert,ha_lts_power_energy
Reihe 1,2026-07-01 10:30:00,2026-07-01 08:30:00,12,stunde_rekonstruiert,ha_lts_power_energy
Randreihe,2026-07-01 11:00:00,2026-07-01 09:00:00,169,stunde_rekonstruiert,ha_lts_power_energy
Reihe 1,2026-07-01 11:00:00,2026-07-01 09:00:00,11,stunde_rekonstruiert,ha_lts_power_energy
Reihe 2,2026-07-01 11:00:00,2026-07-01 09:00:00,178,stunde_rekonstruiert,ha_lts_power_energy
Reihe 3,2026-07-01 11:00:00,2026-07-01 09:00:00,179,stunde_rekonstruiert,ha_lts_power_energy
Reihe 1,2026-07-01 11:30:00,2026-07-01 09:30:00,11,stunde_rekonstruiert,ha_lts_power_energy
Reihe 1,2026-07-01 12:00:00,2026-07-01 10:00:00,11,stunde_rekonstruiert,ha_lts_power_energy
Reihe 3,2026-07-01 12:00:00,2026-07-01 10:00:00,178,stunde_rekonstruiert,ha_lts_power_energy
Reihe 1,2026-07-01 12:30:00,2026-07-01 10:30:00,11,stunde_rekonstruiert,ha_lts_power_energy
Randreihe,2026-07-01 13:00:00,2026-07-01 11:00:00,176,stunde_rekonstruiert,ha_lts_power_energy
Reihe 1,2026-07-01 13:00:00,2026-07-01 11:00:00,12,stunde_rekonstruiert,ha_lts_power_energy
Reihe 2,2026-07-01 13:00:00,2026-07-01 11:00:00,176,stunde_rekonstruiert,ha_lts_power_energy
Reihe 3,2026-07-01 13:00:00,2026-07-01 11:00:00,179,stunde_rekonstruiert,ha_lts_power_energy
Reihe 1,2026-07-01 13:30:00,2026-07-01 11:30:00,12,stunde_rekonstruiert,ha_lts_power_energy
Randreihe,2026-07-01 14:00:00,2026-07-01 12:00:00,176,stunde_rekonstruiert,ha_lts_power_energy
Reihe 1,2026-07-01 14:00:00,2026-07-01 12:00:00,11,stunde_rekonstruiert,ha_lts_power_energy
Reihe 2,2026-07-01 14:00:00,2026-07-01 12:00:00,175,stunde_rekonstruiert,ha_lts_power_energy
Reihe 3,2026-07-01 14:00:00,2026-07-01 12:00:00,179,stunde_rekonstruiert,ha_lts_power_energy
Randreihe,2026-07-01 14:30:00,2026-07-01 12:30:00,176,stunde_rekonstruiert,ha_lts_power_energy
Reihe 1,2026-07-01 14:30:00,2026-07-01 12:30:00,11,stunde_rekonstruiert,ha_lts_power_energy
Reihe 2,2026-07-01 14:30:00,2026-07-01 12:30:00,175,stunde_rekonstruiert,ha_lts_power_energy
Randreihe,2026-07-01 15:00:00,2026-07-01 13:00:00,176,stunde_rekonstruiert,ha_lts_power_energy
Reihe 1,2026-07-01 15:00:00,2026-07-01 13:00:00,11,stunde_rekonstruiert,ha_lts_power_energy
Reihe 2,2026-07-01 15:00:00,2026-07-01 13:00:00,176,stunde_rekonstruiert,ha_lts_power_energy
Reihe 3,2026-07-01 15:00:00,2026-07-01 13:00:00,178,stunde_rekonstruiert,ha_lts_power_energy
Reihe 1,2026-07-01 15:30:00,2026-07-01 13:30:00,11,stunde_rekonstruiert,ha_lts_power_energy
Reihe 3,2026-07-01 15:30:00,2026-07-01 13:30:00,178,stunde_rekonstruiert,ha_lts_power_energy
Randreihe,2026-07-01 16:00:00,2026-07-01 14:00:00,174,stunde_rekonstruiert,ha_lts_power_energy
Reihe 1,2026-07-01 16:00:00,2026-07-01 14:00:00,11,stunde_rekonstruiert,ha_lts_power_energy
Reihe 2,2026-07-01 16:00:00,2026-07-01 14:00:00,175,stunde_rekonstruiert,ha_lts_power_energy
Reihe 3,2026-07-01 16:00:00,2026-07-01 14:00:00,176,stunde_rekonstruiert,ha_lts_power_energy
Randreihe,2026-07-01 16:30:00,2026-07-01 14:30:00,174,stunde_rekonstruiert,ha_lts_power_energy
Reihe 1,2026-07-01 16:30:00,2026-07-01 14:30:00,11,stunde_rekonstruiert,ha_lts_power_energy
Reihe 2,2026-07-01 16:30:00,2026-07-01 14:30:00,175,stunde_rekonstruiert,ha_lts_power_energy
Reihe 3,2026-07-01 16:30:00,2026-07-01 14:30:00,176,stunde_rekonstruiert,ha_lts_power_energy
Randreihe,2026-07-01 17:00:00,2026-07-01 15:00:00,175,stunde_rekonstruiert,ha_lts_power_energy
Reihe 1,2026-07-01 17:00:00,2026-07-01 15:00:00,11,stunde_rekonstruiert,ha_lts_power_energy
Reihe 2,2026-07-01 17:00:00,2026-07-01 15:00:00,177,stunde_rekonstruiert,ha_lts_power_energy
Reihe 3,2026-07-01 17:00:00,2026-07-01 15:00:00,179,stunde_rekonstruiert,ha_lts_power_energy
Reihe 1,2026-07-01 17:30:00,2026-07-01 15:30:00,11,stunde_rekonstruiert,ha_lts_power_energy
Reihe 3,2026-07-01 17:30:00,2026-07-01 15:30:00,179,stunde_rekonstruiert,ha_lts_power_energy
Reihe 1,2026-07-01 18:00:00,2026-07-01 16:00:00,11,stunde_rekonstruiert,ha_lts_power_energy
Reihe 3,2026-07-01 18:00:00,2026-07-01 16:00:00,180,stunde_rekonstruiert,ha_lts_power_energy
Reihe 1,2026-07-01 18:30:00,2026-07-01 16:30:00,11,stunde_rekonstruiert,ha_lts_power_energy
Reihe 1,2026-07-01 19:00:00,2026-07-01 17:00:00,11,stunde_rekonstruiert,ha_lts_power_energy
Reihe 1,2026-07-01 19:30:00,2026-07-01 17:30:00,11,stunde_rekonstruiert,ha_lts_power_energy
Reihe 1,2026-07-01 20:00:00,2026-07-01 18:00:00,12,stunde_rekonstruiert,ha_lts_power_energy
Reihe 1,2026-07-01 20:30:00,2026-07-01 18:30:00,12,stunde_rekonstruiert,ha_lts_power_energy
Reihe 1,2026-07-02 06:00:00,2026-07-02 04:00:00,11,stunde_rekonstruiert,ha_lts_power_energy
Reihe 1,2026-07-02 06:30:00,2026-07-02 04:30:00,11,stunde_rekonstruiert,ha_lts_power_energy
Reihe 1,2026-07-02 07:00:00,2026-07-02 05:00:00,11,stunde_rekonstruiert,ha_lts_power_energy
Reihe 1,2026-07-02 07:30:00,2026-07-02 05:30:00,11,stunde_rekonstruiert,ha_lts_power_energy
Reihe 1,2026-07-02 08:00:00,2026-07-02 06:00:00,11,stunde_rekonstruiert,ha_lts_power_energy
Reihe 1,2026-07-02 08:30:00,2026-07-02 06:30:00,11,stunde_rekonstruiert,ha_lts_power_energy
Reihe 1,2026-07-02 09:00:00,2026-07-02 07:00:00,11,stunde_rekonstruiert,ha_lts_power_energy
Reihe 1,2026-07-02 09:30:00,2026-07-02 07:30:00,11,stunde_rekonstruiert,ha_lts_power_energy
Randreihe,2026-07-02 10:00:00,2026-07-02 08:00:00,276,stunde_rekonstruiert,ha_lts_power_energy
Reihe 1,2026-07-02 10:00:00,2026-07-02 08:00:00,17,stunde_rekonstruiert,ha_lts_power_energy
Reihe 2,2026-07-02 10:00:00,2026-07-02 08:00:00,277,stunde_rekonstruiert,ha_lts_power_energy
Reihe 3,2026-07-02 10:00:00,2026-07-02 08:00:00,276,stunde_rekonstruiert,ha_lts_power_energy
Randreihe,2026-07-02 10:30:00,2026-07-02 08:30:00,276,stunde_rekonstruiert,ha_lts_power_energy
Reihe 1,2026-07-02 10:30:00,2026-07-02 08:30:00,17,stunde_rekonstruiert,ha_lts_power_energy
Reihe 2,2026-07-02 10:30:00,2026-07-02 08:30:00,277,stunde_rekonstruiert,ha_lts_power_energy
Reihe 3,2026-07-02 10:30:00,2026-07-02 08:30:00,276,stunde_rekonstruiert,ha_lts_power_energy
Randreihe,2026-07-02 11:00:00,2026-07-02 09:00:00,206,stunde_rekonstruiert,ha_lts_power_energy
Reihe 1,2026-07-02 11:00:00,2026-07-02 09:00:00,11,stunde_rekonstruiert,ha_lts_power_energy
Reihe 2,2026-07-02 11:00:00,2026-07-02 09:00:00,206,stunde_rekonstruiert,ha_lts_power_energy
Reihe 3,2026-07-02 11:00:00,2026-07-02 09:00:00,209,stunde_rekonstruiert,ha_lts_power_energy
Reihe 1,2026-07-02 11:30:00,2026-07-02 09:30:00,11,stunde_rekonstruiert,ha_lts_power_energy
Reihe 3,2026-07-02 11:30:00,2026-07-02 09:30:00,209,stunde_rekonstruiert,ha_lts_power_energy
Randreihe,2026-07-02 12:00:00,2026-07-02 10:00:00,204,stunde_rekonstruiert,ha_lts_power_energy
Reihe 1,2026-07-02 12:00:00,2026-07-02 10:00:00,12,stunde_rekonstruiert,ha_lts_power_energy
Reihe 2,2026-07-02 12:00:00,2026-07-02 10:00:00,207,stunde_rekonstruiert,ha_lts_power_energy
Reihe 3,2026-07-02 12:00:00,2026-07-02 10:00:00,310,stunde_rekonstruiert,ha_lts_power_energy
Randreihe,2026-07-02 12:30:00,2026-07-02 10:30:00,204,stunde_rekonstruiert,ha_lts_power_energy
Reihe 1,2026-07-02 12:30:00,2026-07-02 10:30:00,12,stunde_rekonstruiert,ha_lts_power_energy
Reihe 2,2026-07-02 12:30:00,2026-07-02 10:30:00,207,stunde_rekonstruiert,ha_lts_power_energy
Reihe 3,2026-07-02 12:30:00,2026-07-02 10:30:00,310,stunde_rekonstruiert,ha_lts_power_energy
Randreihe,2026-07-02 13:00:00,2026-07-02 11:00:00,206,stunde_rekonstruiert,ha_lts_power_energy
Reihe 1,2026-07-02 13:00:00,2026-07-02 11:00:00,11,stunde_rekonstruiert,ha_lts_power_energy
Reihe 2,2026-07-02 13:00:00,2026-07-02 11:00:00,209,stunde_rekonstruiert,ha_lts_power_energy
Reihe 3,2026-07-02 13:00:00,2026-07-02 11:00:00,417,stunde_rekonstruiert,ha_lts_power_energy
Randreihe,2026-07-02 13:30:00,2026-07-02 11:30:00,206,stunde_rekonstruiert,ha_lts_power_energy
Reihe 1,2026-07-02 13:30:00,2026-07-02 11:30:00,11,stunde_rekonstruiert,ha_lts_power_energy
Reihe 2,2026-07-02 13:30:00,2026-07-02 11:30:00,209,stunde_rekonstruiert,ha_lts_power_energy
Reihe 3,2026-07-02 13:30:00,2026-07-02 11:30:00,417,stunde_rekonstruiert,ha_lts_power_energy
Randreihe,2026-07-02 14:00:00,2026-07-02 12:00:00,204,stunde_rekonstruiert,ha_lts_power_energy
Reihe 1,2026-07-02 14:00:00,2026-07-02 12:00:00,11,stunde_rekonstruiert,ha_lts_power_energy
Reihe 2,2026-07-02 14:00:00,2026-07-02 12:00:00,205,stunde_rekonstruiert,ha_lts_power_energy
Reihe 3,2026-07-02 14:00:00,2026-07-02 12:00:00,311,stunde_rekonstruiert,ha_lts_power_energy
Randreihe,2026-07-02 14:30:00,2026-07-02 12:30:00,204,stunde_rekonstruiert,ha_lts_power_energy
Reihe 1,2026-07-02 14:30:00,2026-07-02 12:30:00,11,stunde_rekonstruiert,ha_lts_power_energy
Reihe 2,2026-07-02 14:30:00,2026-07-02 12:30:00,205,stunde_rekonstruiert,ha_lts_power_energy
Reihe 3,2026-07-02 14:30:00,2026-07-02 12:30:00,311,stunde_rekonstruiert,ha_lts_power_energy
Randreihe,2026-07-02 15:00:00,2026-07-02 13:00:00,207,stunde_rekonstruiert,ha_lts_power_energy
Reihe 1,2026-07-02 15:00:00,2026-07-02 13:00:00,12,stunde_rekonstruiert,ha_lts_power_energy
Reihe 2,2026-07-02 15:00:00,2026-07-02 13:00:00,206,stunde_rekonstruiert,ha_lts_power_energy
Reihe 3,2026-07-02 15:00:00,2026-07-02 13:00:00,401,stunde_rekonstruiert,ha_lts_power_energy
Randreihe,2026-07-02 15:30:00,2026-07-02 13:30:00,207,stunde_rekonstruiert,ha_lts_power_energy
Reihe 1,2026-07-02 15:30:00,2026-07-02 13:30:00,12,stunde_rekonstruiert,ha_lts_power_energy
Reihe 2,2026-07-02 15:30:00,2026-07-02 13:30:00,206,stunde_rekonstruiert,ha_lts_power_energy
Reihe 3,2026-07-02 15:30:00,2026-07-02 13:30:00,401,stunde_rekonstruiert,ha_lts_power_energy
Randreihe,2026-07-02 16:00:00,2026-07-02 14:00:00,206,stunde_rekonstruiert,ha_lts_power_energy
Reihe 1,2026-07-02 16:00:00,2026-07-02 14:00:00,11,stunde_rekonstruiert,ha_lts_power_energy
Reihe 2,2026-07-02 16:00:00,2026-07-02 14:00:00,205,stunde_rekonstruiert,ha_lts_power_energy
Reihe 3,2026-07-02 16:00:00,2026-07-02 14:00:00,267,stunde_rekonstruiert,ha_lts_power_energy
Randreihe,2026-07-02 16:30:00,2026-07-02 14:30:00,206,stunde_rekonstruiert,ha_lts_power_energy
Reihe 1,2026-07-02 16:30:00,2026-07-02 14:30:00,11,stunde_rekonstruiert,ha_lts_power_energy
Reihe 2,2026-07-02 16:30:00,2026-07-02 14:30:00,205,stunde_rekonstruiert,ha_lts_power_energy
Reihe 3,2026-07-02 16:30:00,2026-07-02 14:30:00,267,stunde_rekonstruiert,ha_lts_power_energy
Randreihe,2026-07-02 17:00:00,2026-07-02 15:00:00,204,stunde_rekonstruiert,ha_lts_power_energy
Reihe 1,2026-07-02 17:00:00,2026-07-02 15:00:00,11,stunde_rekonstruiert,ha_lts_power_energy
Reihe 2,2026-07-02 17:00:00,2026-07-02 15:00:00,208,stunde_rekonstruiert,ha_lts_power_energy
Reihe 3,2026-07-02 17:00:00,2026-07-02 15:00:00,248,stunde_rekonstruiert,ha_lts_power_energy
Randreihe,2026-07-02 17:30:00,2026-07-02 15:30:00,204,stunde_rekonstruiert,ha_lts_power_energy
Reihe 1,2026-07-02 17:30:00,2026-07-02 15:30:00,11,stunde_rekonstruiert,ha_lts_power_energy
Reihe 2,2026-07-02 17:30:00,2026-07-02 15:30:00,208,stunde_rekonstruiert,ha_lts_power_energy
Reihe 3,2026-07-02 17:30:00,2026-07-02 15:30:00,248,stunde_rekonstruiert,ha_lts_power_energy
Reihe 1,2026-07-02 18:00:00,2026-07-02 16:00:00,12,stunde_rekonstruiert,ha_lts_power_energy
Reihe 1,2026-07-02 18:30:00,2026-07-02 16:30:00,12,stunde_rekonstruiert,ha_lts_power_energy
Reihe 1,2026-07-02 19:00:00,2026-07-02 17:00:00,11,stunde_rekonstruiert,ha_lts_power_energy
Reihe 1,2026-07-02 19:30:00,2026-07-02 17:30:00,11,stunde_rekonstruiert,ha_lts_power_energy
Reihe 1,2026-07-02 20:00:00,2026-07-02 18:00:00,12,stunde_rekonstruiert,ha_lts_power_energy
Reihe 1,2026-07-02 20:30:00,2026-07-02 18:30:00,12,stunde_rekonstruiert,ha_lts_power_energy
Reihe 1,2026-07-03 06:00:00,2026-07-03 04:00:00,11,stunde_rekonstruiert,ha_lts_power_energy
Reihe 1,2026-07-03 06:30:00,2026-07-03 04:30:00,11,stunde_rekonstruiert,ha_lts_power_energy
Randreihe,2026-07-03 07:00:00,2026-07-03 05:00:00,203,stunde_rekonstruiert,ha_lts_power_energy
Reihe 1,2026-07-03 07:00:00,2026-07-03 05:00:00,11,stunde_rekonstruiert,ha_lts_power_energy
Reihe 2,2026-07-03 07:00:00,2026-07-03 05:00:00,204,stunde_rekonstruiert,ha_lts_power_energy
Reihe 3,2026-07-03 07:00:00,2026-07-03 05:00:00,207,stunde_rekonstruiert,ha_lts_power_energy
Reihe 1,2026-07-03 07:30:00,2026-07-03 05:30:00,11,stunde_rekonstruiert,ha_lts_power_energy
Randreihe,2026-07-03 08:00:00,2026-07-03 06:00:00,204,stunde_rekonstruiert,ha_lts_power_energy
Reihe 1,2026-07-03 08:00:00,2026-07-03 06:00:00,10,stunde_rekonstruiert,ha_lts_power_energy
Reihe 2,2026-07-03 08:00:00,2026-07-03 06:00:00,202,stunde_rekonstruiert,ha_lts_power_energy
Reihe 3,2026-07-03 08:00:00,2026-07-03 06:00:00,210,stunde_rekonstruiert,ha_lts_power_energy
Reihe 1,2026-07-03 08:30:00,2026-07-03 06:30:00,10,stunde_rekonstruiert,ha_lts_power_energy
Randreihe,2026-07-03 09:00:00,2026-07-03 07:00:00,203,stunde_rekonstruiert,ha_lts_power_energy
Reihe 1,2026-07-03 09:00:00,2026-07-03 07:00:00,11,stunde_rekonstruiert,ha_lts_power_energy
Reihe 2,2026-07-03 09:00:00,2026-07-03 07:00:00,203,stunde_rekonstruiert,ha_lts_power_energy
Reihe 3,2026-07-03 09:00:00,2026-07-03 07:00:00,208,stunde_rekonstruiert,ha_lts_power_energy
Reihe 1,2026-07-03 09:30:00,2026-07-03 07:30:00,11,stunde_rekonstruiert,ha_lts_power_energy
Randreihe,2026-07-03 10:00:00,2026-07-03 08:00:00,206,stunde_rekonstruiert,ha_lts_power_energy
Reihe 1,2026-07-03 10:00:00,2026-07-03 08:00:00,11,stunde_rekonstruiert,ha_lts_power_energy
Reihe 2,2026-07-03 10:00:00,2026-07-03 08:00:00,207,stunde_rekonstruiert,ha_lts_power_energy
Reihe 3,2026-07-03 10:00:00,2026-07-03 08:00:00,300,stunde_rekonstruiert,ha_lts_power_energy
Randreihe,2026-07-03 10:30:00,2026-07-03 08:30:00,206,stunde_rekonstruiert,ha_lts_power_energy
Reihe 1,2026-07-03 10:30:00,2026-07-03 08:30:00,11,stunde_rekonstruiert,ha_lts_power_energy
Reihe 2,2026-07-03 10:30:00,2026-07-03 08:30:00,207,stunde_rekonstruiert,ha_lts_power_energy
Reihe 3,2026-07-03 10:30:00,2026-07-03 08:30:00,300,stunde_rekonstruiert,ha_lts_power_energy
Randreihe,2026-07-03 11:00:00,2026-07-03 09:00:00,205,stunde_rekonstruiert,ha_lts_power_energy
Reihe 1,2026-07-03 11:00:00,2026-07-03 09:00:00,11,stunde_rekonstruiert,ha_lts_power_energy
Reihe 2,2026-07-03 11:00:00,2026-07-03 09:00:00,198,stunde_rekonstruiert,ha_lts_power_energy
Reihe 3,2026-07-03 11:00:00,2026-07-03 09:00:00,313,stunde_rekonstruiert,ha_lts_power_energy
Randreihe,2026-07-03 11:30:00,2026-07-03 09:30:00,205,stunde_rekonstruiert,ha_lts_power_energy
Reihe 1,2026-07-03 11:30:00,2026-07-03 09:30:00,11,stunde_rekonstruiert,ha_lts_power_energy
Reihe 2,2026-07-03 11:30:00,2026-07-03 09:30:00,198,stunde_rekonstruiert,ha_lts_power_energy
Reihe 3,2026-07-03 11:30:00,2026-07-03 09:30:00,313,stunde_rekonstruiert,ha_lts_power_energy
Randreihe,2026-07-03 12:00:00,2026-07-03 10:00:00,167,stunde_rekonstruiert,ha_lts_power_energy
Reihe 1,2026-07-03 12:00:00,2026-07-03 10:00:00,12,stunde_rekonstruiert,ha_lts_power_energy
Reihe 2,2026-07-03 12:00:00,2026-07-03 10:00:00,176,stunde_rekonstruiert,ha_lts_power_energy
Reihe 3,2026-07-03 12:00:00,2026-07-03 10:00:00,309,stunde_rekonstruiert,ha_lts_power_energy
Randreihe,2026-07-03 12:30:00,2026-07-03 10:30:00,167,stunde_rekonstruiert,ha_lts_power_energy
Reihe 1,2026-07-03 12:30:00,2026-07-03 10:30:00,12,stunde_rekonstruiert,ha_lts_power_energy
Reihe 2,2026-07-03 12:30:00,2026-07-03 10:30:00,176,stunde_rekonstruiert,ha_lts_power_energy
Reihe 3,2026-07-03 12:30:00,2026-07-03 10:30:00,309,stunde_rekonstruiert,ha_lts_power_energy
Randreihe,2026-07-03 13:00:00,2026-07-03 11:00:00,201,stunde_rekonstruiert,ha_lts_power_energy
Reihe 1,2026-07-03 13:00:00,2026-07-03 11:00:00,12,stunde_rekonstruiert,ha_lts_power_energy
Reihe 2,2026-07-03 13:00:00,2026-07-03 11:00:00,186,stunde_rekonstruiert,ha_lts_power_energy
Reihe 3,2026-07-03 13:00:00,2026-07-03 11:00:00,417,stunde_rekonstruiert,ha_lts_power_energy
Randreihe,2026-07-03 13:30:00,2026-07-03 11:30:00,201,stunde_rekonstruiert,ha_lts_power_energy
Reihe 1,2026-07-03 13:30:00,2026-07-03 11:30:00,12,stunde_rekonstruiert,ha_lts_power_energy
Reihe 2,2026-07-03 13:30:00,2026-07-03 11:30:00,186,stunde_rekonstruiert,ha_lts_power_energy
Reihe 3,2026-07-03 13:30:00,2026-07-03 11:30:00,417,stunde_rekonstruiert,ha_lts_power_energy
Randreihe,2026-07-03 14:00:00,2026-07-03 12:00:00,176,stunde_rekonstruiert,ha_lts_power_energy
Reihe 1,2026-07-03 14:00:00,2026-07-03 12:00:00,11,stunde_rekonstruiert,ha_lts_power_energy
Reihe 2,2026-07-03 14:00:00,2026-07-03 12:00:00,175,stunde_rekonstruiert,ha_lts_power_energy
Reihe 3,2026-07-03 14:00:00,2026-07-03 12:00:00,312,stunde_rekonstruiert,ha_lts_power_energy
Randreihe,2026-07-03 14:30:00,2026-07-03 12:30:00,176,stunde_rekonstruiert,ha_lts_power_energy
Reihe 1,2026-07-03 14:30:00,2026-07-03 12:30:00,11,stunde_rekonstruiert,ha_lts_power_energy
Reihe 2,2026-07-03 14:30:00,2026-07-03 12:30:00,175,stunde_rekonstruiert,ha_lts_power_energy
Reihe 3,2026-07-03 14:30:00,2026-07-03 12:30:00,312,stunde_rekonstruiert,ha_lts_power_energy
Randreihe,2026-07-03 15:00:00,2026-07-03 13:00:00,192,stunde_rekonstruiert,ha_lts_power_energy
Reihe 1,2026-07-03 15:00:00,2026-07-03 13:00:00,12,stunde_rekonstruiert,ha_lts_power_energy
Reihe 2,2026-07-03 15:00:00,2026-07-03 13:00:00,187,stunde_rekonstruiert,ha_lts_power_energy
Reihe 3,2026-07-03 15:00:00,2026-07-03 13:00:00,413,stunde_rekonstruiert,ha_lts_power_energy
Randreihe,2026-07-03 15:30:00,2026-07-03 13:30:00,192,stunde_rekonstruiert,ha_lts_power_energy
Reihe 1,2026-07-03 15:30:00,2026-07-03 13:30:00,12,stunde_rekonstruiert,ha_lts_power_energy
Reihe 2,2026-07-03 15:30:00,2026-07-03 13:30:00,187,stunde_rekonstruiert,ha_lts_power_energy
Reihe 3,2026-07-03 15:30:00,2026-07-03 13:30:00,413,stunde_rekonstruiert,ha_lts_power_energy
Randreihe,2026-07-03 16:00:00,2026-07-03 14:00:00,189,stunde_rekonstruiert,ha_lts_power_energy
Reihe 1,2026-07-03 16:00:00,2026-07-03 14:00:00,12,stunde_rekonstruiert,ha_lts_power_energy
Reihe 2,2026-07-03 16:00:00,2026-07-03 14:00:00,205,stunde_rekonstruiert,ha_lts_power_energy
Reihe 3,2026-07-03 16:00:00,2026-07-03 14:00:00,310,stunde_rekonstruiert,ha_lts_power_energy
Randreihe,2026-07-03 16:30:00,2026-07-03 14:30:00,189,stunde_rekonstruiert,ha_lts_power_energy
Reihe 1,2026-07-03 16:30:00,2026-07-03 14:30:00,12,stunde_rekonstruiert,ha_lts_power_energy
Reihe 2,2026-07-03 16:30:00,2026-07-03 14:30:00,205,stunde_rekonstruiert,ha_lts_power_energy
Reihe 3,2026-07-03 16:30:00,2026-07-03 14:30:00,310,stunde_rekonstruiert,ha_lts_power_energy
Randreihe,2026-07-03 17:00:00,2026-07-03 15:00:00,202,stunde_rekonstruiert,ha_lts_power_energy
Reihe 1,2026-07-03 17:00:00,2026-07-03 15:00:00,12,stunde_rekonstruiert,ha_lts_power_energy
Reihe 2,2026-07-03 17:00:00,2026-07-03 15:00:00,208,stunde_rekonstruiert,ha_lts_power_energy
Reihe 3,2026-07-03 17:00:00,2026-07-03 15:00:00,208,stunde_rekonstruiert,ha_lts_power_energy
Randreihe,2026-07-03 17:30:00,2026-07-03 15:30:00,202,stunde_rekonstruiert,ha_lts_power_energy
Reihe 1,2026-07-03 17:30:00,2026-07-03 15:30:00,12,stunde_rekonstruiert,ha_lts_power_energy
Reihe 2,2026-07-03 17:30:00,2026-07-03 15:30:00,208,stunde_rekonstruiert,ha_lts_power_energy
Reihe 3,2026-07-03 17:30:00,2026-07-03 15:30:00,208,stunde_rekonstruiert,ha_lts_power_energy
Reihe 1,2026-07-03 18:00:00,2026-07-03 16:00:00,12,stunde_rekonstruiert,ha_lts_power_energy
Reihe 1,2026-07-03 18:30:00,2026-07-03 16:30:00,12,stunde_rekonstruiert,ha_lts_power_energy
Reihe 1,2026-07-03 19:00:00,2026-07-03 17:00:00,11,stunde_rekonstruiert,ha_lts_power_energy
Reihe 1,2026-07-03 19:30:00,2026-07-03 17:30:00,11,stunde_rekonstruiert,ha_lts_power_energy
Reihe 1,2026-07-03 20:00:00,2026-07-03 18:00:00,10,stunde_rekonstruiert,ha_lts_power_energy
Reihe 1,2026-07-03 20:30:00,2026-07-03 18:30:00,10,stunde_rekonstruiert,ha_lts_power_energy
Reihe 1,2026-07-04 06:00:00,2026-07-04 04:00:00,11,stunde_rekonstruiert,ha_lts_power_energy
Reihe 1,2026-07-04 06:30:00,2026-07-04 04:30:00,11,stunde_rekonstruiert,ha_lts_power_energy
Randreihe,2026-07-04 07:00:00,2026-07-04 05:00:00,175,stunde_rekonstruiert,ha_lts_power_energy
Reihe 1,2026-07-04 07:00:00,2026-07-04 05:00:00,11,stunde_rekonstruiert,ha_lts_power_energy
Reihe 2,2026-07-04 07:00:00,2026-07-04 05:00:00,177,stunde_rekonstruiert,ha_lts_power_energy
Reihe 3,2026-07-04 07:00:00,2026-07-04 05:00:00,179,stunde_rekonstruiert,ha_lts_power_energy
Reihe 1,2026-07-04 07:30:00,2026-07-04 05:30:00,11,stunde_rekonstruiert,ha_lts_power_energy
Reihe 1,2026-07-04 08:00:00,2026-07-04 06:00:00,11,stunde_rekonstruiert,ha_lts_power_energy
Reihe 1,2026-07-04 08:30:00,2026-07-04 06:30:00,11,stunde_rekonstruiert,ha_lts_power_energy
Randreihe,2026-07-04 09:00:00,2026-07-04 07:00:00,175,stunde_rekonstruiert,ha_lts_power_energy
Reihe 1,2026-07-04 09:00:00,2026-07-04 07:00:00,11,stunde_rekonstruiert,ha_lts_power_energy
Reihe 2,2026-07-04 09:00:00,2026-07-04 07:00:00,173,stunde_rekonstruiert,ha_lts_power_energy
Reihe 3,2026-07-04 09:00:00,2026-07-04 07:00:00,178,stunde_rekonstruiert,ha_lts_power_energy
Reihe 1,2026-07-04 09:30:00,2026-07-04 07:30:00,11,stunde_rekonstruiert,ha_lts_power_energy
Reihe 1,2026-07-04 10:00:00,2026-07-04 08:00:00,10,stunde_rekonstruiert,ha_lts_power_energy
Reihe 1,2026-07-04 10:30:00,2026-07-04 08:30:00,10,stunde_rekonstruiert,ha_lts_power_energy
Randreihe,2026-07-04 11:00:00,2026-07-04 09:00:00,174,stunde_rekonstruiert,ha_lts_power_energy
Reihe 1,2026-07-04 11:00:00,2026-07-04 09:00:00,12,stunde_rekonstruiert,ha_lts_power_energy
Reihe 2,2026-07-04 11:00:00,2026-07-04 09:00:00,177,stunde_rekonstruiert,ha_lts_power_energy
Reihe 3,2026-07-04 11:00:00,2026-07-04 09:00:00,179,stunde_rekonstruiert,ha_lts_power_energy
Reihe 1,2026-07-04 11:30:00,2026-07-04 09:30:00,12,stunde_rekonstruiert,ha_lts_power_energy
Reihe 1,2026-07-04 12:00:00,2026-07-04 10:00:00,11,stunde_rekonstruiert,ha_lts_power_energy
Reihe 1,2026-07-04 12:30:00,2026-07-04 10:30:00,11,stunde_rekonstruiert,ha_lts_power_energy
Randreihe,2026-07-04 13:00:00,2026-07-04 11:00:00,177,stunde_rekonstruiert,ha_lts_power_energy
Reihe 1,2026-07-04 13:00:00,2026-07-04 11:00:00,11,stunde_rekonstruiert,ha_lts_power_energy
Reihe 2,2026-07-04 13:00:00,2026-07-04 11:00:00,177,stunde_rekonstruiert,ha_lts_power_energy
Reihe 3,2026-07-04 13:00:00,2026-07-04 11:00:00,174,stunde_rekonstruiert,ha_lts_power_energy
Reihe 1,2026-07-04 13:30:00,2026-07-04 11:30:00,11,stunde_rekonstruiert,ha_lts_power_energy
Reihe 1,2026-07-04 14:00:00,2026-07-04 12:00:00,10,stunde_rekonstruiert,ha_lts_power_energy
Reihe 1,2026-07-04 14:30:00,2026-07-04 12:30:00,10,stunde_rekonstruiert,ha_lts_power_energy
Randreihe,2026-07-04 15:00:00,2026-07-04 13:00:00,174,stunde_rekonstruiert,ha_lts_power_energy
Reihe 1,2026-07-04 15:00:00,2026-07-04 13:00:00,10,stunde_rekonstruiert,ha_lts_power_energy
Reihe 2,2026-07-04 15:00:00,2026-07-04 13:00:00,178,stunde_rekonstruiert,ha_lts_power_energy
Reihe 3,2026-07-04 15:00:00,2026-07-04 13:00:00,178,stunde_rekonstruiert,ha_lts_power_energy
Reihe 1,2026-07-04 15:30:00,2026-07-04 13:30:00,10,stunde_rekonstruiert,ha_lts_power_energy
Reihe 1,2026-07-04 16:00:00,2026-07-04 14:00:00,10,stunde_rekonstruiert,ha_lts_power_energy
Reihe 1,2026-07-04 16:30:00,2026-07-04 14:30:00,10,stunde_rekonstruiert,ha_lts_power_energy
Randreihe,2026-07-04 17:00:00,2026-07-04 15:00:00,175,stunde_rekonstruiert,ha_lts_power_energy
Reihe 1,2026-07-04 17:00:00,2026-07-04 15:00:00,11,stunde_rekonstruiert,ha_lts_power_energy
Reihe 2,2026-07-04 17:00:00,2026-07-04 15:00:00,177,stunde_rekonstruiert,ha_lts_power_energy
Reihe 3,2026-07-04 17:00:00,2026-07-04 15:00:00,179,stunde_rekonstruiert,ha_lts_power_energy
Reihe 1,2026-07-04 17:30:00,2026-07-04 15:30:00,11,stunde_rekonstruiert,ha_lts_power_energy
Reihe 1,2026-07-04 18:00:00,2026-07-04 16:00:00,11,stunde_rekonstruiert,ha_lts_power_energy
Reihe 1,2026-07-04 18:30:00,2026-07-04 16:30:00,11,stunde_rekonstruiert,ha_lts_power_energy
Reihe 1,2026-07-04 19:00:00,2026-07-04 17:00:00,11,stunde_rekonstruiert,ha_lts_power_energy
Reihe 1,2026-07-04 19:30:00,2026-07-04 17:30:00,11,stunde_rekonstruiert,ha_lts_power_energy
Reihe 1,2026-07-04 20:00:00,2026-07-04 18:00:00,12,stunde_rekonstruiert,ha_lts_power_energy
Reihe 1,2026-07-04 20:30:00,2026-07-04 18:30:00,12,stunde_rekonstruiert,ha_lts_power_energy
Reihe 1,2026-07-05 06:00:00,2026-07-05 04:00:00,11,stunde_rekonstruiert,ha_lts_power_energy
Reihe 1,2026-07-05 06:30:00,2026-07-05 04:30:00,11,stunde_rekonstruiert,ha_lts_power_energy
Randreihe,2026-07-05 07:00:00,2026-07-05 05:00:00,174,stunde_rekonstruiert,ha_lts_power_energy
Reihe 1,2026-07-05 07:00:00,2026-07-05 05:00:00,10,stunde_rekonstruiert,ha_lts_power_energy
Reihe 2,2026-07-05 07:00:00,2026-07-05 05:00:00,175,stunde_rekonstruiert,ha_lts_power_energy
Reihe 3,2026-07-05 07:00:00,2026-07-05 05:00:00,169,stunde_rekonstruiert,ha_lts_power_energy
Reihe 1,2026-07-05 07:30:00,2026-07-05 05:30:00,10,stunde_rekonstruiert,ha_lts_power_energy
Reihe 1,2026-07-05 08:00:00,2026-07-05 06:00:00,11,stunde_rekonstruiert,ha_lts_power_energy
Reihe 1,2026-07-05 08:30:00,2026-07-05 06:30:00,11,stunde_rekonstruiert,ha_lts_power_energy
Randreihe,2026-07-05 09:00:00,2026-07-05 07:00:00,171,stunde_rekonstruiert,ha_lts_power_energy
Reihe 1,2026-07-05 09:00:00,2026-07-05 07:00:00,11,stunde_rekonstruiert,ha_lts_power_energy
Reihe 2,2026-07-05 09:00:00,2026-07-05 07:00:00,174,stunde_rekonstruiert,ha_lts_power_energy
Reihe 3,2026-07-05 09:00:00,2026-07-05 07:00:00,180,stunde_rekonstruiert,ha_lts_power_energy
Reihe 1,2026-07-05 09:30:00,2026-07-05 07:30:00,11,stunde_rekonstruiert,ha_lts_power_energy
Reihe 1,2026-07-05 10:00:00,2026-07-05 08:00:00,11,stunde_rekonstruiert,ha_lts_power_energy
Reihe 1,2026-07-05 10:30:00,2026-07-05 08:30:00,11,stunde_rekonstruiert,ha_lts_power_energy
Randreihe,2026-07-05 11:00:00,2026-07-05 09:00:00,175,stunde_rekonstruiert,ha_lts_power_energy
Reihe 1,2026-07-05 11:00:00,2026-07-05 09:00:00,11,stunde_rekonstruiert,ha_lts_power_energy
Reihe 2,2026-07-05 11:00:00,2026-07-05 09:00:00,177,stunde_rekonstruiert,ha_lts_power_energy
Reihe 3,2026-07-05 11:00:00,2026-07-05 09:00:00,179,stunde_rekonstruiert,ha_lts_power_energy
Reihe 1,2026-07-05 11:30:00,2026-07-05 09:30:00,11,stunde_rekonstruiert,ha_lts_power_energy
Reihe 1,2026-07-05 12:00:00,2026-07-05 10:00:00,11,stunde_rekonstruiert,ha_lts_power_energy
Reihe 1,2026-07-05 12:30:00,2026-07-05 10:30:00,11,stunde_rekonstruiert,ha_lts_power_energy
Randreihe,2026-07-05 13:00:00,2026-07-05 11:00:00,170,stunde_rekonstruiert,ha_lts_power_energy
Reihe 1,2026-07-05 13:00:00,2026-07-05 11:00:00,11,stunde_rekonstruiert,ha_lts_power_energy
Reihe 2,2026-07-05 13:00:00,2026-07-05 11:00:00,176,stunde_rekonstruiert,ha_lts_power_energy
Reihe 3,2026-07-05 13:00:00,2026-07-05 11:00:00,176,stunde_rekonstruiert,ha_lts_power_energy
Reihe 1,2026-07-05 13:30:00,2026-07-05 11:30:00,11,stunde_rekonstruiert,ha_lts_power_energy
Reihe 1,2026-07-05 14:00:00,2026-07-05 12:00:00,11,stunde_rekonstruiert,ha_lts_power_energy
Reihe 1,2026-07-05 14:30:00,2026-07-05 12:30:00,11,stunde_rekonstruiert,ha_lts_power_energy
Randreihe,2026-07-05 15:00:00,2026-07-05 13:00:00,176,stunde_rekonstruiert,ha_lts_power_energy
Reihe 1,2026-07-05 15:00:00,2026-07-05 13:00:00,10,stunde_rekonstruiert,ha_lts_power_energy
Reihe 2,2026-07-05 15:00:00,2026-07-05 13:00:00,177,stunde_rekonstruiert,ha_lts_power_energy
Reihe 3,2026-07-05 15:00:00,2026-07-05 13:00:00,178,stunde_rekonstruiert,ha_lts_power_energy
Reihe 1,2026-07-05 15:30:00,2026-07-05 13:30:00,10,stunde_rekonstruiert,ha_lts_power_energy
Reihe 1,2026-07-05 16:00:00,2026-07-05 14:00:00,10,stunde_rekonstruiert,ha_lts_power_energy
Reihe 1,2026-07-05 16:30:00,2026-07-05 14:30:00,10,stunde_rekonstruiert,ha_lts_power_energy
Randreihe,2026-07-05 17:00:00,2026-07-05 15:00:00,174,stunde_rekonstruiert,ha_lts_power_energy
Reihe 1,2026-07-05 17:00:00,2026-07-05 15:00:00,11,stunde_rekonstruiert,ha_lts_power_energy
Reihe 2,2026-07-05 17:00:00,2026-07-05 15:00:00,177,stunde_rekonstruiert,ha_lts_power_energy
Reihe 3,2026-07-05 17:00:00,2026-07-05 15:00:00,176,stunde_rekonstruiert,ha_lts_power_energy
Reihe 1,2026-07-05 17:30:00,2026-07-05 15:30:00,11,stunde_rekonstruiert,ha_lts_power_energy
Reihe 1,2026-07-05 18:00:00,2026-07-05 16:00:00,12,stunde_rekonstruiert,ha_lts_power_energy
Reihe 1,2026-07-05 18:30:00,2026-07-05 16:30:00,12,stunde_rekonstruiert,ha_lts_power_energy
Reihe 1,2026-07-05 19:00:00,2026-07-05 17:00:00,12,stunde_rekonstruiert,ha_lts_power_energy
Reihe 1,2026-07-05 19:30:00,2026-07-05 17:30:00,12,stunde_rekonstruiert,ha_lts_power_energy
Reihe 1,2026-07-05 20:00:00,2026-07-05 18:00:00,11,stunde_rekonstruiert,ha_lts_power_energy
Reihe 1,2026-07-05 20:30:00,2026-07-05 18:30:00,11,stunde_rekonstruiert,ha_lts_power_energy
Reihe 1,2026-07-06 06:00:00,2026-07-06 04:00:00,10,stunde_rekonstruiert,ha_lts_power_energy
Reihe 1,2026-07-06 06:30:00,2026-07-06 04:30:00,10,stunde_rekonstruiert,ha_lts_power_energy
Randreihe,2026-07-06 07:00:00,2026-07-06 05:00:00,171,stunde_rekonstruiert,ha_lts_power_energy
Reihe 1,2026-07-06 07:00:00,2026-07-06 05:00:00,10,stunde_rekonstruiert,ha_lts_power_energy
Reihe 2,2026-07-06 07:00:00,2026-07-06 05:00:00,174,stunde_rekonstruiert,ha_lts_power_energy
Reihe 3,2026-07-06 07:00:00,2026-07-06 05:00:00,178,stunde_rekonstruiert,ha_lts_power_energy
Reihe 1,2026-07-06 07:30:00,2026-07-06 05:30:00,10,stunde_rekonstruiert,ha_lts_power_energy
Randreihe,2026-07-06 08:00:00,2026-07-06 06:00:00,174,stunde_rekonstruiert,ha_lts_power_energy
Reihe 1,2026-07-06 08:00:00,2026-07-06 06:00:00,11,stunde_rekonstruiert,ha_lts_power_energy
Reihe 2,2026-07-06 08:00:00,2026-07-06 06:00:00,176,stunde_rekonstruiert,ha_lts_power_energy
Reihe 3,2026-07-06 08:00:00,2026-07-06 06:00:00,179,stunde_rekonstruiert,ha_lts_power_energy
Reihe 1,2026-07-06 08:30:00,2026-07-06 06:30:00,11,stunde_rekonstruiert,ha_lts_power_energy
Reihe 1,2026-07-06 09:00:00,2026-07-06 07:00:00,11,stunde_rekonstruiert,ha_lts_power_energy
Reihe 1,2026-07-06 09:30:00,2026-07-06 07:30:00,11,stunde_rekonstruiert,ha_lts_power_energy
Randreihe,2026-07-06 10:00:00,2026-07-06 08:00:00,168,stunde_rekonstruiert,ha_lts_power_energy
Reihe 1,2026-07-06 10:00:00,2026-07-06 08:00:00,11,stunde_rekonstruiert,ha_lts_power_energy
Reihe 2,2026-07-06 10:00:00,2026-07-06 08:00:00,167,stunde_rekonstruiert,ha_lts_power_energy
Reihe 3,2026-07-06 10:00:00,2026-07-06 08:00:00,176,stunde_rekonstruiert,ha_lts_power_energy
Randreihe,2026-07-06 10:30:00,2026-07-06 08:30:00,168,stunde_rekonstruiert,ha_lts_power_energy
Reihe 1,2026-07-06 10:30:00,2026-07-06 08:30:00,11,stunde_rekonstruiert,ha_lts_power_energy
Reihe 2,2026-07-06 10:30:00,2026-07-06 08:30:00,167,stunde_rekonstruiert,ha_lts_power_energy
Reihe 3,2026-07-06 10:30:00,2026-07-06 08:30:00,176,stunde_rekonstruiert,ha_lts_power_energy
Randreihe,2026-07-06 11:00:00,2026-07-06 09:00:00,176,stunde_rekonstruiert,ha_lts_power_energy
Reihe 1,2026-07-06 11:00:00,2026-07-06 09:00:00,11,stunde_rekonstruiert,ha_lts_power_energy
Reihe 2,2026-07-06 11:00:00,2026-07-06 09:00:00,174,stunde_rekonstruiert,ha_lts_power_energy
Reihe 3,2026-07-06 11:00:00,2026-07-06 09:00:00,114,stunde_rekonstruiert,ha_lts_power_energy
Reihe 1,2026-07-06 11:30:00,2026-07-06 09:30:00,11,stunde_rekonstruiert,ha_lts_power_energy
Reihe 3,2026-07-06 11:30:00,2026-07-06 09:30:00,114,stunde_rekonstruiert,ha_lts_power_energy
Randreihe,2026-07-06 12:00:00,2026-07-06 10:00:00,175,stunde_rekonstruiert,ha_lts_power_energy
Reihe 1,2026-07-06 12:00:00,2026-07-06 10:00:00,11,stunde_rekonstruiert,ha_lts_power_energy
Reihe 2,2026-07-06 12:00:00,2026-07-06 10:00:00,177,stunde_rekonstruiert,ha_lts_power_energy
Reihe 3,2026-07-06 12:00:00,2026-07-06 10:00:00,241,stunde_rekonstruiert,ha_lts_power_energy
Randreihe,2026-07-06 12:30:00,2026-07-06 10:30:00,175,stunde_rekonstruiert,ha_lts_power_energy
Reihe 1,2026-07-06 12:30:00,2026-07-06 10:30:00,11,stunde_rekonstruiert,ha_lts_power_energy
Reihe 2,2026-07-06 12:30:00,2026-07-06 10:30:00,177,stunde_rekonstruiert,ha_lts_power_energy
Reihe 3,2026-07-06 12:30:00,2026-07-06 10:30:00,241,stunde_rekonstruiert,ha_lts_power_energy
Randreihe,2026-07-06 13:00:00,2026-07-06 11:00:00,175,stunde_rekonstruiert,ha_lts_power_energy
Reihe 1,2026-07-06 13:00:00,2026-07-06 11:00:00,11,stunde_rekonstruiert,ha_lts_power_energy
Reihe 2,2026-07-06 13:00:00,2026-07-06 11:00:00,178,stunde_rekonstruiert,ha_lts_power_energy
Reihe 3,2026-07-06 13:00:00,2026-07-06 11:00:00,175,stunde_rekonstruiert,ha_lts_power_energy
Reihe 1,2026-07-06 13:30:00,2026-07-06 11:30:00,11,stunde_rekonstruiert,ha_lts_power_energy
Randreihe,2026-07-06 14:00:00,2026-07-06 12:00:00,175,stunde_rekonstruiert,ha_lts_power_energy
Reihe 1,2026-07-06 14:00:00,2026-07-06 12:00:00,11,stunde_rekonstruiert,ha_lts_power_energy
Reihe 2,2026-07-06 14:00:00,2026-07-06 12:00:00,177,stunde_rekonstruiert,ha_lts_power_energy
Reihe 3,2026-07-06 14:00:00,2026-07-06 12:00:00,179,stunde_rekonstruiert,ha_lts_power_energy
Reihe 1,2026-07-06 14:30:00,2026-07-06 12:30:00,11,stunde_rekonstruiert,ha_lts_power_energy
Reihe 3,2026-07-06 14:30:00,2026-07-06 12:30:00,179,stunde_rekonstruiert,ha_lts_power_energy
Randreihe,2026-07-06 15:00:00,2026-07-06 13:00:00,176,stunde_rekonstruiert,ha_lts_power_energy
Reihe 1,2026-07-06 15:00:00,2026-07-06 13:00:00,11,stunde_rekonstruiert,ha_lts_power_energy
Reihe 2,2026-07-06 15:00:00,2026-07-06 13:00:00,178,stunde_rekonstruiert,ha_lts_power_energy
Reihe 3,2026-07-06 15:00:00,2026-07-06 13:00:00,265,stunde_rekonstruiert,ha_lts_power_energy
Randreihe,2026-07-06 15:30:00,2026-07-06 13:30:00,176,stunde_rekonstruiert,ha_lts_power_energy
Reihe 1,2026-07-06 15:30:00,2026-07-06 13:30:00,11,stunde_rekonstruiert,ha_lts_power_energy
Reihe 2,2026-07-06 15:30:00,2026-07-06 13:30:00,178,stunde_rekonstruiert,ha_lts_power_energy
Reihe 3,2026-07-06 15:30:00,2026-07-06 13:30:00,265,stunde_rekonstruiert,ha_lts_power_energy
Randreihe,2026-07-06 16:00:00,2026-07-06 14:00:00,176,stunde_rekonstruiert,ha_lts_power_energy
Reihe 1,2026-07-06 16:00:00,2026-07-06 14:00:00,11,stunde_rekonstruiert,ha_lts_power_energy
Reihe 2,2026-07-06 16:00:00,2026-07-06 14:00:00,178,stunde_rekonstruiert,ha_lts_power_energy
Reihe 3,2026-07-06 16:00:00,2026-07-06 14:00:00,180,stunde_rekonstruiert,ha_lts_power_energy
Reihe 1,2026-07-06 16:30:00,2026-07-06 14:30:00,11,stunde_rekonstruiert,ha_lts_power_energy
Randreihe,2026-07-06 17:00:00,2026-07-06 15:00:00,175,stunde_rekonstruiert,ha_lts_power_energy
Reihe 1,2026-07-06 17:00:00,2026-07-06 15:00:00,11,stunde_rekonstruiert,ha_lts_power_energy
Reihe 2,2026-07-06 17:00:00,2026-07-06 15:00:00,177,stunde_rekonstruiert,ha_lts_power_energy
Reihe 3,2026-07-06 17:00:00,2026-07-06 15:00:00,179,stunde_rekonstruiert,ha_lts_power_energy
Reihe 1,2026-07-06 17:30:00,2026-07-06 15:30:00,11,stunde_rekonstruiert,ha_lts_power_energy
Reihe 1,2026-07-06 18:00:00,2026-07-06 16:00:00,12,stunde_rekonstruiert,ha_lts_power_energy
Reihe 1,2026-07-06 18:30:00,2026-07-06 16:30:00,12,stunde_rekonstruiert,ha_lts_power_energy
Reihe 1,2026-07-06 19:00:00,2026-07-06 17:00:00,11,stunde_rekonstruiert,ha_lts_power_energy
Reihe 1,2026-07-06 19:30:00,2026-07-06 17:30:00,11,stunde_rekonstruiert,ha_lts_power_energy
Reihe 1,2026-07-06 20:00:00,2026-07-06 18:00:00,11,stunde_rekonstruiert,ha_lts_power_energy
Reihe 1,2026-07-06 20:30:00,2026-07-06 18:30:00,11,stunde_rekonstruiert,ha_lts_power_energy
Reihe 1,2026-07-07 06:00:00,2026-07-07 04:00:00,11,stunde_rekonstruiert,ha_lts_power_energy
Reihe 1,2026-07-07 06:30:00,2026-07-07 04:30:00,11,stunde_rekonstruiert,ha_lts_power_energy
Randreihe,2026-07-07 07:00:00,2026-07-07 05:00:00,175,stunde_rekonstruiert,ha_lts_power_energy
Reihe 1,2026-07-07 07:00:00,2026-07-07 05:00:00,11,stunde_rekonstruiert,ha_lts_power_energy
Reihe 2,2026-07-07 07:00:00,2026-07-07 05:00:00,175,stunde_rekonstruiert,ha_lts_power_energy
Reihe 3,2026-07-07 07:00:00,2026-07-07 05:00:00,179,stunde_rekonstruiert,ha_lts_power_energy
Reihe 1,2026-07-07 07:30:00,2026-07-07 05:30:00,11,stunde_rekonstruiert,ha_lts_power_energy
Randreihe,2026-07-07 08:00:00,2026-07-07 06:00:00,72,stunde_rekonstruiert,ha_lts_power_energy
Reihe 1,2026-07-07 08:00:00,2026-07-07 06:00:00,11,stunde_rekonstruiert,ha_lts_power_energy
Reihe 2,2026-07-07 08:00:00,2026-07-07 06:00:00,72,stunde_rekonstruiert,ha_lts_power_energy
Reihe 3,2026-07-07 08:00:00,2026-07-07 06:00:00,178,stunde_rekonstruiert,ha_lts_power_energy
Reihe 1,2026-07-07 08:30:00,2026-07-07 06:30:00,11,stunde_rekonstruiert,ha_lts_power_energy
Randreihe,2026-07-07 09:00:00,2026-07-07 07:00:00,156,stunde_rekonstruiert,ha_lts_power_energy
Reihe 1,2026-07-07 09:00:00,2026-07-07 07:00:00,11,stunde_rekonstruiert,ha_lts_power_energy
Reihe 2,2026-07-07 09:00:00,2026-07-07 07:00:00,156,stunde_rekonstruiert,ha_lts_power_energy
Reihe 3,2026-07-07 09:00:00,2026-07-07 07:00:00,179,stunde_rekonstruiert,ha_lts_power_energy
Reihe 1,2026-07-07 09:30:00,2026-07-07 07:30:00,11,stunde_rekonstruiert,ha_lts_power_energy
Randreihe,2026-07-07 10:00:00,2026-07-07 08:00:00,176,stunde_rekonstruiert,ha_lts_power_energy
Reihe 1,2026-07-07 10:00:00,2026-07-07 08:00:00,12,stunde_rekonstruiert,ha_lts_power_energy
Reihe 2,2026-07-07 10:00:00,2026-07-07 08:00:00,177,stunde_rekonstruiert,ha_lts_power_energy
Reihe 3,2026-07-07 10:00:00,2026-07-07 08:00:00,178,stunde_rekonstruiert,ha_lts_power_energy
Reihe 1,2026-07-07 10:30:00,2026-07-07 08:30:00,12,stunde_rekonstruiert,ha_lts_power_energy
Randreihe,2026-07-07 11:00:00,2026-07-07 09:00:00,174,stunde_rekonstruiert,ha_lts_power_energy
Reihe 1,2026-07-07 11:00:00,2026-07-07 09:00:00,12,stunde_rekonstruiert,ha_lts_power_energy
Reihe 2,2026-07-07 11:00:00,2026-07-07 09:00:00,176,stunde_rekonstruiert,ha_lts_power_energy
Reihe 3,2026-07-07 11:00:00,2026-07-07 09:00:00,178,stunde_rekonstruiert,ha_lts_power_energy
Randreihe,2026-07-07 11:30:00,2026-07-07 09:30:00,174,stunde_rekonstruiert,ha_lts_power_energy
Reihe 1,2026-07-07 11:30:00,2026-07-07 09:30:00,12,stunde_rekonstruiert,ha_lts_power_energy
Reihe 2,2026-07-07 11:30:00,2026-07-07 09:30:00,176,stunde_rekonstruiert,ha_lts_power_energy
Reihe 3,2026-07-07 11:30:00,2026-07-07 09:30:00,178,stunde_rekonstruiert,ha_lts_power_energy
Randreihe,2026-07-07 12:00:00,2026-07-07 10:00:00,178,stunde_rekonstruiert,ha_lts_power_energy
Reihe 1,2026-07-07 12:00:00,2026-07-07 10:00:00,11,stunde_rekonstruiert,ha_lts_power_energy
Reihe 2,2026-07-07 12:00:00,2026-07-07 10:00:00,178,stunde_rekonstruiert,ha_lts_power_energy
Reihe 3,2026-07-07 12:00:00,2026-07-07 10:00:00,179,stunde_rekonstruiert,ha_lts_power_energy
Reihe 1,2026-07-07 12:30:00,2026-07-07 10:30:00,11,stunde_rekonstruiert,ha_lts_power_energy
Reihe 3,2026-07-07 12:30:00,2026-07-07 10:30:00,179,stunde_rekonstruiert,ha_lts_power_energy
Randreihe,2026-07-07 13:00:00,2026-07-07 11:00:00,175,stunde_rekonstruiert,ha_lts_power_energy
Reihe 1,2026-07-07 13:00:00,2026-07-07 11:00:00,12,stunde_rekonstruiert,ha_lts_power_energy
Reihe 2,2026-07-07 13:00:00,2026-07-07 11:00:00,178,stunde_rekonstruiert,ha_lts_power_energy
Reihe 3,2026-07-07 13:00:00,2026-07-07 11:00:00,232,stunde_rekonstruiert,ha_lts_power_energy
Randreihe,2026-07-07 13:30:00,2026-07-07 11:30:00,175,stunde_rekonstruiert,ha_lts_power_energy
Reihe 1,2026-07-07 13:30:00,2026-07-07 11:30:00,12,stunde_rekonstruiert,ha_lts_power_energy
Reihe 2,2026-07-07 13:30:00,2026-07-07 11:30:00,178,stunde_rekonstruiert,ha_lts_power_energy
Reihe 3,2026-07-07 13:30:00,2026-07-07 11:30:00,232,stunde_rekonstruiert,ha_lts_power_energy
Randreihe,2026-07-07 14:00:00,2026-07-07 12:00:00,171,stunde_rekonstruiert,ha_lts_power_energy
Reihe 1,2026-07-07 14:00:00,2026-07-07 12:00:00,11,stunde_rekonstruiert,ha_lts_power_energy
Reihe 2,2026-07-07 14:00:00,2026-07-07 12:00:00,177,stunde_rekonstruiert,ha_lts_power_energy
Reihe 3,2026-07-07 14:00:00,2026-07-07 12:00:00,209,stunde_rekonstruiert,ha_lts_power_energy
Randreihe,2026-07-07 14:30:00,2026-07-07 12:30:00,171,stunde_rekonstruiert,ha_lts_power_energy
Reihe 1,2026-07-07 14:30:00,2026-07-07 12:30:00,11,stunde_rekonstruiert,ha_lts_power_energy
Reihe 2,2026-07-07 14:30:00,2026-07-07 12:30:00,177,stunde_rekonstruiert,ha_lts_power_energy
Reihe 3,2026-07-07 14:30:00,2026-07-07 12:30:00,209,stunde_rekonstruiert,ha_lts_power_energy
Randreihe,2026-07-07 15:00:00,2026-07-07 13:00:00,176,stunde_rekonstruiert,ha_lts_power_energy
Reihe 1,2026-07-07 15:00:00,2026-07-07 13:00:00,11,stunde_rekonstruiert,ha_lts_power_energy
Reihe 2,2026-07-07 15:00:00,2026-07-07 13:00:00,176,stunde_rekonstruiert,ha_lts_power_energy
Reihe 3,2026-07-07 15:00:00,2026-07-07 13:00:00,172,stunde_rekonstruiert,ha_lts_power_energy
Randreihe,2026-07-07 15:30:00,2026-07-07 13:30:00,176,stunde_rekonstruiert,ha_lts_power_energy
Reihe 1,2026-07-07 15:30:00,2026-07-07 13:30:00,11,stunde_rekonstruiert,ha_lts_power_energy
Reihe 2,2026-07-07 15:30:00,2026-07-07 13:30:00,176,stunde_rekonstruiert,ha_lts_power_energy
Reihe 3,2026-07-07 15:30:00,2026-07-07 13:30:00,172,stunde_rekonstruiert,ha_lts_power_energy
Randreihe,2026-07-07 16:00:00,2026-07-07 14:00:00,176,stunde_rekonstruiert,ha_lts_power_energy
Reihe 1,2026-07-07 16:00:00,2026-07-07 14:00:00,11,stunde_rekonstruiert,ha_lts_power_energy
Reihe 2,2026-07-07 16:00:00,2026-07-07 14:00:00,178,stunde_rekonstruiert,ha_lts_power_energy
Reihe 3,2026-07-07 16:00:00,2026-07-07 14:00:00,178,stunde_rekonstruiert,ha_lts_power_energy
Reihe 1,2026-07-07 16:30:00,2026-07-07 14:30:00,11,stunde_rekonstruiert,ha_lts_power_energy
Reihe 3,2026-07-07 16:30:00,2026-07-07 14:30:00,178,stunde_rekonstruiert,ha_lts_power_energy
Randreihe,2026-07-07 17:00:00,2026-07-07 15:00:00,171,stunde_rekonstruiert,ha_lts_power_energy
Reihe 1,2026-07-07 17:00:00,2026-07-07 15:00:00,11,stunde_rekonstruiert,ha_lts_power_energy
Reihe 2,2026-07-07 17:00:00,2026-07-07 15:00:00,178,stunde_rekonstruiert,ha_lts_power_energy
Reihe 3,2026-07-07 17:00:00,2026-07-07 15:00:00,177,stunde_rekonstruiert,ha_lts_power_energy
Reihe 1,2026-07-07 17:30:00,2026-07-07 15:30:00,11,stunde_rekonstruiert,ha_lts_power_energy
Reihe 1,2026-07-07 18:00:00,2026-07-07 16:00:00,11,stunde_rekonstruiert,ha_lts_power_energy
Reihe 1,2026-07-07 18:30:00,2026-07-07 16:30:00,11,stunde_rekonstruiert,ha_lts_power_energy
Reihe 1,2026-07-07 19:00:00,2026-07-07 17:00:00,11,stunde_rekonstruiert,ha_lts_power_energy
Reihe 1,2026-07-07 19:30:00,2026-07-07 17:30:00,11,stunde_rekonstruiert,ha_lts_power_energy
Reihe 1,2026-07-07 20:00:00,2026-07-07 18:00:00,11,stunde_rekonstruiert,ha_lts_power_energy
Reihe 1,2026-07-07 20:30:00,2026-07-07 18:30:00,11,stunde_rekonstruiert,ha_lts_power_energy
Reihe 1,2026-07-08 06:00:00,2026-07-08 04:00:00,11,stunde_rekonstruiert,ha_lts_power_energy
Reihe 1,2026-07-08 06:30:00,2026-07-08 04:30:00,11,stunde_rekonstruiert,ha_lts_power_energy
Randreihe,2026-07-08 07:00:00,2026-07-08 05:00:00,174,stunde_rekonstruiert,ha_lts_power_energy
Reihe 1,2026-07-08 07:00:00,2026-07-08 05:00:00,11,stunde_rekonstruiert,ha_lts_power_energy
Reihe 2,2026-07-08 07:00:00,2026-07-08 05:00:00,177,stunde_rekonstruiert,ha_lts_power_energy
Reihe 3,2026-07-08 07:00:00,2026-07-08 05:00:00,179,stunde_rekonstruiert,ha_lts_power_energy
Reihe 1,2026-07-08 07:30:00,2026-07-08 05:30:00,11,stunde_rekonstruiert,ha_lts_power_energy
Reihe 1,2026-07-08 08:00:00,2026-07-08 06:00:00,11,stunde_rekonstruiert,ha_lts_power_energy
Reihe 1,2026-07-08 08:30:00,2026-07-08 06:30:00,11,stunde_rekonstruiert,ha_lts_power_energy
Randreihe,2026-07-08 09:00:00,2026-07-08 07:00:00,175,stunde_rekonstruiert,ha_lts_power_energy
Reihe 1,2026-07-08 09:00:00,2026-07-08 07:00:00,12,stunde_rekonstruiert,ha_lts_power_energy
Reihe 2,2026-07-08 09:00:00,2026-07-08 07:00:00,174,stunde_rekonstruiert,ha_lts_power_energy
Reihe 3,2026-07-08 09:00:00,2026-07-08 07:00:00,175,stunde_rekonstruiert,ha_lts_power_energy
Reihe 1,2026-07-08 09:30:00,2026-07-08 07:30:00,12,stunde_rekonstruiert,ha_lts_power_energy
Randreihe,2026-07-08 10:00:00,2026-07-08 08:00:00,173,stunde_rekonstruiert,ha_lts_power_energy
Reihe 1,2026-07-08 10:00:00,2026-07-08 08:00:00,11,stunde_rekonstruiert,ha_lts_power_energy
Reihe 2,2026-07-08 10:00:00,2026-07-08 08:00:00,177,stunde_rekonstruiert,ha_lts_power_energy
Reihe 3,2026-07-08 10:00:00,2026-07-08 08:00:00,179,stunde_rekonstruiert,ha_lts_power_energy
Reihe 1,2026-07-08 10:30:00,2026-07-08 08:30:00,11,stunde_rekonstruiert,ha_lts_power_energy
Reihe 1,2026-07-08 11:00:00,2026-07-08 09:00:00,11,stunde_rekonstruiert,ha_lts_power_energy
Reihe 3,2026-07-08 11:00:00,2026-07-08 09:00:00,179,stunde_rekonstruiert,ha_lts_power_energy
Reihe 1,2026-07-08 11:30:00,2026-07-08 09:30:00,11,stunde_rekonstruiert,ha_lts_power_energy
Randreihe,2026-07-08 12:00:00,2026-07-08 10:00:00,174,stunde_rekonstruiert,ha_lts_power_energy
Reihe 1,2026-07-08 12:00:00,2026-07-08 10:00:00,11,stunde_rekonstruiert,ha_lts_power_energy
Reihe 2,2026-07-08 12:00:00,2026-07-08 10:00:00,178,stunde_rekonstruiert,ha_lts_power_energy
Reihe 1,2026-07-08 12:30:00,2026-07-08 10:30:00,11,stunde_rekonstruiert,ha_lts_power_energy
Reihe 1,2026-07-08 13:00:00,2026-07-08 11:00:00,11,stunde_rekonstruiert,ha_lts_power_energy
Reihe 3,2026-07-08 13:00:00,2026-07-08 11:00:00,179,stunde_rekonstruiert,ha_lts_power_energy
Reihe 1,2026-07-08 13:30:00,2026-07-08 11:30:00,11,stunde_rekonstruiert,ha_lts_power_energy
Randreihe,2026-07-08 14:00:00,2026-07-08 12:00:00,177,stunde_rekonstruiert,ha_lts_power_energy
Reihe 1,2026-07-08 14:00:00,2026-07-08 12:00:00,11,stunde_rekonstruiert,ha_lts_power_energy
Reihe 2,2026-07-08 14:00:00,2026-07-08 12:00:00,175,stunde_rekonstruiert,ha_lts_power_energy
Reihe 3,2026-07-08 14:00:00,2026-07-08 12:00:00,180,stunde_rekonstruiert,ha_lts_power_energy
Reihe 1,2026-07-08 14:30:00,2026-07-08 12:30:00,11,stunde_rekonstruiert,ha_lts_power_energy
Reihe 1,2026-07-08 15:00:00,2026-07-08 13:00:00,10,stunde_rekonstruiert,ha_lts_power_energy
Reihe 1,2026-07-08 15:30:00,2026-07-08 13:30:00,10,stunde_rekonstruiert,ha_lts_power_energy
Randreihe,2026-07-08 16:00:00,2026-07-08 14:00:00,176,stunde_rekonstruiert,ha_lts_power_energy
Reihe 1,2026-07-08 16:00:00,2026-07-08 14:00:00,10,stunde_rekonstruiert,ha_lts_power_energy
Reihe 2,2026-07-08 16:00:00,2026-07-08 14:00:00,176,stunde_rekonstruiert,ha_lts_power_energy
Reihe 3,2026-07-08 16:00:00,2026-07-08 14:00:00,176,stunde_rekonstruiert,ha_lts_power_energy
Reihe 1,2026-07-08 16:30:00,2026-07-08 14:30:00,10,stunde_rekonstruiert,ha_lts_power_energy
Randreihe,2026-07-08 17:00:00,2026-07-08 15:00:00,175,stunde_rekonstruiert,ha_lts_power_energy
Reihe 1,2026-07-08 17:00:00,2026-07-08 15:00:00,10,stunde_rekonstruiert,ha_lts_power_energy
Reihe 2,2026-07-08 17:00:00,2026-07-08 15:00:00,173,stunde_rekonstruiert,ha_lts_power_energy
Reihe 3,2026-07-08 17:00:00,2026-07-08 15:00:00,180,stunde_rekonstruiert,ha_lts_power_energy
Reihe 1,2026-07-08 17:30:00,2026-07-08 15:30:00,10,stunde_rekonstruiert,ha_lts_power_energy
Reihe 1,2026-07-08 18:00:00,2026-07-08 16:00:00,12,stunde_rekonstruiert,ha_lts_power_energy
Reihe 1,2026-07-08 18:30:00,2026-07-08 16:30:00,12,stunde_rekonstruiert,ha_lts_power_energy
Reihe 1,2026-07-08 19:00:00,2026-07-08 17:00:00,11,stunde_rekonstruiert,ha_lts_power_energy
Reihe 1,2026-07-08 19:30:00,2026-07-08 17:30:00,11,stunde_rekonstruiert,ha_lts_power_energy
Reihe 1,2026-07-08 20:00:00,2026-07-08 18:00:00,10,stunde_rekonstruiert,ha_lts_power_energy
Reihe 1,2026-07-08 20:30:00,2026-07-08 18:30:00,10,stunde_rekonstruiert,ha_lts_power_energy
Reihe 1,2026-07-09 06:00:00,2026-07-09 04:00:00,12,stunde_rekonstruiert,ha_lts_power_energy
Reihe 1,2026-07-09 06:30:00,2026-07-09 04:30:00,12,stunde_rekonstruiert,ha_lts_power_energy
Randreihe,2026-07-09 07:00:00,2026-07-09 05:00:00,174,stunde_rekonstruiert,ha_lts_power_energy
Reihe 1,2026-07-09 07:00:00,2026-07-09 05:00:00,11,stunde_rekonstruiert,ha_lts_power_energy
Reihe 2,2026-07-09 07:00:00,2026-07-09 05:00:00,173,stunde_rekonstruiert,ha_lts_power_energy
Reihe 3,2026-07-09 07:00:00,2026-07-09 05:00:00,178,stunde_rekonstruiert,ha_lts_power_energy
Reihe 1,2026-07-09 07:30:00,2026-07-09 05:30:00,11,stunde_rekonstruiert,ha_lts_power_energy
Reihe 1,2026-07-09 08:00:00,2026-07-09 06:00:00,12,stunde_rekonstruiert,ha_lts_power_energy
Reihe 1,2026-07-09 08:30:00,2026-07-09 06:30:00,12,stunde_rekonstruiert,ha_lts_power_energy
Randreihe,2026-07-09 09:00:00,2026-07-09 07:00:00,171,stunde_rekonstruiert,ha_lts_power_energy
Reihe 1,2026-07-09 09:00:00,2026-07-09 07:00:00,11,stunde_rekonstruiert,ha_lts_power_energy
Reihe 2,2026-07-09 09:00:00,2026-07-09 07:00:00,175,stunde_rekonstruiert,ha_lts_power_energy
Reihe 3,2026-07-09 09:00:00,2026-07-09 07:00:00,155,stunde_rekonstruiert,ha_lts_power_energy
Reihe 1,2026-07-09 09:30:00,2026-07-09 07:30:00,11,stunde_rekonstruiert,ha_lts_power_energy
Reihe 3,2026-07-09 09:30:00,2026-07-09 07:30:00,155,stunde_rekonstruiert,ha_lts_power_energy
Randreihe,2026-07-09 10:00:00,2026-07-09 08:00:00,175,stunde_rekonstruiert,ha_lts_power_energy
Reihe 1,2026-07-09 10:00:00,2026-07-09 08:00:00,12,stunde_rekonstruiert,ha_lts_power_energy
Reihe 2,2026-07-09 10:00:00,2026-07-09 08:00:00,177,stunde_rekonstruiert,ha_lts_power_energy
Reihe 3,2026-07-09 10:00:00,2026-07-09 08:00:00,109,stunde_rekonstruiert,ha_lts_power_energy
Reihe 1,2026-07-09 10:30:00,2026-07-09 08:30:00,12,stunde_rekonstruiert,ha_lts_power_energy
Reihe 3,2026-07-09 10:30:00,2026-07-09 08:30:00,109,stunde_rekonstruiert,ha_lts_power_energy
Randreihe,2026-07-09 11:00:00,2026-07-09 09:00:00,169,stunde_rekonstruiert,ha_lts_power_energy
Reihe 1,2026-07-09 11:00:00,2026-07-09 09:00:00,11,stunde_rekonstruiert,ha_lts_power_energy
Reihe 2,2026-07-09 11:00:00,2026-07-09 09:00:00,176,stunde_rekonstruiert,ha_lts_power_energy
Reihe 3,2026-07-09 11:00:00,2026-07-09 09:00:00,179,stunde_rekonstruiert,ha_lts_power_energy
Randreihe,2026-07-09 11:30:00,2026-07-09 09:30:00,169,stunde_rekonstruiert,ha_lts_power_energy
Reihe 1,2026-07-09 11:30:00,2026-07-09 09:30:00,11,stunde_rekonstruiert,ha_lts_power_energy
Reihe 2,2026-07-09 11:30:00,2026-07-09 09:30:00,176,stunde_rekonstruiert,ha_lts_power_energy
Reihe 3,2026-07-09 11:30:00,2026-07-09 09:30:00,179,stunde_rekonstruiert,ha_lts_power_energy
Randreihe,2026-07-09 12:00:00,2026-07-09 10:00:00,172,stunde_rekonstruiert,ha_lts_power_energy
Reihe 1,2026-07-09 12:00:00,2026-07-09 10:00:00,11,stunde_rekonstruiert,ha_lts_power_energy
Reihe 2,2026-07-09 12:00:00,2026-07-09 10:00:00,171,stunde_rekonstruiert,ha_lts_power_energy
Reihe 3,2026-07-09 12:00:00,2026-07-09 10:00:00,200,stunde_rekonstruiert,ha_lts_power_energy
Randreihe,2026-07-09 12:30:00,2026-07-09 10:30:00,172,stunde_rekonstruiert,ha_lts_power_energy
Reihe 1,2026-07-09 12:30:00,2026-07-09 10:30:00,11,stunde_rekonstruiert,ha_lts_power_energy
Reihe 2,2026-07-09 12:30:00,2026-07-09 10:30:00,171,stunde_rekonstruiert,ha_lts_power_energy
Reihe 3,2026-07-09 12:30:00,2026-07-09 10:30:00,200,stunde_rekonstruiert,ha_lts_power_energy
Randreihe,2026-07-09 13:00:00,2026-07-09 11:00:00,176,stunde_rekonstruiert,ha_lts_power_energy
Reihe 1,2026-07-09 13:00:00,2026-07-09 11:00:00,12,stunde_rekonstruiert,ha_lts_power_energy
Reihe 2,2026-07-09 13:00:00,2026-07-09 11:00:00,175,stunde_rekonstruiert,ha_lts_power_energy
Reihe 3,2026-07-09 13:00:00,2026-07-09 11:00:00,272,stunde_rekonstruiert,ha_lts_power_energy
Randreihe,2026-07-09 13:30:00,2026-07-09 11:30:00,176,stunde_rekonstruiert,ha_lts_power_energy
Reihe 1,2026-07-09 13:30:00,2026-07-09 11:30:00,12,stunde_rekonstruiert,ha_lts_power_energy
Reihe 2,2026-07-09 13:30:00,2026-07-09 11:30:00,175,stunde_rekonstruiert,ha_lts_power_energy
Reihe 3,2026-07-09 13:30:00,2026-07-09 11:30:00,272,stunde_rekonstruiert,ha_lts_power_energy
Randreihe,2026-07-09 14:00:00,2026-07-09 12:00:00,172,stunde_rekonstruiert,ha_lts_power_energy
Reihe 1,2026-07-09 14:00:00,2026-07-09 12:00:00,12,stunde_rekonstruiert,ha_lts_power_energy
Reihe 2,2026-07-09 14:00:00,2026-07-09 12:00:00,173,stunde_rekonstruiert,ha_lts_power_energy
Reihe 3,2026-07-09 14:00:00,2026-07-09 12:00:00,317,stunde_rekonstruiert,ha_lts_power_energy
Randreihe,2026-07-09 14:30:00,2026-07-09 12:30:00,172,stunde_rekonstruiert,ha_lts_power_energy
Reihe 1,2026-07-09 14:30:00,2026-07-09 12:30:00,12,stunde_rekonstruiert,ha_lts_power_energy
Reihe 2,2026-07-09 14:30:00,2026-07-09 12:30:00,173,stunde_rekonstruiert,ha_lts_power_energy
Reihe 3,2026-07-09 14:30:00,2026-07-09 12:30:00,317,stunde_rekonstruiert,ha_lts_power_energy
Randreihe,2026-07-09 15:00:00,2026-07-09 13:00:00,176,stunde_rekonstruiert,ha_lts_power_energy
Reihe 1,2026-07-09 15:00:00,2026-07-09 13:00:00,12,stunde_rekonstruiert,ha_lts_power_energy
Reihe 2,2026-07-09 15:00:00,2026-07-09 13:00:00,177,stunde_rekonstruiert,ha_lts_power_energy
Reihe 3,2026-07-09 15:00:00,2026-07-09 13:00:00,358,stunde_rekonstruiert,ha_lts_power_energy
Randreihe,2026-07-09 15:30:00,2026-07-09 13:30:00,176,stunde_rekonstruiert,ha_lts_power_energy
Reihe 1,2026-07-09 15:30:00,2026-07-09 13:30:00,12,stunde_rekonstruiert,ha_lts_power_energy
Reihe 2,2026-07-09 15:30:00,2026-07-09 13:30:00,177,stunde_rekonstruiert,ha_lts_power_energy
Reihe 3,2026-07-09 15:30:00,2026-07-09 13:30:00,358,stunde_rekonstruiert,ha_lts_power_energy
Randreihe,2026-07-09 16:00:00,2026-07-09 14:00:00,177,stunde_rekonstruiert,ha_lts_power_energy
Reihe 1,2026-07-09 16:00:00,2026-07-09 14:00:00,11,stunde_rekonstruiert,ha_lts_power_energy
Reihe 2,2026-07-09 16:00:00,2026-07-09 14:00:00,176,stunde_rekonstruiert,ha_lts_power_energy
Reihe 3,2026-07-09 16:00:00,2026-07-09 14:00:00,265,stunde_rekonstruiert,ha_lts_power_energy
Randreihe,2026-07-09 16:30:00,2026-07-09 14:30:00,177,stunde_rekonstruiert,ha_lts_power_energy
Reihe 1,2026-07-09 16:30:00,2026-07-09 14:30:00,11,stunde_rekonstruiert,ha_lts_power_energy
Reihe 2,2026-07-09 16:30:00,2026-07-09 14:30:00,176,stunde_rekonstruiert,ha_lts_power_energy
Reihe 3,2026-07-09 16:30:00,2026-07-09 14:30:00,265,stunde_rekonstruiert,ha_lts_power_energy
Randreihe,2026-07-09 17:00:00,2026-07-09 15:00:00,173,stunde_rekonstruiert,ha_lts_power_energy
Reihe 1,2026-07-09 17:00:00,2026-07-09 15:00:00,11,stunde_rekonstruiert,ha_lts_power_energy
Reihe 2,2026-07-09 17:00:00,2026-07-09 15:00:00,170,stunde_rekonstruiert,ha_lts_power_energy
Reihe 3,2026-07-09 17:00:00,2026-07-09 15:00:00,262,stunde_rekonstruiert,ha_lts_power_energy
Randreihe,2026-07-09 17:30:00,2026-07-09 15:30:00,173,stunde_rekonstruiert,ha_lts_power_energy
Reihe 1,2026-07-09 17:30:00,2026-07-09 15:30:00,11,stunde_rekonstruiert,ha_lts_power_energy
Reihe 2,2026-07-09 17:30:00,2026-07-09 15:30:00,170,stunde_rekonstruiert,ha_lts_power_energy
Reihe 3,2026-07-09 17:30:00,2026-07-09 15:30:00,262,stunde_rekonstruiert,ha_lts_power_energy
Reihe 1,2026-07-09 18:00:00,2026-07-09 16:00:00,10,stunde_rekonstruiert,ha_lts_power_energy
Reihe 1,2026-07-09 18:30:00,2026-07-09 16:30:00,10,stunde_rekonstruiert,ha_lts_power_energy
Reihe 1,2026-07-09 19:00:00,2026-07-09 17:00:00,11,stunde_rekonstruiert,ha_lts_power_energy
Reihe 1,2026-07-09 19:30:00,2026-07-09 17:30:00,11,stunde_rekonstruiert,ha_lts_power_energy
Reihe 1,2026-07-09 20:00:00,2026-07-09 18:00:00,11,stunde_rekonstruiert,ha_lts_power_energy
Reihe 1,2026-07-09 20:30:00,2026-07-09 18:30:00,11,stunde_rekonstruiert,ha_lts_power_energy
Reihe 1,2026-07-10 06:00:00,2026-07-10 04:00:00,12,stunde_rekonstruiert,ha_lts_power_energy
Reihe 1,2026-07-10 06:30:00,2026-07-10 04:30:00,12,stunde_rekonstruiert,ha_lts_power_energy
Randreihe,2026-07-10 07:00:00,2026-07-10 05:00:00,174,stunde_rekonstruiert,ha_lts_power_energy
Reihe 1,2026-07-10 07:00:00,2026-07-10 05:00:00,12,stunde_rekonstruiert,ha_lts_power_energy
Reihe 2,2026-07-10 07:00:00,2026-07-10 05:00:00,174,stunde_rekonstruiert,ha_lts_power_energy
Reihe 3,2026-07-10 07:00:00,2026-07-10 05:00:00,178,stunde_rekonstruiert,ha_lts_power_energy
Reihe 1,2026-07-10 07:30:00,2026-07-10 05:30:00,12,stunde_rekonstruiert,ha_lts_power_energy
Reihe 1,2026-07-10 08:00:00,2026-07-10 06:00:00,11,stunde_rekonstruiert,ha_lts_power_energy
Reihe 1,2026-07-10 08:30:00,2026-07-10 06:30:00,11,stunde_rekonstruiert,ha_lts_power_energy
Randreihe,2026-07-10 09:00:00,2026-07-10 07:00:00,173,stunde_rekonstruiert,ha_lts_power_energy
Reihe 1,2026-07-10 09:00:00,2026-07-10 07:00:00,12,stunde_rekonstruiert,ha_lts_power_energy
Reihe 2,2026-07-10 09:00:00,2026-07-10 07:00:00,172,stunde_rekonstruiert,ha_lts_power_energy
Reihe 3,2026-07-10 09:00:00,2026-07-10 07:00:00,179,stunde_rekonstruiert,ha_lts_power_energy
Reihe 1,2026-07-10 09:30:00,2026-07-10 07:30:00,12,stunde_rekonstruiert,ha_lts_power_energy
Reihe 1,2026-07-10 10:00:00,2026-07-10 08:00:00,12,stunde_rekonstruiert,ha_lts_power_energy
Reihe 3,2026-07-10 10:00:00,2026-07-10 08:00:00,179,stunde_rekonstruiert,ha_lts_power_energy
Reihe 1,2026-07-10 10:30:00,2026-07-10 08:30:00,12,stunde_rekonstruiert,ha_lts_power_energy
Randreihe,2026-07-10 11:00:00,2026-07-10 09:00:00,175,stunde_rekonstruiert,ha_lts_power_energy
Reihe 1,2026-07-10 11:00:00,2026-07-10 09:00:00,12,stunde_rekonstruiert,ha_lts_power_energy
Reihe 2,2026-07-10 11:00:00,2026-07-10 09:00:00,175,stunde_rekonstruiert,ha_lts_power_energy
Reihe 3,2026-07-10 11:00:00,2026-07-10 09:00:00,176,stunde_rekonstruiert,ha_lts_power_energy
Randreihe,2026-07-10 11:30:00,2026-07-10 09:30:00,175,stunde_rekonstruiert,ha_lts_power_energy
Reihe 1,2026-07-10 11:30:00,2026-07-10 09:30:00,12,stunde_rekonstruiert,ha_lts_power_energy
Reihe 2,2026-07-10 11:30:00,2026-07-10 09:30:00,175,stunde_rekonstruiert,ha_lts_power_energy
Reihe 3,2026-07-10 11:30:00,2026-07-10 09:30:00,176,stunde_rekonstruiert,ha_lts_power_energy
Randreihe,2026-07-10 12:00:00,2026-07-10 10:00:00,175,stunde_rekonstruiert,ha_lts_power_energy
Reihe 1,2026-07-10 12:00:00,2026-07-10 10:00:00,11,stunde_rekonstruiert,ha_lts_power_energy
Reihe 2,2026-07-10 12:00:00,2026-07-10 10:00:00,173,stunde_rekonstruiert,ha_lts_power_energy
Reihe 3,2026-07-10 12:00:00,2026-07-10 10:00:00,268,stunde_rekonstruiert,ha_lts_power_energy
Randreihe,2026-07-10 12:30:00,2026-07-10 10:30:00,175,stunde_rekonstruiert,ha_lts_power_energy
Reihe 1,2026-07-10 12:30:00,2026-07-10 10:30:00,11,stunde_rekonstruiert,ha_lts_power_energy
Reihe 2,2026-07-10 12:30:00,2026-07-10 10:30:00,173,stunde_rekonstruiert,ha_lts_power_energy
Reihe 3,2026-07-10 12:30:00,2026-07-10 10:30:00,268,stunde_rekonstruiert,ha_lts_power_energy
Randreihe,2026-07-10 13:00:00,2026-07-10 11:00:00,173,stunde_rekonstruiert,ha_lts_power_energy
Reihe 1,2026-07-10 13:00:00,2026-07-10 11:00:00,11,stunde_rekonstruiert,ha_lts_power_energy
Reihe 2,2026-07-10 13:00:00,2026-07-10 11:00:00,177,stunde_rekonstruiert,ha_lts_power_energy
Reihe 3,2026-07-10 13:00:00,2026-07-10 11:00:00,307,stunde_rekonstruiert,ha_lts_power_energy
Randreihe,2026-07-10 13:30:00,2026-07-10 11:30:00,173,stunde_rekonstruiert,ha_lts_power_energy
Reihe 1,2026-07-10 13:30:00,2026-07-10 11:30:00,11,stunde_rekonstruiert,ha_lts_power_energy
Reihe 2,2026-07-10 13:30:00,2026-07-10 11:30:00,177,stunde_rekonstruiert,ha_lts_power_energy
Reihe 3,2026-07-10 13:30:00,2026-07-10 11:30:00,307,stunde_rekonstruiert,ha_lts_power_energy
Randreihe,2026-07-10 14:00:00,2026-07-10 12:00:00,176,stunde_rekonstruiert,ha_lts_power_energy
Reihe 1,2026-07-10 14:00:00,2026-07-10 12:00:00,11,stunde_rekonstruiert,ha_lts_power_energy
Reihe 2,2026-07-10 14:00:00,2026-07-10 12:00:00,177,stunde_rekonstruiert,ha_lts_power_energy
Reihe 3,2026-07-10 14:00:00,2026-07-10 12:00:00,315,stunde_rekonstruiert,ha_lts_power_energy
Randreihe,2026-07-10 14:30:00,2026-07-10 12:30:00,176,stunde_rekonstruiert,ha_lts_power_energy
Reihe 1,2026-07-10 14:30:00,2026-07-10 12:30:00,11,stunde_rekonstruiert,ha_lts_power_energy
Reihe 2,2026-07-10 14:30:00,2026-07-10 12:30:00,177,stunde_rekonstruiert,ha_lts_power_energy
Reihe 3,2026-07-10 14:30:00,2026-07-10 12:30:00,315,stunde_rekonstruiert,ha_lts_power_energy
Randreihe,2026-07-10 15:00:00,2026-07-10 13:00:00,176,stunde_rekonstruiert,ha_lts_power_energy
Reihe 1,2026-07-10 15:00:00,2026-07-10 13:00:00,11,stunde_rekonstruiert,ha_lts_power_energy
Reihe 2,2026-07-10 15:00:00,2026-07-10 13:00:00,177,stunde_rekonstruiert,ha_lts_power_energy
Reihe 3,2026-07-10 15:00:00,2026-07-10 13:00:00,269,stunde_rekonstruiert,ha_lts_power_energy
Randreihe,2026-07-10 15:30:00,2026-07-10 13:30:00,176,stunde_rekonstruiert,ha_lts_power_energy
Reihe 1,2026-07-10 15:30:00,2026-07-10 13:30:00,11,stunde_rekonstruiert,ha_lts_power_energy
Reihe 2,2026-07-10 15:30:00,2026-07-10 13:30:00,177,stunde_rekonstruiert,ha_lts_power_energy
Reihe 3,2026-07-10 15:30:00,2026-07-10 13:30:00,269,stunde_rekonstruiert,ha_lts_power_energy
Randreihe,2026-07-10 16:00:00,2026-07-10 14:00:00,174,stunde_rekonstruiert,ha_lts_power_energy
Reihe 1,2026-07-10 16:00:00,2026-07-10 14:00:00,10,stunde_rekonstruiert,ha_lts_power_energy
Reihe 2,2026-07-10 16:00:00,2026-07-10 14:00:00,172,stunde_rekonstruiert,ha_lts_power_energy
Reihe 3,2026-07-10 16:00:00,2026-07-10 14:00:00,269,stunde_rekonstruiert,ha_lts_power_energy
Randreihe,2026-07-10 16:30:00,2026-07-10 14:30:00,174,stunde_rekonstruiert,ha_lts_power_energy
Reihe 1,2026-07-10 16:30:00,2026-07-10 14:30:00,10,stunde_rekonstruiert,ha_lts_power_energy
Reihe 2,2026-07-10 16:30:00,2026-07-10 14:30:00,172,stunde_rekonstruiert,ha_lts_power_energy
Reihe 3,2026-07-10 16:30:00,2026-07-10 14:30:00,269,stunde_rekonstruiert,ha_lts_power_energy
Randreihe,2026-07-10 17:00:00,2026-07-10 15:00:00,172,stunde_rekonstruiert,ha_lts_power_energy
Reihe 1,2026-07-10 17:00:00,2026-07-10 15:00:00,11,stunde_rekonstruiert,ha_lts_power_energy
Reihe 2,2026-07-10 17:00:00,2026-07-10 15:00:00,175,stunde_rekonstruiert,ha_lts_power_energy
Reihe 3,2026-07-10 17:00:00,2026-07-10 15:00:00,267,stunde_rekonstruiert,ha_lts_power_energy
Randreihe,2026-07-10 17:30:00,2026-07-10 15:30:00,172,stunde_rekonstruiert,ha_lts_power_energy
Reihe 1,2026-07-10 17:30:00,2026-07-10 15:30:00,11,stunde_rekonstruiert,ha_lts_power_energy
Reihe 2,2026-07-10 17:30:00,2026-07-10 15:30:00,175,stunde_rekonstruiert,ha_lts_power_energy
Reihe 3,2026-07-10 17:30:00,2026-07-10 15:30:00,267,stunde_rekonstruiert,ha_lts_power_energy
Reihe 1,2026-07-10 18:00:00,2026-07-10 16:00:00,11,stunde_rekonstruiert,ha_lts_power_energy
Reihe 1,2026-07-10 18:30:00,2026-07-10 16:30:00,11,stunde_rekonstruiert,ha_lts_power_energy
Reihe 1,2026-07-10 19:00:00,2026-07-10 17:00:00,12,stunde_rekonstruiert,ha_lts_power_energy
Reihe 1,2026-07-10 19:30:00,2026-07-10 17:30:00,12,stunde_rekonstruiert,ha_lts_power_energy
Reihe 1,2026-07-10 20:00:00,2026-07-10 18:00:00,12,stunde_rekonstruiert,ha_lts_power_energy
Reihe 1,2026-07-10 20:30:00,2026-07-10 18:30:00,12,stunde_rekonstruiert,ha_lts_power_energy
Reihe 1,2026-07-11 06:00:00,2026-07-11 04:00:00,10,stunde_rekonstruiert,ha_lts_power_energy
Reihe 1,2026-07-11 06:30:00,2026-07-11 04:30:00,10,stunde_rekonstruiert,ha_lts_power_energy
Randreihe,2026-07-11 07:00:00,2026-07-11 05:00:00,174,stunde_rekonstruiert,ha_lts_power_energy
Reihe 1,2026-07-11 07:00:00,2026-07-11 05:00:00,10,stunde_rekonstruiert,ha_lts_power_energy
Reihe 2,2026-07-11 07:00:00,2026-07-11 05:00:00,175,stunde_rekonstruiert,ha_lts_power_energy
Reihe 3,2026-07-11 07:00:00,2026-07-11 05:00:00,258,stunde_rekonstruiert,ha_lts_power_energy
Randreihe,2026-07-11 07:30:00,2026-07-11 05:30:00,174,stunde_rekonstruiert,ha_lts_power_energy
Reihe 1,2026-07-11 07:30:00,2026-07-11 05:30:00,10,stunde_rekonstruiert,ha_lts_power_energy
Reihe 2,2026-07-11 07:30:00,2026-07-11 05:30:00,175,stunde_rekonstruiert,ha_lts_power_energy
Reihe 3,2026-07-11 07:30:00,2026-07-11 05:30:00,258,stunde_rekonstruiert,ha_lts_power_energy
Randreihe,2026-07-11 08:00:00,2026-07-11 06:00:00,176,stunde_rekonstruiert,ha_lts_power_energy
Reihe 1,2026-07-11 08:00:00,2026-07-11 06:00:00,11,stunde_rekonstruiert,ha_lts_power_energy
Reihe 2,2026-07-11 08:00:00,2026-07-11 06:00:00,174,stunde_rekonstruiert,ha_lts_power_energy
Reihe 3,2026-07-11 08:00:00,2026-07-11 06:00:00,261,stunde_rekonstruiert,ha_lts_power_energy
Randreihe,2026-07-11 08:30:00,2026-07-11 06:30:00,176,stunde_rekonstruiert,ha_lts_power_energy
Reihe 1,2026-07-11 08:30:00,2026-07-11 06:30:00,11,stunde_rekonstruiert,ha_lts_power_energy
Reihe 2,2026-07-11 08:30:00,2026-07-11 06:30:00,174,stunde_rekonstruiert,ha_lts_power_energy
Reihe 3,2026-07-11 08:30:00,2026-07-11 06:30:00,261,stunde_rekonstruiert,ha_lts_power_energy
Randreihe,2026-07-11 09:00:00,2026-07-11 07:00:00,173,stunde_rekonstruiert,ha_lts_power_energy
Reihe 1,2026-07-11 09:00:00,2026-07-11 07:00:00,12,stunde_rekonstruiert,ha_lts_power_energy
Reihe 2,2026-07-11 09:00:00,2026-07-11 07:00:00,170,stunde_rekonstruiert,ha_lts_power_energy
Reihe 3,2026-07-11 09:00:00,2026-07-11 07:00:00,179,stunde_rekonstruiert,ha_lts_power_energy
Randreihe,2026-07-11 09:30:00,2026-07-11 07:30:00,173,stunde_rekonstruiert,ha_lts_power_energy
Reihe 1,2026-07-11 09:30:00,2026-07-11 07:30:00,12,stunde_rekonstruiert,ha_lts_power_energy
Reihe 2,2026-07-11 09:30:00,2026-07-11 07:30:00,170,stunde_rekonstruiert,ha_lts_power_energy
Reihe 3,2026-07-11 09:30:00,2026-07-11 07:30:00,179,stunde_rekonstruiert,ha_lts_power_energy
Randreihe,2026-07-11 10:00:00,2026-07-11 08:00:00,174,stunde_rekonstruiert,ha_lts_power_energy
Reihe 1,2026-07-11 10:00:00,2026-07-11 08:00:00,10,stunde_rekonstruiert,ha_lts_power_energy
Reihe 2,2026-07-11 10:00:00,2026-07-11 08:00:00,176,stunde_rekonstruiert,ha_lts_power_energy
Reihe 3,2026-07-11 10:00:00,2026-07-11 08:00:00,256,stunde_rekonstruiert,ha_lts_power_energy
Randreihe,2026-07-11 10:30:00,2026-07-11 08:30:00,174,stunde_rekonstruiert,ha_lts_power_energy
Reihe 1,2026-07-11 10:30:00,2026-07-11 08:30:00,10,stunde_rekonstruiert,ha_lts_power_energy
Reihe 2,2026-07-11 10:30:00,2026-07-11 08:30:00,176,stunde_rekonstruiert,ha_lts_power_energy
Reihe 3,2026-07-11 10:30:00,2026-07-11 08:30:00,256,stunde_rekonstruiert,ha_lts_power_energy
Randreihe,2026-07-11 11:00:00,2026-07-11 09:00:00,169,stunde_rekonstruiert,ha_lts_power_energy
Reihe 1,2026-07-11 11:00:00,2026-07-11 09:00:00,10,stunde_rekonstruiert,ha_lts_power_energy
Reihe 2,2026-07-11 11:00:00,2026-07-11 09:00:00,178,stunde_rekonstruiert,ha_lts_power_energy
Reihe 3,2026-07-11 11:00:00,2026-07-11 09:00:00,179,stunde_rekonstruiert,ha_lts_power_energy
Randreihe,2026-07-11 11:30:00,2026-07-11 09:30:00,169,stunde_rekonstruiert,ha_lts_power_energy
Reihe 1,2026-07-11 11:30:00,2026-07-11 09:30:00,10,stunde_rekonstruiert,ha_lts_power_energy
Reihe 2,2026-07-11 11:30:00,2026-07-11 09:30:00,178,stunde_rekonstruiert,ha_lts_power_energy
Reihe 3,2026-07-11 11:30:00,2026-07-11 09:30:00,179,stunde_rekonstruiert,ha_lts_power_energy
Randreihe,2026-07-11 12:00:00,2026-07-11 10:00:00,176,stunde_rekonstruiert,ha_lts_power_energy
Reihe 1,2026-07-11 12:00:00,2026-07-11 10:00:00,11,stunde_rekonstruiert,ha_lts_power_energy
Reihe 2,2026-07-11 12:00:00,2026-07-11 10:00:00,177,stunde_rekonstruiert,ha_lts_power_energy
Reihe 3,2026-07-11 12:00:00,2026-07-11 10:00:00,265,stunde_rekonstruiert,ha_lts_power_energy
Randreihe,2026-07-11 12:30:00,2026-07-11 10:30:00,176,stunde_rekonstruiert,ha_lts_power_energy
Reihe 1,2026-07-11 12:30:00,2026-07-11 10:30:00,11,stunde_rekonstruiert,ha_lts_power_energy
Reihe 2,2026-07-11 12:30:00,2026-07-11 10:30:00,177,stunde_rekonstruiert,ha_lts_power_energy
Reihe 3,2026-07-11 12:30:00,2026-07-11 10:30:00,265,stunde_rekonstruiert,ha_lts_power_energy
Randreihe,2026-07-11 13:00:00,2026-07-11 11:00:00,177,stunde_rekonstruiert,ha_lts_power_energy
Reihe 1,2026-07-11 13:00:00,2026-07-11 11:00:00,11,stunde_rekonstruiert,ha_lts_power_energy
Reihe 2,2026-07-11 13:00:00,2026-07-11 11:00:00,175,stunde_rekonstruiert,ha_lts_power_energy
Reihe 3,2026-07-11 13:00:00,2026-07-11 11:00:00,257,stunde_rekonstruiert,ha_lts_power_energy
Randreihe,2026-07-11 13:30:00,2026-07-11 11:30:00,177,stunde_rekonstruiert,ha_lts_power_energy
Reihe 1,2026-07-11 13:30:00,2026-07-11 11:30:00,11,stunde_rekonstruiert,ha_lts_power_energy
Reihe 2,2026-07-11 13:30:00,2026-07-11 11:30:00,175,stunde_rekonstruiert,ha_lts_power_energy
Reihe 3,2026-07-11 13:30:00,2026-07-11 11:30:00,257,stunde_rekonstruiert,ha_lts_power_energy
Randreihe,2026-07-11 14:00:00,2026-07-11 12:00:00,173,stunde_rekonstruiert,ha_lts_power_energy
Reihe 1,2026-07-11 14:00:00,2026-07-11 12:00:00,11,stunde_rekonstruiert,ha_lts_power_energy
Reihe 2,2026-07-11 14:00:00,2026-07-11 12:00:00,178,stunde_rekonstruiert,ha_lts_power_energy
Reihe 3,2026-07-11 14:00:00,2026-07-11 12:00:00,256,stunde_rekonstruiert,ha_lts_power_energy
Randreihe,2026-07-11 14:30:00,2026-07-11 12:30:00,173,stunde_rekonstruiert,ha_lts_power_energy
Reihe 1,2026-07-11 14:30:00,2026-07-11 12:30:00,11,stunde_rekonstruiert,ha_lts_power_energy
Reihe 2,2026-07-11 14:30:00,2026-07-11 12:30:00,178,stunde_rekonstruiert,ha_lts_power_energy
Reihe 3,2026-07-11 14:30:00,2026-07-11 12:30:00,256,stunde_rekonstruiert,ha_lts_power_energy
Randreihe,2026-07-11 15:00:00,2026-07-11 13:00:00,170,stunde_rekonstruiert,ha_lts_power_energy
Reihe 1,2026-07-11 15:00:00,2026-07-11 13:00:00,12,stunde_rekonstruiert,ha_lts_power_energy
Reihe 2,2026-07-11 15:00:00,2026-07-11 13:00:00,176,stunde_rekonstruiert,ha_lts_power_energy
Reihe 3,2026-07-11 15:00:00,2026-07-11 13:00:00,347,stunde_rekonstruiert,ha_lts_power_energy
Randreihe,2026-07-11 15:30:00,2026-07-11 13:30:00,170,stunde_rekonstruiert,ha_lts_power_energy
Reihe 1,2026-07-11 15:30:00,2026-07-11 13:30:00,12,stunde_rekonstruiert,ha_lts_power_energy
Reihe 2,2026-07-11 15:30:00,2026-07-11 13:30:00,176,stunde_rekonstruiert,ha_lts_power_energy
Reihe 3,2026-07-11 15:30:00,2026-07-11 13:30:00,347,stunde_rekonstruiert,ha_lts_power_energy
Randreihe,2026-07-11 16:00:00,2026-07-11 14:00:00,173,stunde_rekonstruiert,ha_lts_power_energy
Reihe 1,2026-07-11 16:00:00,2026-07-11 14:00:00,12,stunde_rekonstruiert,ha_lts_power_energy
Reihe 2,2026-07-11 16:00:00,2026-07-11 14:00:00,178,stunde_rekonstruiert,ha_lts_power_energy
Reihe 3,2026-07-11 16:00:00,2026-07-11 14:00:00,266,stunde_rekonstruiert,ha_lts_power_energy
Randreihe,2026-07-11 16:30:00,2026-07-11 14:30:00,173,stunde_rekonstruiert,ha_lts_power_energy
Reihe 1,2026-07-11 16:30:00,2026-07-11 14:30:00,12,stunde_rekonstruiert,ha_lts_power_energy
Reihe 2,2026-07-11 16:30:00,2026-07-11 14:30:00,178,stunde_rekonstruiert,ha_lts_power_energy
Reihe 3,2026-07-11 16:30:00,2026-07-11 14:30:00,266,stunde_rekonstruiert,ha_lts_power_energy
Randreihe,2026-07-11 17:00:00,2026-07-11 15:00:00,176,stunde_rekonstruiert,ha_lts_power_energy
Reihe 1,2026-07-11 17:00:00,2026-07-11 15:00:00,11,stunde_rekonstruiert,ha_lts_power_energy
Reihe 2,2026-07-11 17:00:00,2026-07-11 15:00:00,178,stunde_rekonstruiert,ha_lts_power_energy
Reihe 3,2026-07-11 17:00:00,2026-07-11 15:00:00,178,stunde_rekonstruiert,ha_lts_power_energy
Randreihe,2026-07-11 17:30:00,2026-07-11 15:30:00,176,stunde_rekonstruiert,ha_lts_power_energy
Reihe 1,2026-07-11 17:30:00,2026-07-11 15:30:00,11,stunde_rekonstruiert,ha_lts_power_energy
Reihe 2,2026-07-11 17:30:00,2026-07-11 15:30:00,178,stunde_rekonstruiert,ha_lts_power_energy
Reihe 3,2026-07-11 17:30:00,2026-07-11 15:30:00,178,stunde_rekonstruiert,ha_lts_power_energy
Reihe 1,2026-07-11 18:00:00,2026-07-11 16:00:00,11,stunde_rekonstruiert,ha_lts_power_energy
Reihe 1,2026-07-11 18:30:00,2026-07-11 16:30:00,11,stunde_rekonstruiert,ha_lts_power_energy
Reihe 1,2026-07-11 19:00:00,2026-07-11 17:00:00,12,stunde_rekonstruiert,ha_lts_power_energy
Reihe 1,2026-07-11 19:30:00,2026-07-11 17:30:00,12,stunde_rekonstruiert,ha_lts_power_energy
Reihe 1,2026-07-11 20:00:00,2026-07-11 18:00:00,12,stunde_rekonstruiert,ha_lts_power_energy
Reihe 1,2026-07-11 20:30:00,2026-07-11 18:30:00,12,stunde_rekonstruiert,ha_lts_power_energy
Reihe 1,2026-07-12 06:00:00,2026-07-12 04:00:00,11,stunde_rekonstruiert,ha_lts_power_energy
Reihe 1,2026-07-12 06:30:00,2026-07-12 04:30:00,11,stunde_rekonstruiert,ha_lts_power_energy
Randreihe,2026-07-12 07:00:00,2026-07-12 05:00:00,173,stunde_rekonstruiert,ha_lts_power_energy
Reihe 1,2026-07-12 07:00:00,2026-07-12 05:00:00,11,stunde_rekonstruiert,ha_lts_power_energy
Reihe 2,2026-07-12 07:00:00,2026-07-12 05:00:00,174,stunde_rekonstruiert,ha_lts_power_energy
Reihe 3,2026-07-12 07:00:00,2026-07-12 05:00:00,179,stunde_rekonstruiert,ha_lts_power_energy
Reihe 1,2026-07-12 07:30:00,2026-07-12 05:30:00,11,stunde_rekonstruiert,ha_lts_power_energy
Reihe 1,2026-07-12 08:00:00,2026-07-12 06:00:00,11,stunde_rekonstruiert,ha_lts_power_energy
Reihe 3,2026-07-12 08:00:00,2026-07-12 06:00:00,179,stunde_rekonstruiert,ha_lts_power_energy
Reihe 1,2026-07-12 08:30:00,2026-07-12 06:30:00,11,stunde_rekonstruiert,ha_lts_power_energy
Randreihe,2026-07-12 09:00:00,2026-07-12 07:00:00,175,stunde_rekonstruiert,ha_lts_power_energy
Reihe 1,2026-07-12 09:00:00,2026-07-12 07:00:00,12,stunde_rekonstruiert,ha_lts_power_energy
Reihe 2,2026-07-12 09:00:00,2026-07-12 07:00:00,176,stunde_rekonstruiert,ha_lts_power_energy
Reihe 1,2026-07-12 09:30:00,2026-07-12 07:30:00,12,stunde_rekonstruiert,ha_lts_power_energy
Randreihe,2026-07-12 10:00:00,2026-07-12 08:00:00,174,stunde_rekonstruiert,ha_lts_power_energy
Reihe 1,2026-07-12 10:00:00,2026-07-12 08:00:00,11,stunde_rekonstruiert,ha_lts_power_energy
Reihe 2,2026-07-12 10:00:00,2026-07-12 08:00:00,171,stunde_rekonstruiert,ha_lts_power_energy
Reihe 3,2026-07-12 10:00:00,2026-07-12 08:00:00,226,stunde_rekonstruiert,ha_lts_power_energy
Randreihe,2026-07-12 10:30:00,2026-07-12 08:30:00,174,stunde_rekonstruiert,ha_lts_power_energy
Reihe 1,2026-07-12 10:30:00,2026-07-12 08:30:00,11,stunde_rekonstruiert,ha_lts_power_energy
Reihe 2,2026-07-12 10:30:00,2026-07-12 08:30:00,171,stunde_rekonstruiert,ha_lts_power_energy
Reihe 3,2026-07-12 10:30:00,2026-07-12 08:30:00,226,stunde_rekonstruiert,ha_lts_power_energy
Randreihe,2026-07-12 11:00:00,2026-07-12 09:00:00,173,stunde_rekonstruiert,ha_lts_power_energy
Reihe 1,2026-07-12 11:00:00,2026-07-12 09:00:00,11,stunde_rekonstruiert,ha_lts_power_energy
Reihe 2,2026-07-12 11:00:00,2026-07-12 09:00:00,177,stunde_rekonstruiert,ha_lts_power_energy
Reihe 3,2026-07-12 11:00:00,2026-07-12 09:00:00,260,stunde_rekonstruiert,ha_lts_power_energy
Randreihe,2026-07-12 11:30:00,2026-07-12 09:30:00,173,stunde_rekonstruiert,ha_lts_power_energy
Reihe 1,2026-07-12 11:30:00,2026-07-12 09:30:00,11,stunde_rekonstruiert,ha_lts_power_energy
Reihe 2,2026-07-12 11:30:00,2026-07-12 09:30:00,177,stunde_rekonstruiert,ha_lts_power_energy
Reihe 3,2026-07-12 11:30:00,2026-07-12 09:30:00,260,stunde_rekonstruiert,ha_lts_power_energy
Randreihe,2026-07-12 12:00:00,2026-07-12 10:00:00,171,stunde_rekonstruiert,ha_lts_power_energy
Reihe 1,2026-07-12 12:00:00,2026-07-12 10:00:00,11,stunde_rekonstruiert,ha_lts_power_energy
Reihe 2,2026-07-12 12:00:00,2026-07-12 10:00:00,174,stunde_rekonstruiert,ha_lts_power_energy
Reihe 3,2026-07-12 12:00:00,2026-07-12 10:00:00,299,stunde_rekonstruiert,ha_lts_power_energy
Randreihe,2026-07-12 12:30:00,2026-07-12 10:30:00,171,stunde_rekonstruiert,ha_lts_power_energy
Reihe 1,2026-07-12 12:30:00,2026-07-12 10:30:00,11,stunde_rekonstruiert,ha_lts_power_energy
Reihe 2,2026-07-12 12:30:00,2026-07-12 10:30:00,174,stunde_rekonstruiert,ha_lts_power_energy
Reihe 3,2026-07-12 12:30:00,2026-07-12 10:30:00,299,stunde_rekonstruiert,ha_lts_power_energy
Randreihe,2026-07-12 13:00:00,2026-07-12 11:00:00,177,stunde_rekonstruiert,ha_lts_power_energy
Reihe 1,2026-07-12 13:00:00,2026-07-12 11:00:00,11,stunde_rekonstruiert,ha_lts_power_energy
Reihe 2,2026-07-12 13:00:00,2026-07-12 11:00:00,176,stunde_rekonstruiert,ha_lts_power_energy
Reihe 3,2026-07-12 13:00:00,2026-07-12 11:00:00,268,stunde_rekonstruiert,ha_lts_power_energy
Randreihe,2026-07-12 13:30:00,2026-07-12 11:30:00,177,stunde_rekonstruiert,ha_lts_power_energy
Reihe 1,2026-07-12 13:30:00,2026-07-12 11:30:00,11,stunde_rekonstruiert,ha_lts_power_energy
Reihe 2,2026-07-12 13:30:00,2026-07-12 11:30:00,176,stunde_rekonstruiert,ha_lts_power_energy
Reihe 3,2026-07-12 13:30:00,2026-07-12 11:30:00,268,stunde_rekonstruiert,ha_lts_power_energy
Randreihe,2026-07-12 14:00:00,2026-07-12 12:00:00,176,stunde_rekonstruiert,ha_lts_power_energy
Reihe 1,2026-07-12 14:00:00,2026-07-12 12:00:00,12,stunde_rekonstruiert,ha_lts_power_energy
Reihe 2,2026-07-12 14:00:00,2026-07-12 12:00:00,178,stunde_rekonstruiert,ha_lts_power_energy
Reihe 3,2026-07-12 14:00:00,2026-07-12 12:00:00,352,stunde_rekonstruiert,ha_lts_power_energy
Randreihe,2026-07-12 14:30:00,2026-07-12 12:30:00,176,stunde_rekonstruiert,ha_lts_power_energy
Reihe 1,2026-07-12 14:30:00,2026-07-12 12:30:00,12,stunde_rekonstruiert,ha_lts_power_energy
Reihe 2,2026-07-12 14:30:00,2026-07-12 12:30:00,178,stunde_rekonstruiert,ha_lts_power_energy
Reihe 3,2026-07-12 14:30:00,2026-07-12 12:30:00,352,stunde_rekonstruiert,ha_lts_power_energy
Randreihe,2026-07-12 15:00:00,2026-07-12 13:00:00,176,stunde_rekonstruiert,ha_lts_power_energy
Reihe 1,2026-07-12 15:00:00,2026-07-12 13:00:00,11,stunde_rekonstruiert,ha_lts_power_energy
Reihe 2,2026-07-12 15:00:00,2026-07-12 13:00:00,178,stunde_rekonstruiert,ha_lts_power_energy
Reihe 3,2026-07-12 15:00:00,2026-07-12 13:00:00,256,stunde_rekonstruiert,ha_lts_power_energy
Randreihe,2026-07-12 15:30:00,2026-07-12 13:30:00,176,stunde_rekonstruiert,ha_lts_power_energy
Reihe 1,2026-07-12 15:30:00,2026-07-12 13:30:00,11,stunde_rekonstruiert,ha_lts_power_energy
Reihe 2,2026-07-12 15:30:00,2026-07-12 13:30:00,178,stunde_rekonstruiert,ha_lts_power_energy
Reihe 3,2026-07-12 15:30:00,2026-07-12 13:30:00,256,stunde_rekonstruiert,ha_lts_power_energy
Randreihe,2026-07-12 16:00:00,2026-07-12 14:00:00,175,stunde_rekonstruiert,ha_lts_power_energy
Reihe 1,2026-07-12 16:00:00,2026-07-12 14:00:00,11,stunde_rekonstruiert,ha_lts_power_energy
Reihe 2,2026-07-12 16:00:00,2026-07-12 14:00:00,175,stunde_rekonstruiert,ha_lts_power_energy
Reihe 3,2026-07-12 16:00:00,2026-07-12 14:00:00,314,stunde_rekonstruiert,ha_lts_power_energy
Randreihe,2026-07-12 16:30:00,2026-07-12 14:30:00,175,stunde_rekonstruiert,ha_lts_power_energy
Reihe 1,2026-07-12 16:30:00,2026-07-12 14:30:00,11,stunde_rekonstruiert,ha_lts_power_energy
Reihe 2,2026-07-12 16:30:00,2026-07-12 14:30:00,175,stunde_rekonstruiert,ha_lts_power_energy
Reihe 3,2026-07-12 16:30:00,2026-07-12 14:30:00,314,stunde_rekonstruiert,ha_lts_power_energy
Randreihe,2026-07-12 17:00:00,2026-07-12 15:00:00,171,stunde_rekonstruiert,ha_lts_power_energy
Reihe 1,2026-07-12 17:00:00,2026-07-12 15:00:00,10,stunde_rekonstruiert,ha_lts_power_energy
Reihe 2,2026-07-12 17:00:00,2026-07-12 15:00:00,170,stunde_rekonstruiert,ha_lts_power_energy
Reihe 3,2026-07-12 17:00:00,2026-07-12 15:00:00,211,stunde_rekonstruiert,ha_lts_power_energy
Randreihe,2026-07-12 17:30:00,2026-07-12 15:30:00,171,stunde_rekonstruiert,ha_lts_power_energy
Reihe 1,2026-07-12 17:30:00,2026-07-12 15:30:00,10,stunde_rekonstruiert,ha_lts_power_energy
Reihe 2,2026-07-12 17:30:00,2026-07-12 15:30:00,170,stunde_rekonstruiert,ha_lts_power_energy
Reihe 3,2026-07-12 17:30:00,2026-07-12 15:30:00,211,stunde_rekonstruiert,ha_lts_power_energy
Reihe 1,2026-07-12 18:00:00,2026-07-12 16:00:00,11,stunde_rekonstruiert,ha_lts_power_energy
Reihe 1,2026-07-12 18:30:00,2026-07-12 16:30:00,11,stunde_rekonstruiert,ha_lts_power_energy
Reihe 1,2026-07-12 19:00:00,2026-07-12 17:00:00,11,stunde_rekonstruiert,ha_lts_power_energy
Reihe 1,2026-07-12 19:30:00,2026-07-12 17:30:00,11,stunde_rekonstruiert,ha_lts_power_energy
Reihe 1,2026-07-12 20:00:00,2026-07-12 18:00:00,11,stunde_rekonstruiert,ha_lts_power_energy
Reihe 1,2026-07-12 20:30:00,2026-07-12 18:30:00,11,stunde_rekonstruiert,ha_lts_power_energy
Reihe 1,2026-07-13 06:00:00,2026-07-13 04:00:00,12,stunde_rekonstruiert,ha_lts_power_energy
Reihe 1,2026-07-13 06:30:00,2026-07-13 04:30:00,12,stunde_rekonstruiert,ha_lts_power_energy
Randreihe,2026-07-13 07:00:00,2026-07-13 05:00:00,175,stunde_rekonstruiert,ha_lts_power_energy
Reihe 1,2026-07-13 07:00:00,2026-07-13 05:00:00,12,stunde_rekonstruiert,ha_lts_power_energy
Reihe 2,2026-07-13 07:00:00,2026-07-13 05:00:00,175,stunde_rekonstruiert,ha_lts_power_energy
Reihe 3,2026-07-13 07:00:00,2026-07-13 05:00:00,269,stunde_rekonstruiert,ha_lts_power_energy
Randreihe,2026-07-13 07:30:00,2026-07-13 05:30:00,175,stunde_rekonstruiert,ha_lts_power_energy
Reihe 1,2026-07-13 07:30:00,2026-07-13 05:30:00,12,stunde_rekonstruiert,ha_lts_power_energy
Reihe 2,2026-07-13 07:30:00,2026-07-13 05:30:00,175,stunde_rekonstruiert,ha_lts_power_energy
Reihe 3,2026-07-13 07:30:00,2026-07-13 05:30:00,269,stunde_rekonstruiert,ha_lts_power_energy
Randreihe,2026-07-13 08:00:00,2026-07-13 06:00:00,177,stunde_rekonstruiert,ha_lts_power_energy
Reihe 1,2026-07-13 08:00:00,2026-07-13 06:00:00,11,stunde_rekonstruiert,ha_lts_power_energy
Reihe 2,2026-07-13 08:00:00,2026-07-13 06:00:00,176,stunde_rekonstruiert,ha_lts_power_energy
Reihe 3,2026-07-13 08:00:00,2026-07-13 06:00:00,180,stunde_rekonstruiert,ha_lts_power_energy
Reihe 1,2026-07-13 08:30:00,2026-07-13 06:30:00,11,stunde_rekonstruiert,ha_lts_power_energy
Randreihe,2026-07-13 09:00:00,2026-07-13 07:00:00,175,stunde_rekonstruiert,ha_lts_power_energy
Reihe 1,2026-07-13 09:00:00,2026-07-13 07:00:00,11,stunde_rekonstruiert,ha_lts_power_energy
Reihe 2,2026-07-13 09:00:00,2026-07-13 07:00:00,176,stunde_rekonstruiert,ha_lts_power_energy
Reihe 3,2026-07-13 09:00:00,2026-07-13 07:00:00,178,stunde_rekonstruiert,ha_lts_power_energy
Reihe 1,2026-07-13 09:30:00,2026-07-13 07:30:00,11,stunde_rekonstruiert,ha_lts_power_energy
Randreihe,2026-07-13 10:00:00,2026-07-13 08:00:00,176,stunde_rekonstruiert,ha_lts_power_energy
Reihe 1,2026-07-13 10:00:00,2026-07-13 08:00:00,11,stunde_rekonstruiert,ha_lts_power_energy
Reihe 2,2026-07-13 10:00:00,2026-07-13 08:00:00,175,stunde_rekonstruiert,ha_lts_power_energy
Reihe 3,2026-07-13 10:00:00,2026-07-13 08:00:00,179,stunde_rekonstruiert,ha_lts_power_energy
Reihe 1,2026-07-13 10:30:00,2026-07-13 08:30:00,11,stunde_rekonstruiert,ha_lts_power_energy
Randreihe,2026-07-13 11:00:00,2026-07-13 09:00:00,176,stunde_rekonstruiert,ha_lts_power_energy
Reihe 1,2026-07-13 11:00:00,2026-07-13 09:00:00,11,stunde_rekonstruiert,ha_lts_power_energy
Reihe 2,2026-07-13 11:00:00,2026-07-13 09:00:00,177,stunde_rekonstruiert,ha_lts_power_energy
Reihe 3,2026-07-13 11:00:00,2026-07-13 09:00:00,264,stunde_rekonstruiert,ha_lts_power_energy
Randreihe,2026-07-13 11:30:00,2026-07-13 09:30:00,176,stunde_rekonstruiert,ha_lts_power_energy
Reihe 1,2026-07-13 11:30:00,2026-07-13 09:30:00,11,stunde_rekonstruiert,ha_lts_power_energy
Reihe 2,2026-07-13 11:30:00,2026-07-13 09:30:00,177,stunde_rekonstruiert,ha_lts_power_energy
Reihe 3,2026-07-13 11:30:00,2026-07-13 09:30:00,264,stunde_rekonstruiert,ha_lts_power_energy
Randreihe,2026-07-13 12:00:00,2026-07-13 10:00:00,177,stunde_rekonstruiert,ha_lts_power_energy
Reihe 1,2026-07-13 12:00:00,2026-07-13 10:00:00,10,stunde_rekonstruiert,ha_lts_power_energy
Reihe 2,2026-07-13 12:00:00,2026-07-13 10:00:00,177,stunde_rekonstruiert,ha_lts_power_energy
Reihe 3,2026-07-13 12:00:00,2026-07-13 10:00:00,258,stunde_rekonstruiert,ha_lts_power_energy
Randreihe,2026-07-13 12:30:00,2026-07-13 10:30:00,177,stunde_rekonstruiert,ha_lts_power_energy
Reihe 1,2026-07-13 12:30:00,2026-07-13 10:30:00,10,stunde_rekonstruiert,ha_lts_power_energy
Reihe 2,2026-07-13 12:30:00,2026-07-13 10:30:00,177,stunde_rekonstruiert,ha_lts_power_energy
Reihe 3,2026-07-13 12:30:00,2026-07-13 10:30:00,258,stunde_rekonstruiert,ha_lts_power_energy
Randreihe,2026-07-13 13:00:00,2026-07-13 11:00:00,176,stunde_rekonstruiert,ha_lts_power_energy
Reihe 1,2026-07-13 13:00:00,2026-07-13 11:00:00,11,stunde_rekonstruiert,ha_lts_power_energy
Reihe 2,2026-07-13 13:00:00,2026-07-13 11:00:00,176,stunde_rekonstruiert,ha_lts_power_energy
Reihe 3,2026-07-13 13:00:00,2026-07-13 11:00:00,268,stunde_rekonstruiert,ha_lts_power_energy
Randreihe,2026-07-13 13:30:00,2026-07-13 11:30:00,176,stunde_rekonstruiert,ha_lts_power_energy
Reihe 1,2026-07-13 13:30:00,2026-07-13 11:30:00,11,stunde_rekonstruiert,ha_lts_power_energy
Reihe 2,2026-07-13 13:30:00,2026-07-13 11:30:00,176,stunde_rekonstruiert,ha_lts_power_energy
Reihe 3,2026-07-13 13:30:00,2026-07-13 11:30:00,268,stunde_rekonstruiert,ha_lts_power_energy
Randreihe,2026-07-13 14:00:00,2026-07-13 12:00:00,171,stunde_rekonstruiert,ha_lts_power_energy
Reihe 1,2026-07-13 14:00:00,2026-07-13 12:00:00,11,stunde_rekonstruiert,ha_lts_power_energy
Reihe 2,2026-07-13 14:00:00,2026-07-13 12:00:00,177,stunde_rekonstruiert,ha_lts_power_energy
Reihe 3,2026-07-13 14:00:00,2026-07-13 12:00:00,261,stunde_rekonstruiert,ha_lts_power_energy
Randreihe,2026-07-13 14:30:00,2026-07-13 12:30:00,171,stunde_rekonstruiert,ha_lts_power_energy
Reihe 1,2026-07-13 14:30:00,2026-07-13 12:30:00,11,stunde_rekonstruiert,ha_lts_power_energy
Reihe 2,2026-07-13 14:30:00,2026-07-13 12:30:00,177,stunde_rekonstruiert,ha_lts_power_energy
Reihe 3,2026-07-13 14:30:00,2026-07-13 12:30:00,261,stunde_rekonstruiert,ha_lts_power_energy
Randreihe,2026-07-13 15:00:00,2026-07-13 13:00:00,176,stunde_rekonstruiert,ha_lts_power_energy
Reihe 1,2026-07-13 15:00:00,2026-07-13 13:00:00,10,stunde_rekonstruiert,ha_lts_power_energy
Reihe 2,2026-07-13 15:00:00,2026-07-13 13:00:00,154,stunde_rekonstruiert,ha_lts_power_energy
Reihe 3,2026-07-13 15:00:00,2026-07-13 13:00:00,357,stunde_rekonstruiert,ha_lts_power_energy
Randreihe,2026-07-13 15:30:00,2026-07-13 13:30:00,176,stunde_rekonstruiert,ha_lts_power_energy
Reihe 1,2026-07-13 15:30:00,2026-07-13 13:30:00,10,stunde_rekonstruiert,ha_lts_power_energy
Reihe 2,2026-07-13 15:30:00,2026-07-13 13:30:00,154,stunde_rekonstruiert,ha_lts_power_energy
Reihe 3,2026-07-13 15:30:00,2026-07-13 13:30:00,357,stunde_rekonstruiert,ha_lts_power_energy
Randreihe,2026-07-13 16:00:00,2026-07-13 14:00:00,176,stunde_rekonstruiert,ha_lts_power_energy
Reihe 1,2026-07-13 16:00:00,2026-07-13 14:00:00,10,stunde_rekonstruiert,ha_lts_power_energy
Reihe 2,2026-07-13 16:00:00,2026-07-13 14:00:00,161,stunde_rekonstruiert,ha_lts_power_energy
Reihe 3,2026-07-13 16:00:00,2026-07-13 14:00:00,263,stunde_rekonstruiert,ha_lts_power_energy
Randreihe,2026-07-13 16:30:00,2026-07-13 14:30:00,176,stunde_rekonstruiert,ha_lts_power_energy
Reihe 1,2026-07-13 16:30:00,2026-07-13 14:30:00,10,stunde_rekonstruiert,ha_lts_power_energy
Reihe 2,2026-07-13 16:30:00,2026-07-13 14:30:00,161,stunde_rekonstruiert,ha_lts_power_energy
Reihe 3,2026-07-13 16:30:00,2026-07-13 14:30:00,263,stunde_rekonstruiert,ha_lts_power_energy
Randreihe,2026-07-13 17:00:00,2026-07-13 15:00:00,176,stunde_rekonstruiert,ha_lts_power_energy
Reihe 1,2026-07-13 17:00:00,2026-07-13 15:00:00,11,stunde_rekonstruiert,ha_lts_power_energy
Reihe 2,2026-07-13 17:00:00,2026-07-13 15:00:00,123,stunde_rekonstruiert,ha_lts_power_energy
Reihe 3,2026-07-13 17:00:00,2026-07-13 15:00:00,186,stunde_rekonstruiert,ha_lts_power_energy
Reihe 1,2026-07-13 17:30:00,2026-07-13 15:30:00,11,stunde_rekonstruiert,ha_lts_power_energy
Reihe 2,2026-07-13 17:30:00,2026-07-13 15:30:00,123,stunde_rekonstruiert,ha_lts_power_energy
Reihe 1,2026-07-13 18:00:00,2026-07-13 16:00:00,11,stunde_rekonstruiert,ha_lts_power_energy
Reihe 1,2026-07-13 18:30:00,2026-07-13 16:30:00,11,stunde_rekonstruiert,ha_lts_power_energy
Reihe 1,2026-07-13 19:00:00,2026-07-13 17:00:00,11,stunde_rekonstruiert,ha_lts_power_energy
Reihe 1,2026-07-13 19:30:00,2026-07-13 17:30:00,11,stunde_rekonstruiert,ha_lts_power_energy
Reihe 1,2026-07-13 20:00:00,2026-07-13 18:00:00,11,stunde_rekonstruiert,ha_lts_power_energy
Reihe 1,2026-07-13 20:30:00,2026-07-13 18:30:00,11,stunde_rekonstruiert,ha_lts_power_energy
Reihe 1,2026-07-14 06:00:00,2026-07-14 04:00:00,11,stunde_rekonstruiert,ha_lts_power_energy
Reihe 1,2026-07-14 06:30:00,2026-07-14 04:30:00,11,stunde_rekonstruiert,ha_lts_power_energy
Randreihe,2026-07-14 07:00:00,2026-07-14 05:00:00,174,stunde_rekonstruiert,ha_lts_power_energy
Reihe 1,2026-07-14 07:00:00,2026-07-14 05:00:00,11,stunde_rekonstruiert,ha_lts_power_energy
Reihe 2,2026-07-14 07:00:00,2026-07-14 05:00:00,177,stunde_rekonstruiert,ha_lts_power_energy
Reihe 3,2026-07-14 07:00:00,2026-07-14 05:00:00,178,stunde_rekonstruiert,ha_lts_power_energy
Reihe 1,2026-07-14 07:30:00,2026-07-14 05:30:00,11,stunde_rekonstruiert,ha_lts_power_energy
Reihe 1,2026-07-14 08:00:00,2026-07-14 06:00:00,12,stunde_rekonstruiert,ha_lts_power_energy
Reihe 1,2026-07-14 08:30:00,2026-07-14 06:30:00,12,stunde_rekonstruiert,ha_lts_power_energy
Randreihe,2026-07-14 09:00:00,2026-07-14 07:00:00,174,stunde_rekonstruiert,ha_lts_power_energy
Reihe 1,2026-07-14 09:00:00,2026-07-14 07:00:00,10,stunde_rekonstruiert,ha_lts_power_energy
Reihe 2,2026-07-14 09:00:00,2026-07-14 07:00:00,172,stunde_rekonstruiert,ha_lts_power_energy
Reihe 3,2026-07-14 09:00:00,2026-07-14 07:00:00,179,stunde_rekonstruiert,ha_lts_power_energy
Reihe 1,2026-07-14 09:30:00,2026-07-14 07:30:00,10,stunde_rekonstruiert,ha_lts_power_energy
Randreihe,2026-07-14 10:00:00,2026-07-14 08:00:00,175,stunde_rekonstruiert,ha_lts_power_energy
Reihe 1,2026-07-14 10:00:00,2026-07-14 08:00:00,11,stunde_rekonstruiert,ha_lts_power_energy
Reihe 2,2026-07-14 10:00:00,2026-07-14 08:00:00,173,stunde_rekonstruiert,ha_lts_power_energy
Reihe 3,2026-07-14 10:00:00,2026-07-14 08:00:00,180,stunde_rekonstruiert,ha_lts_power_energy
Reihe 1,2026-07-14 10:30:00,2026-07-14 08:30:00,11,stunde_rekonstruiert,ha_lts_power_energy
Randreihe,2026-07-14 11:00:00,2026-07-14 09:00:00,171,stunde_rekonstruiert,ha_lts_power_energy
Reihe 1,2026-07-14 11:00:00,2026-07-14 09:00:00,11,stunde_rekonstruiert,ha_lts_power_energy
Reihe 2,2026-07-14 11:00:00,2026-07-14 09:00:00,172,stunde_rekonstruiert,ha_lts_power_energy
Reihe 3,2026-07-14 11:00:00,2026-07-14 09:00:00,178,stunde_rekonstruiert,ha_lts_power_energy
Randreihe,2026-07-14 11:30:00,2026-07-14 09:30:00,171,stunde_rekonstruiert,ha_lts_power_energy
Reihe 1,2026-07-14 11:30:00,2026-07-14 09:30:00,11,stunde_rekonstruiert,ha_lts_power_energy
Reihe 2,2026-07-14 11:30:00,2026-07-14 09:30:00,172,stunde_rekonstruiert,ha_lts_power_energy
Reihe 3,2026-07-14 11:30:00,2026-07-14 09:30:00,178,stunde_rekonstruiert,ha_lts_power_energy
Randreihe,2026-07-14 12:00:00,2026-07-14 10:00:00,173,stunde_rekonstruiert,ha_lts_power_energy
Reihe 1,2026-07-14 12:00:00,2026-07-14 10:00:00,11,stunde_rekonstruiert,ha_lts_power_energy
Reihe 2,2026-07-14 12:00:00,2026-07-14 10:00:00,148,stunde_rekonstruiert,ha_lts_power_energy
Reihe 3,2026-07-14 12:00:00,2026-07-14 10:00:00,267,stunde_rekonstruiert,ha_lts_power_energy
Randreihe,2026-07-14 12:30:00,2026-07-14 10:30:00,173,stunde_rekonstruiert,ha_lts_power_energy
Reihe 1,2026-07-14 12:30:00,2026-07-14 10:30:00,11,stunde_rekonstruiert,ha_lts_power_energy
Reihe 2,2026-07-14 12:30:00,2026-07-14 10:30:00,148,stunde_rekonstruiert,ha_lts_power_energy
Reihe 3,2026-07-14 12:30:00,2026-07-14 10:30:00,267,stunde_rekonstruiert,ha_lts_power_energy
Randreihe,2026-07-14 13:00:00,2026-07-14 11:00:00,154,stunde_rekonstruiert,ha_lts_power_energy
Reihe 1,2026-07-14 13:00:00,2026-07-14 11:00:00,10,stunde_rekonstruiert,ha_lts_power_energy
Reihe 2,2026-07-14 13:00:00,2026-07-14 11:00:00,145,stunde_rekonstruiert,ha_lts_power_energy
Reihe 3,2026-07-14 13:00:00,2026-07-14 11:00:00,357,stunde_rekonstruiert,ha_lts_power_energy
Randreihe,2026-07-14 13:30:00,2026-07-14 11:30:00,154,stunde_rekonstruiert,ha_lts_power_energy
Reihe 1,2026-07-14 13:30:00,2026-07-14 11:30:00,10,stunde_rekonstruiert,ha_lts_power_energy
Reihe 2,2026-07-14 13:30:00,2026-07-14 11:30:00,145,stunde_rekonstruiert,ha_lts_power_energy
Reihe 3,2026-07-14 13:30:00,2026-07-14 11:30:00,357,stunde_rekonstruiert,ha_lts_power_energy
Randreihe,2026-07-14 14:00:00,2026-07-14 12:00:00,132,stunde_rekonstruiert,ha_lts_power_energy
Reihe 1,2026-07-14 14:00:00,2026-07-14 12:00:00,11,stunde_rekonstruiert,ha_lts_power_energy
Reihe 2,2026-07-14 14:00:00,2026-07-14 12:00:00,162,stunde_rekonstruiert,ha_lts_power_energy
Reihe 3,2026-07-14 14:00:00,2026-07-14 12:00:00,266,stunde_rekonstruiert,ha_lts_power_energy
Randreihe,2026-07-14 14:30:00,2026-07-14 12:30:00,132,stunde_rekonstruiert,ha_lts_power_energy
Reihe 1,2026-07-14 14:30:00,2026-07-14 12:30:00,11,stunde_rekonstruiert,ha_lts_power_energy
Reihe 2,2026-07-14 14:30:00,2026-07-14 12:30:00,162,stunde_rekonstruiert,ha_lts_power_energy
Reihe 3,2026-07-14 14:30:00,2026-07-14 12:30:00,266,stunde_rekonstruiert,ha_lts_power_energy
Randreihe,2026-07-14 15:00:00,2026-07-14 13:00:00,151,stunde_rekonstruiert,ha_lts_power_energy
Reihe 1,2026-07-14 15:00:00,2026-07-14 13:00:00,11,stunde_rekonstruiert,ha_lts_power_energy
Reihe 2,2026-07-14 15:00:00,2026-07-14 13:00:00,166,stunde_rekonstruiert,ha_lts_power_energy
Reihe 3,2026-07-14 15:00:00,2026-07-14 13:00:00,268,stunde_rekonstruiert,ha_lts_power_energy
Randreihe,2026-07-14 15:30:00,2026-07-14 13:30:00,151,stunde_rekonstruiert,ha_lts_power_energy
Reihe 1,2026-07-14 15:30:00,2026-07-14 13:30:00,11,stunde_rekonstruiert,ha_lts_power_energy
Reihe 2,2026-07-14 15:30:00,2026-07-14 13:30:00,166,stunde_rekonstruiert,ha_lts_power_energy
Reihe 3,2026-07-14 15:30:00,2026-07-14 13:30:00,268,stunde_rekonstruiert,ha_lts_power_energy
Randreihe,2026-07-14 16:00:00,2026-07-14 14:00:00,176,stunde_rekonstruiert,ha_lts_power_energy
Reihe 1,2026-07-14 16:00:00,2026-07-14 14:00:00,10,stunde_rekonstruiert,ha_lts_power_energy
Reihe 2,2026-07-14 16:00:00,2026-07-14 14:00:00,174,stunde_rekonstruiert,ha_lts_power_energy
Reihe 1,2026-07-14 16:30:00,2026-07-14 14:30:00,10,stunde_rekonstruiert,ha_lts_power_energy
Randreihe,2026-07-14 17:00:00,2026-07-14 15:00:00,176,stunde_rekonstruiert,ha_lts_power_energy
Reihe 1,2026-07-14 17:00:00,2026-07-14 15:00:00,11,stunde_rekonstruiert,ha_lts_power_energy
Reihe 2,2026-07-14 17:00:00,2026-07-14 15:00:00,176,stunde_rekonstruiert,ha_lts_power_energy
Reihe 3,2026-07-14 17:00:00,2026-07-14 15:00:00,180,stunde_rekonstruiert,ha_lts_power_energy
Reihe 1,2026-07-14 17:30:00,2026-07-14 15:30:00,11,stunde_rekonstruiert,ha_lts_power_energy
Reihe 1,2026-07-14 18:00:00,2026-07-14 16:00:00,11,stunde_rekonstruiert,ha_lts_power_energy
Reihe 1,2026-07-14 18:30:00,2026-07-14 16:30:00,11,stunde_rekonstruiert,ha_lts_power_energy
Reihe 1,2026-07-14 19:00:00,2026-07-14 17:00:00,11,stunde_rekonstruiert,ha_lts_power_energy
Reihe 1,2026-07-14 19:30:00,2026-07-14 17:30:00,11,stunde_rekonstruiert,ha_lts_power_energy
Reihe 1,2026-07-14 20:00:00,2026-07-14 18:00:00,11,stunde_rekonstruiert,ha_lts_power_energy
Reihe 1,2026-07-14 20:30:00,2026-07-14 18:30:00,11,stunde_rekonstruiert,ha_lts_power_energy
Reihe 1,2026-07-15 10:00:00,2026-07-15 08:00:00,11,stunde_rekonstruiert,ha_lts_power_energy
Reihe 3,2026-07-15 10:00:00,2026-07-15 08:00:00,178,stunde_rekonstruiert,ha_lts_power_energy
Reihe 1,2026-07-15 10:30:00,2026-07-15 08:30:00,11,stunde_rekonstruiert,ha_lts_power_energy
Randreihe,2026-07-15 11:00:00,2026-07-15 09:00:00,170,stunde_rekonstruiert,ha_lts_power_energy
Reihe 1,2026-07-15 11:00:00,2026-07-15 09:00:00,10,stunde_rekonstruiert,ha_lts_power_energy
Reihe 2,2026-07-15 11:00:00,2026-07-15 09:00:00,175,stunde_rekonstruiert,ha_lts_power_energy
Reihe 1,2026-07-15 11:30:00,2026-07-15 09:30:00,10,stunde_rekonstruiert,ha_lts_power_energy
Reihe 1,2026-07-15 12:00:00,2026-07-15 10:00:00,10,stunde_rekonstruiert,ha_lts_power_energy
Reihe 3,2026-07-15 12:00:00,2026-07-15 10:00:00,179,stunde_rekonstruiert,ha_lts_power_energy
Reihe 1,2026-07-15 12:30:00,2026-07-15 10:30:00,10,stunde_rekonstruiert,ha_lts_power_energy
Randreihe,2026-07-15 13:00:00,2026-07-15 11:00:00,171,stunde_rekonstruiert,ha_lts_power_energy
Reihe 1,2026-07-15 13:00:00,2026-07-15 11:00:00,11,stunde_rekonstruiert,ha_lts_power_energy
Reihe 2,2026-07-15 13:00:00,2026-07-15 11:00:00,176,stunde_rekonstruiert,ha_lts_power_energy
Reihe 3,2026-07-15 13:00:00,2026-07-15 11:00:00,179,stunde_rekonstruiert,ha_lts_power_energy
Randreihe,2026-07-15 13:30:00,2026-07-15 11:30:00,171,stunde_rekonstruiert,ha_lts_power_energy
Reihe 1,2026-07-15 13:30:00,2026-07-15 11:30:00,11,stunde_rekonstruiert,ha_lts_power_energy
Reihe 2,2026-07-15 13:30:00,2026-07-15 11:30:00,176,stunde_rekonstruiert,ha_lts_power_energy
Randreihe,2026-07-15 14:00:00,2026-07-15 12:00:00,182,stunde_rekonstruiert,ha_lts_power_energy
Reihe 1,2026-07-15 14:00:00,2026-07-15 12:00:00,11,stunde_rekonstruiert,ha_lts_power_energy
Reihe 2,2026-07-15 14:00:00,2026-07-15 12:00:00,178,stunde_rekonstruiert,ha_lts_power_energy
Reihe 3,2026-07-15 14:00:00,2026-07-15 12:00:00,179,stunde_rekonstruiert,ha_lts_power_energy
Reihe 1,2026-07-15 14:30:00,2026-07-15 12:30:00,11,stunde_rekonstruiert,ha_lts_power_energy
Randreihe,2026-07-15 15:00:00,2026-07-15 13:00:00,172,stunde_rekonstruiert,ha_lts_power_energy
Reihe 1,2026-07-15 15:00:00,2026-07-15 13:00:00,10,stunde_rekonstruiert,ha_lts_power_energy
Reihe 2,2026-07-15 15:00:00,2026-07-15 13:00:00,174,stunde_rekonstruiert,ha_lts_power_energy
Reihe 3,2026-07-15 15:00:00,2026-07-15 13:00:00,175,stunde_rekonstruiert,ha_lts_power_energy
Reihe 1,2026-07-15 15:30:00,2026-07-15 13:30:00,10,stunde_rekonstruiert,ha_lts_power_energy
Reihe 3,2026-07-15 15:30:00,2026-07-15 13:30:00,175,stunde_rekonstruiert,ha_lts_power_energy
Randreihe,2026-07-15 16:00:00,2026-07-15 14:00:00,176,stunde_rekonstruiert,ha_lts_power_energy
Reihe 1,2026-07-15 16:00:00,2026-07-15 14:00:00,11,stunde_rekonstruiert,ha_lts_power_energy
Reihe 2,2026-07-15 16:00:00,2026-07-15 14:00:00,178,stunde_rekonstruiert,ha_lts_power_energy
Reihe 3,2026-07-15 16:00:00,2026-07-15 14:00:00,174,stunde_rekonstruiert,ha_lts_power_energy
Reihe 1,2026-07-15 16:30:00,2026-07-15 14:30:00,11,stunde_rekonstruiert,ha_lts_power_energy
Reihe 3,2026-07-15 16:30:00,2026-07-15 14:30:00,174,stunde_rekonstruiert,ha_lts_power_energy
Randreihe,2026-07-15 17:00:00,2026-07-15 15:00:00,128,stunde_rekonstruiert,ha_lts_power_energy
Reihe 1,2026-07-15 17:00:00,2026-07-15 15:00:00,11,stunde_rekonstruiert,ha_lts_power_energy
Reihe 2,2026-07-15 17:00:00,2026-07-15 15:00:00,158,stunde_rekonstruiert,ha_lts_power_energy
Reihe 3,2026-07-15 17:00:00,2026-07-15 15:00:00,183,stunde_rekonstruiert,ha_lts_power_energy
Randreihe,2026-07-15 17:30:00,2026-07-15 15:30:00,128,stunde_rekonstruiert,ha_lts_power_energy
Reihe 1,2026-07-15 17:30:00,2026-07-15 15:30:00,11,stunde_rekonstruiert,ha_lts_power_energy
Reihe 2,2026-07-15 17:30:00,2026-07-15 15:30:00,158,stunde_rekonstruiert,ha_lts_power_energy
Randreihe,2026-07-15 18:00:00,2026-07-15 16:00:00,98,stunde_rekonstruiert,ha_lts_power_energy
Reihe 1,2026-07-15 18:00:00,2026-07-15 16:00:00,11,stunde_rekonstruiert,ha_lts_power_energy
Reihe 2,2026-07-15 18:00:00,2026-07-15 16:00:00,72,stunde_rekonstruiert,ha_lts_power_energy
Reihe 1,2026-07-15 18:30:00,2026-07-15 16:30:00,11,stunde_rekonstruiert,ha_lts_power_energy
Reihe 1,2026-07-15 19:00:00,2026-07-15 17:00:00,11,stunde_rekonstruiert,ha_lts_power_energy
Reihe 1,2026-07-15 19:30:00,2026-07-15 17:30:00,11,stunde_rekonstruiert,ha_lts_power_energy
Reihe 1,2026-07-15 20:00:00,2026-07-15 18:00:00,11,stunde_rekonstruiert,ha_lts_power_energy
Reihe 1,2026-07-15 20:30:00,2026-07-15 18:30:00,11,stunde_rekonstruiert,ha_lts_power_energy
Reihe 1,2026-07-16 06:00:00,2026-07-16 04:00:00,11,stunde_rekonstruiert,ha_lts_power_energy
Reihe 1,2026-07-16 06:30:00,2026-07-16 04:30:00,11,stunde_rekonstruiert,ha_lts_power_energy
Randreihe,2026-07-16 07:00:00,2026-07-16 05:00:00,170,stunde_rekonstruiert,ha_lts_power_energy
Reihe 1,2026-07-16 07:00:00,2026-07-16 05:00:00,11,stunde_rekonstruiert,ha_lts_power_energy
Reihe 2,2026-07-16 07:00:00,2026-07-16 05:00:00,175,stunde_rekonstruiert,ha_lts_power_energy
Reihe 3,2026-07-16 07:00:00,2026-07-16 05:00:00,179,stunde_rekonstruiert,ha_lts_power_energy
Reihe 1,2026-07-16 07:30:00,2026-07-16 05:30:00,11,stunde_rekonstruiert,ha_lts_power_energy
Reihe 1,2026-07-16 08:00:00,2026-07-16 06:00:00,12,stunde_rekonstruiert,ha_lts_power_energy
Reihe 3,2026-07-16 08:00:00,2026-07-16 06:00:00,140,stunde_rekonstruiert,ha_lts_power_energy
Reihe 1,2026-07-16 08:30:00,2026-07-16 06:30:00,12,stunde_rekonstruiert,ha_lts_power_energy
Randreihe,2026-07-16 09:00:00,2026-07-16 07:00:00,175,stunde_rekonstruiert,ha_lts_power_energy
Reihe 1,2026-07-16 09:00:00,2026-07-16 07:00:00,11,stunde_rekonstruiert,ha_lts_power_energy
Reihe 2,2026-07-16 09:00:00,2026-07-16 07:00:00,177,stunde_rekonstruiert,ha_lts_power_energy
Reihe 1,2026-07-16 09:30:00,2026-07-16 07:30:00,11,stunde_rekonstruiert,ha_lts_power_energy
Randreihe,2026-07-16 10:00:00,2026-07-16 08:00:00,172,stunde_rekonstruiert,ha_lts_power_energy
Reihe 1,2026-07-16 10:00:00,2026-07-16 08:00:00,11,stunde_rekonstruiert,ha_lts_power_energy
Reihe 2,2026-07-16 10:00:00,2026-07-16 08:00:00,175,stunde_rekonstruiert,ha_lts_power_energy
Reihe 3,2026-07-16 10:00:00,2026-07-16 08:00:00,268,stunde_rekonstruiert,ha_lts_power_energy
Randreihe,2026-07-16 10:30:00,2026-07-16 08:30:00,172,stunde_rekonstruiert,ha_lts_power_energy
Reihe 1,2026-07-16 10:30:00,2026-07-16 08:30:00,11,stunde_rekonstruiert,ha_lts_power_energy
Reihe 2,2026-07-16 10:30:00,2026-07-16 08:30:00,175,stunde_rekonstruiert,ha_lts_power_energy
Reihe 3,2026-07-16 10:30:00,2026-07-16 08:30:00,268,stunde_rekonstruiert,ha_lts_power_energy
Randreihe,2026-07-16 11:00:00,2026-07-16 09:00:00,175,stunde_rekonstruiert,ha_lts_power_energy
Reihe 1,2026-07-16 11:00:00,2026-07-16 09:00:00,11,stunde_rekonstruiert,ha_lts_power_energy
Reihe 2,2026-07-16 11:00:00,2026-07-16 09:00:00,176,stunde_rekonstruiert,ha_lts_power_energy
Reihe 3,2026-07-16 11:00:00,2026-07-16 09:00:00,234,stunde_rekonstruiert,ha_lts_power_energy
Randreihe,2026-07-16 11:30:00,2026-07-16 09:30:00,175,stunde_rekonstruiert,ha_lts_power_energy
Reihe 1,2026-07-16 11:30:00,2026-07-16 09:30:00,11,stunde_rekonstruiert,ha_lts_power_energy
Reihe 2,2026-07-16 11:30:00,2026-07-16 09:30:00,176,stunde_rekonstruiert,ha_lts_power_energy
Reihe 3,2026-07-16 11:30:00,2026-07-16 09:30:00,234,stunde_rekonstruiert,ha_lts_power_energy
Randreihe,2026-07-16 12:00:00,2026-07-16 10:00:00,174,stunde_rekonstruiert,ha_lts_power_energy
Reihe 1,2026-07-16 12:00:00,2026-07-16 10:00:00,11,stunde_rekonstruiert,ha_lts_power_energy
Reihe 2,2026-07-16 12:00:00,2026-07-16 10:00:00,176,stunde_rekonstruiert,ha_lts_power_energy
Reihe 3,2026-07-16 12:00:00,2026-07-16 10:00:00,292,stunde_rekonstruiert,ha_lts_power_energy
Randreihe,2026-07-16 12:30:00,2026-07-16 10:30:00,174,stunde_rekonstruiert,ha_lts_power_energy
Reihe 1,2026-07-16 12:30:00,2026-07-16 10:30:00,11,stunde_rekonstruiert,ha_lts_power_energy
Reihe 2,2026-07-16 12:30:00,2026-07-16 10:30:00,176,stunde_rekonstruiert,ha_lts_power_energy
Reihe 3,2026-07-16 12:30:00,2026-07-16 10:30:00,292,stunde_rekonstruiert,ha_lts_power_energy
Randreihe,2026-07-16 13:00:00,2026-07-16 11:00:00,176,stunde_rekonstruiert,ha_lts_power_energy
Reihe 1,2026-07-16 13:00:00,2026-07-16 11:00:00,11,stunde_rekonstruiert,ha_lts_power_energy
Reihe 2,2026-07-16 13:00:00,2026-07-16 11:00:00,174,stunde_rekonstruiert,ha_lts_power_energy
Reihe 3,2026-07-16 13:00:00,2026-07-16 11:00:00,171,stunde_rekonstruiert,ha_lts_power_energy
Randreihe,2026-07-16 13:30:00,2026-07-16 11:30:00,176,stunde_rekonstruiert,ha_lts_power_energy
Reihe 1,2026-07-16 13:30:00,2026-07-16 11:30:00,11,stunde_rekonstruiert,ha_lts_power_energy
Reihe 2,2026-07-16 13:30:00,2026-07-16 11:30:00,174,stunde_rekonstruiert,ha_lts_power_energy
Reihe 3,2026-07-16 13:30:00,2026-07-16 11:30:00,171,stunde_rekonstruiert,ha_lts_power_energy
Randreihe,2026-07-16 14:00:00,2026-07-16 12:00:00,175,stunde_rekonstruiert,ha_lts_power_energy
Reihe 1,2026-07-16 14:00:00,2026-07-16 12:00:00,10,stunde_rekonstruiert,ha_lts_power_energy
Reihe 2,2026-07-16 14:00:00,2026-07-16 12:00:00,176,stunde_rekonstruiert,ha_lts_power_energy
Reihe 3,2026-07-16 14:00:00,2026-07-16 12:00:00,260,stunde_rekonstruiert,ha_lts_power_energy
Randreihe,2026-07-16 14:30:00,2026-07-16 12:30:00,175,stunde_rekonstruiert,ha_lts_power_energy
Reihe 1,2026-07-16 14:30:00,2026-07-16 12:30:00,10,stunde_rekonstruiert,ha_lts_power_energy
Reihe 2,2026-07-16 14:30:00,2026-07-16 12:30:00,176,stunde_rekonstruiert,ha_lts_power_energy
Reihe 3,2026-07-16 14:30:00,2026-07-16 12:30:00,260,stunde_rekonstruiert,ha_lts_power_energy
Randreihe,2026-07-16 15:00:00,2026-07-16 13:00:00,176,stunde_rekonstruiert,ha_lts_power_energy
Reihe 1,2026-07-16 15:00:00,2026-07-16 13:00:00,12,stunde_rekonstruiert,ha_lts_power_energy
Reihe 2,2026-07-16 15:00:00,2026-07-16 13:00:00,178,stunde_rekonstruiert,ha_lts_power_energy
Reihe 3,2026-07-16 15:00:00,2026-07-16 13:00:00,170,stunde_rekonstruiert,ha_lts_power_energy
Reihe 1,2026-07-16 15:30:00,2026-07-16 13:30:00,12,stunde_rekonstruiert,ha_lts_power_energy
Reihe 3,2026-07-16 15:30:00,2026-07-16 13:30:00,170,stunde_rekonstruiert,ha_lts_power_energy
Reihe 1,2026-07-16 16:00:00,2026-07-16 14:00:00,11,stunde_rekonstruiert,ha_lts_power_energy
Reihe 1,2026-07-16 16:30:00,2026-07-16 14:30:00,11,stunde_rekonstruiert,ha_lts_power_energy
Randreihe,2026-07-16 17:00:00,2026-07-16 15:00:00,174,stunde_rekonstruiert,ha_lts_power_energy
Reihe 1,2026-07-16 17:00:00,2026-07-16 15:00:00,11,stunde_rekonstruiert,ha_lts_power_energy
Reihe 2,2026-07-16 17:00:00,2026-07-16 15:00:00,176,stunde_rekonstruiert,ha_lts_power_energy
Reihe 3,2026-07-16 17:00:00,2026-07-16 15:00:00,179,stunde_rekonstruiert,ha_lts_power_energy
Reihe 1,2026-07-16 17:30:00,2026-07-16 15:30:00,11,stunde_rekonstruiert,ha_lts_power_energy
Reihe 1,2026-07-16 18:00:00,2026-07-16 16:00:00,11,stunde_rekonstruiert,ha_lts_power_energy
Reihe 1,2026-07-16 18:30:00,2026-07-16 16:30:00,11,stunde_rekonstruiert,ha_lts_power_energy
Reihe 1,2026-07-16 19:00:00,2026-07-16 17:00:00,11,stunde_rekonstruiert,ha_lts_power_energy
Reihe 1,2026-07-16 19:30:00,2026-07-16 17:30:00,11,stunde_rekonstruiert,ha_lts_power_energy
Reihe 1,2026-07-16 20:00:00,2026-07-16 18:00:00,11,stunde_rekonstruiert,ha_lts_power_energy
Reihe 1,2026-07-16 20:30:00,2026-07-16 18:30:00,11,stunde_rekonstruiert,ha_lts_power_energy
Reihe 1,2026-07-17 06:00:00,2026-07-17 04:00:00,12,stunde_rekonstruiert,ha_lts_power_energy
Randreihe,2026-07-17 07:00:00,2026-07-17 05:00:00,175,stunde_rekonstruiert,ha_lts_power_energy
Reihe 1,2026-07-17 07:00:00,2026-07-17 05:00:00,12,stunde_rekonstruiert,ha_lts_power_energy
Reihe 2,2026-07-17 07:00:00,2026-07-17 05:00:00,175,stunde_rekonstruiert,ha_lts_power_energy
Reihe 3,2026-07-17 07:00:00,2026-07-17 05:00:00,180,stunde_rekonstruiert,ha_lts_power_energy
Reihe 1,2026-07-17 08:00:00,2026-07-17 06:00:00,35,stunde_rekonstruiert,ha_lts_power_energy
Reihe 1,2026-07-17 08:30:00,2026-07-17 06:30:00,35,stunde_rekonstruiert,ha_lts_power_energy
Randreihe,2026-07-17 09:00:00,2026-07-17 07:00:00,173,stunde_rekonstruiert,ha_lts_power_energy
Reihe 1,2026-07-17 09:00:00,2026-07-17 07:00:00,10,stunde_rekonstruiert,ha_lts_power_energy
Reihe 2,2026-07-17 09:00:00,2026-07-17 07:00:00,174,stunde_rekonstruiert,ha_lts_power_energy
Reihe 3,2026-07-17 09:00:00,2026-07-17 07:00:00,179,stunde_rekonstruiert,ha_lts_power_energy
Reihe 1,2026-07-17 09:30:00,2026-07-17 07:30:00,10,stunde_rekonstruiert,ha_lts_power_energy
Reihe 1,2026-07-17 10:00:00,2026-07-17 08:00:00,11,stunde_rekonstruiert,ha_lts_power_energy
Reihe 1,2026-07-17 10:30:00,2026-07-17 08:30:00,11,stunde_rekonstruiert,ha_lts_power_energy
Randreihe,2026-07-17 11:00:00,2026-07-17 09:00:00,176,stunde_rekonstruiert,ha_lts_power_energy
Reihe 1,2026-07-17 11:00:00,2026-07-17 09:00:00,11,stunde_rekonstruiert,ha_lts_power_energy
Reihe 2,2026-07-17 11:00:00,2026-07-17 09:00:00,170,stunde_rekonstruiert,ha_lts_power_energy
Reihe 3,2026-07-17 11:00:00,2026-07-17 09:00:00,178,stunde_rekonstruiert,ha_lts_power_energy
Reihe 1,2026-07-17 11:30:00,2026-07-17 09:30:00,11,stunde_rekonstruiert,ha_lts_power_energy
Reihe 1,2026-07-17 12:00:00,2026-07-17 10:00:00,10,stunde_rekonstruiert,ha_lts_power_energy
Reihe 1,2026-07-17 12:30:00,2026-07-17 10:30:00,10,stunde_rekonstruiert,ha_lts_power_energy
Randreihe,2026-07-17 13:00:00,2026-07-17 11:00:00,175,stunde_rekonstruiert,ha_lts_power_energy
Reihe 1,2026-07-17 13:00:00,2026-07-17 11:00:00,10,stunde_rekonstruiert,ha_lts_power_energy
Reihe 2,2026-07-17 13:00:00,2026-07-17 11:00:00,175,stunde_rekonstruiert,ha_lts_power_energy
Reihe 3,2026-07-17 13:00:00,2026-07-17 11:00:00,179,stunde_rekonstruiert,ha_lts_power_energy
Reihe 1,2026-07-17 13:30:00,2026-07-17 11:30:00,10,stunde_rekonstruiert,ha_lts_power_energy
Reihe 1,2026-07-17 14:00:00,2026-07-17 12:00:00,11,stunde_rekonstruiert,ha_lts_power_energy
Reihe 1,2026-07-17 14:30:00,2026-07-17 12:30:00,11,stunde_rekonstruiert,ha_lts_power_energy
Randreihe,2026-07-17 15:00:00,2026-07-17 13:00:00,176,stunde_rekonstruiert,ha_lts_power_energy
Reihe 1,2026-07-17 15:00:00,2026-07-17 13:00:00,11,stunde_rekonstruiert,ha_lts_power_energy
Reihe 2,2026-07-17 15:00:00,2026-07-17 13:00:00,175,stunde_rekonstruiert,ha_lts_power_energy
Reihe 3,2026-07-17 15:00:00,2026-07-17 13:00:00,173,stunde_rekonstruiert,ha_lts_power_energy
Reihe 1,2026-07-17 15:30:00,2026-07-17 13:30:00,11,stunde_rekonstruiert,ha_lts_power_energy
Reihe 1,2026-07-17 16:00:00,2026-07-17 14:00:00,11,stunde_rekonstruiert,ha_lts_power_energy
Reihe 1,2026-07-17 16:30:00,2026-07-17 14:30:00,11,stunde_rekonstruiert,ha_lts_power_energy
Randreihe,2026-07-17 17:00:00,2026-07-17 15:00:00,173,stunde_rekonstruiert,ha_lts_power_energy
Reihe 1,2026-07-17 17:00:00,2026-07-17 15:00:00,11,stunde_rekonstruiert,ha_lts_power_energy
Reihe 2,2026-07-17 17:00:00,2026-07-17 15:00:00,176,stunde_rekonstruiert,ha_lts_power_energy
Reihe 3,2026-07-17 17:00:00,2026-07-17 15:00:00,178,stunde_rekonstruiert,ha_lts_power_energy
Reihe 1,2026-07-17 17:30:00,2026-07-17 15:30:00,11,stunde_rekonstruiert,ha_lts_power_energy
Reihe 1,2026-07-17 18:00:00,2026-07-17 16:00:00,11,stunde_rekonstruiert,ha_lts_power_energy
Reihe 1,2026-07-17 18:30:00,2026-07-17 16:30:00,11,stunde_rekonstruiert,ha_lts_power_energy
Reihe 1,2026-07-17 19:00:00,2026-07-17 17:00:00,11,stunde_rekonstruiert,ha_lts_power_energy
Reihe 1,2026-07-17 19:30:00,2026-07-17 17:30:00,11,stunde_rekonstruiert,ha_lts_power_energy
Reihe 1,2026-07-17 20:00:00,2026-07-17 18:00:00,11,stunde_rekonstruiert,ha_lts_power_energy
Reihe 1,2026-07-17 20:30:00,2026-07-17 18:30:00,11,stunde_rekonstruiert,ha_lts_power_energy
Reihe 1,2026-07-18 06:00:00,2026-07-18 04:00:00,11,stunde_rekonstruiert,ha_lts_power_energy
Reihe 1,2026-07-18 06:30:00,2026-07-18 04:30:00,11,stunde_rekonstruiert,ha_lts_power_energy
Randreihe,2026-07-18 07:00:00,2026-07-18 05:00:00,174,stunde_rekonstruiert,ha_lts_power_energy
Reihe 1,2026-07-18 07:00:00,2026-07-18 05:00:00,11,stunde_rekonstruiert,ha_lts_power_energy
Reihe 2,2026-07-18 07:00:00,2026-07-18 05:00:00,175,stunde_rekonstruiert,ha_lts_power_energy
Reihe 3,2026-07-18 07:00:00,2026-07-18 05:00:00,179,stunde_rekonstruiert,ha_lts_power_energy
Reihe 1,2026-07-18 07:30:00,2026-07-18 05:30:00,11,stunde_rekonstruiert,ha_lts_power_energy
Reihe 1,2026-07-18 08:00:00,2026-07-18 06:00:00,12,stunde_rekonstruiert,ha_lts_power_energy
Reihe 1,2026-07-18 08:30:00,2026-07-18 06:30:00,12,stunde_rekonstruiert,ha_lts_power_energy
Randreihe,2026-07-18 09:00:00,2026-07-18 07:00:00,171,stunde_rekonstruiert,ha_lts_power_energy
Reihe 1,2026-07-18 09:00:00,2026-07-18 07:00:00,11,stunde_rekonstruiert,ha_lts_power_energy
Reihe 2,2026-07-18 09:00:00,2026-07-18 07:00:00,177,stunde_rekonstruiert,ha_lts_power_energy
Reihe 3,2026-07-18 09:00:00,2026-07-18 07:00:00,179,stunde_rekonstruiert,ha_lts_power_energy
Randreihe,2026-07-18 09:30:00,2026-07-18 07:30:00,171,stunde_rekonstruiert,ha_lts_power_energy
Reihe 1,2026-07-18 09:30:00,2026-07-18 07:30:00,11,stunde_rekonstruiert,ha_lts_power_energy
Reihe 1,2026-07-18 10:00:00,2026-07-18 08:00:00,11,stunde_rekonstruiert,ha_lts_power_energy
Reihe 1,2026-07-18 10:30:00,2026-07-18 08:30:00,11,stunde_rekonstruiert,ha_lts_power_energy
Randreihe,2026-07-18 11:00:00,2026-07-18 09:00:00,175,stunde_rekonstruiert,ha_lts_power_energy
Reihe 1,2026-07-18 11:00:00,2026-07-18 09:00:00,10,stunde_rekonstruiert,ha_lts_power_energy
Reihe 2,2026-07-18 11:00:00,2026-07-18 09:00:00,174,stunde_rekonstruiert,ha_lts_power_energy
Reihe 3,2026-07-18 11:00:00,2026-07-18 09:00:00,179,stunde_rekonstruiert,ha_lts_power_energy
Reihe 1,2026-07-18 11:30:00,2026-07-18 09:30:00,10,stunde_rekonstruiert,ha_lts_power_energy
Reihe 1,2026-07-18 12:00:00,2026-07-18 10:00:00,10,stunde_rekonstruiert,ha_lts_power_energy
Reihe 1,2026-07-18 12:30:00,2026-07-18 10:30:00,10,stunde_rekonstruiert,ha_lts_power_energy
Randreihe,2026-07-18 13:00:00,2026-07-18 11:00:00,176,stunde_rekonstruiert,ha_lts_power_energy
Reihe 1,2026-07-18 13:00:00,2026-07-18 11:00:00,11,stunde_rekonstruiert,ha_lts_power_energy
Reihe 2,2026-07-18 13:00:00,2026-07-18 11:00:00,175,stunde_rekonstruiert,ha_lts_power_energy
Reihe 3,2026-07-18 13:00:00,2026-07-18 11:00:00,179,stunde_rekonstruiert,ha_lts_power_energy
Reihe 1,2026-07-18 13:30:00,2026-07-18 11:30:00,11,stunde_rekonstruiert,ha_lts_power_energy
Reihe 1,2026-07-18 14:00:00,2026-07-18 12:00:00,11,stunde_rekonstruiert,ha_lts_power_energy
Reihe 1,2026-07-18 14:30:00,2026-07-18 12:30:00,11,stunde_rekonstruiert,ha_lts_power_energy
Randreihe,2026-07-18 15:00:00,2026-07-18 13:00:00,176,stunde_rekonstruiert,ha_lts_power_energy
Reihe 1,2026-07-18 15:00:00,2026-07-18 13:00:00,12,stunde_rekonstruiert,ha_lts_power_energy
Reihe 2,2026-07-18 15:00:00,2026-07-18 13:00:00,177,stunde_rekonstruiert,ha_lts_power_energy
Reihe 3,2026-07-18 15:00:00,2026-07-18 13:00:00,180,stunde_rekonstruiert,ha_lts_power_energy
Reihe 1,2026-07-18 15:30:00,2026-07-18 13:30:00,12,stunde_rekonstruiert,ha_lts_power_energy
Reihe 1,2026-07-18 16:00:00,2026-07-18 14:00:00,11,stunde_rekonstruiert,ha_lts_power_energy
Reihe 1,2026-07-18 16:30:00,2026-07-18 14:30:00,11,stunde_rekonstruiert,ha_lts_power_energy
Randreihe,2026-07-18 17:00:00,2026-07-18 15:00:00,175,stunde_rekonstruiert,ha_lts_power_energy
Reihe 1,2026-07-18 17:00:00,2026-07-18 15:00:00,11,stunde_rekonstruiert,ha_lts_power_energy
Reihe 2,2026-07-18 17:00:00,2026-07-18 15:00:00,178,stunde_rekonstruiert,ha_lts_power_energy
Reihe 3,2026-07-18 17:00:00,2026-07-18 15:00:00,179,stunde_rekonstruiert,ha_lts_power_energy
Reihe 1,2026-07-18 17:30:00,2026-07-18 15:30:00,11,stunde_rekonstruiert,ha_lts_power_energy
Reihe 1,2026-07-18 18:00:00,2026-07-18 16:00:00,11,stunde_rekonstruiert,ha_lts_power_energy
Reihe 1,2026-07-18 18:30:00,2026-07-18 16:30:00,11,stunde_rekonstruiert,ha_lts_power_energy
Reihe 1,2026-07-18 19:00:00,2026-07-18 17:00:00,11,stunde_rekonstruiert,ha_lts_power_energy
Reihe 1,2026-07-18 19:30:00,2026-07-18 17:30:00,11,stunde_rekonstruiert,ha_lts_power_energy
Reihe 1,2026-07-18 20:00:00,2026-07-18 18:00:00,11,stunde_rekonstruiert,ha_lts_power_energy
Reihe 1,2026-07-18 20:30:00,2026-07-18 18:30:00,11,stunde_rekonstruiert,ha_lts_power_energy
Reihe 1,2026-07-19 06:00:00,2026-07-19 04:00:00,12,stunde_rekonstruiert,ha_lts_power_energy
Reihe 1,2026-07-19 06:30:00,2026-07-19 04:30:00,12,stunde_rekonstruiert,ha_lts_power_energy
Randreihe,2026-07-19 07:00:00,2026-07-19 05:00:00,174,stunde_rekonstruiert,ha_lts_power_energy
Reihe 1,2026-07-19 07:00:00,2026-07-19 05:00:00,12,stunde_rekonstruiert,ha_lts_power_energy
Reihe 2,2026-07-19 07:00:00,2026-07-19 05:00:00,176,stunde_rekonstruiert,ha_lts_power_energy
Reihe 3,2026-07-19 07:00:00,2026-07-19 05:00:00,180,stunde_rekonstruiert,ha_lts_power_energy
Reihe 1,2026-07-19 07:30:00,2026-07-19 05:30:00,12,stunde_rekonstruiert,ha_lts_power_energy
Reihe 1,2026-07-19 08:00:00,2026-07-19 06:00:00,12,stunde_rekonstruiert,ha_lts_power_energy
Reihe 1,2026-07-19 08:30:00,2026-07-19 06:30:00,12,stunde_rekonstruiert,ha_lts_power_energy
Randreihe,2026-07-19 09:00:00,2026-07-19 07:00:00,175,stunde_rekonstruiert,ha_lts_power_energy
Reihe 1,2026-07-19 09:00:00,2026-07-19 07:00:00,11,stunde_rekonstruiert,ha_lts_power_energy
Reihe 2,2026-07-19 09:00:00,2026-07-19 07:00:00,176,stunde_rekonstruiert,ha_lts_power_energy
Reihe 3,2026-07-19 09:00:00,2026-07-19 07:00:00,180,stunde_rekonstruiert,ha_lts_power_energy
Reihe 1,2026-07-19 09:30:00,2026-07-19 07:30:00,11,stunde_rekonstruiert,ha_lts_power_energy
Reihe 1,2026-07-19 10:00:00,2026-07-19 08:00:00,11,stunde_rekonstruiert,ha_lts_power_energy
Reihe 1,2026-07-19 10:30:00,2026-07-19 08:30:00,11,stunde_rekonstruiert,ha_lts_power_energy
Randreihe,2026-07-19 11:00:00,2026-07-19 09:00:00,170,stunde_rekonstruiert,ha_lts_power_energy
Reihe 1,2026-07-19 11:00:00,2026-07-19 09:00:00,11,stunde_rekonstruiert,ha_lts_power_energy
Reihe 2,2026-07-19 11:00:00,2026-07-19 09:00:00,177,stunde_rekonstruiert,ha_lts_power_energy
Reihe 3,2026-07-19 11:00:00,2026-07-19 09:00:00,179,stunde_rekonstruiert,ha_lts_power_energy
Reihe 1,2026-07-19 11:30:00,2026-07-19 09:30:00,11,stunde_rekonstruiert,ha_lts_power_energy
Reihe 1,2026-07-19 12:00:00,2026-07-19 10:00:00,11,stunde_rekonstruiert,ha_lts_power_energy
Reihe 1,2026-07-19 12:30:00,2026-07-19 10:30:00,11,stunde_rekonstruiert,ha_lts_power_energy
Randreihe,2026-07-19 13:00:00,2026-07-19 11:00:00,185,stunde_rekonstruiert,ha_lts_power_energy
Reihe 1,2026-07-19 13:00:00,2026-07-19 11:00:00,11,stunde_rekonstruiert,ha_lts_power_energy
Reihe 2,2026-07-19 13:00:00,2026-07-19 11:00:00,182,stunde_rekonstruiert,ha_lts_power_energy
Reihe 3,2026-07-19 13:00:00,2026-07-19 11:00:00,202,stunde_rekonstruiert,ha_lts_power_energy
Randreihe,2026-07-19 13:30:00,2026-07-19 11:30:00,185,stunde_rekonstruiert,ha_lts_power_energy
Reihe 1,2026-07-19 13:30:00,2026-07-19 11:30:00,11,stunde_rekonstruiert,ha_lts_power_energy
Reihe 2,2026-07-19 13:30:00,2026-07-19 11:30:00,182,stunde_rekonstruiert,ha_lts_power_energy
Reihe 3,2026-07-19 13:30:00,2026-07-19 11:30:00,202,stunde_rekonstruiert,ha_lts_power_energy
Randreihe,2026-07-19 14:00:00,2026-07-19 12:00:00,137,stunde_rekonstruiert,ha_lts_power_energy
Reihe 1,2026-07-19 14:00:00,2026-07-19 12:00:00,11,stunde_rekonstruiert,ha_lts_power_energy
Reihe 2,2026-07-19 14:00:00,2026-07-19 12:00:00,141,stunde_rekonstruiert,ha_lts_power_energy
Reihe 3,2026-07-19 14:00:00,2026-07-19 12:00:00,144,stunde_rekonstruiert,ha_lts_power_energy
Randreihe,2026-07-19 14:30:00,2026-07-19 12:30:00,137,stunde_rekonstruiert,ha_lts_power_energy
Reihe 2,2026-07-19 14:30:00,2026-07-19 12:30:00,141,stunde_rekonstruiert,ha_lts_power_energy
Reihe 3,2026-07-19 14:30:00,2026-07-19 12:30:00,144,stunde_rekonstruiert,ha_lts_power_energy
Randreihe,2026-07-19 15:00:00,2026-07-19 13:00:00,175,stunde_rekonstruiert,ha_lts_power_energy
Reihe 1,2026-07-19 15:00:00,2026-07-19 13:00:00,12,stunde_rekonstruiert,ha_lts_power_energy
Reihe 2,2026-07-19 15:00:00,2026-07-19 13:00:00,177,stunde_rekonstruiert,ha_lts_power_energy
Reihe 3,2026-07-19 15:00:00,2026-07-19 13:00:00,268,stunde_rekonstruiert,ha_lts_power_energy
Randreihe,2026-07-19 15:30:00,2026-07-19 13:30:00,175,stunde_rekonstruiert,ha_lts_power_energy
Reihe 1,2026-07-19 15:30:00,2026-07-19 13:30:00,12,stunde_rekonstruiert,ha_lts_power_energy
Reihe 2,2026-07-19 15:30:00,2026-07-19 13:30:00,177,stunde_rekonstruiert,ha_lts_power_energy
Reihe 3,2026-07-19 15:30:00,2026-07-19 13:30:00,268,stunde_rekonstruiert,ha_lts_power_energy
Randreihe,2026-07-19 16:00:00,2026-07-19 14:00:00,177,stunde_rekonstruiert,ha_lts_power_energy
Reihe 1,2026-07-19 16:00:00,2026-07-19 14:00:00,12,stunde_rekonstruiert,ha_lts_power_energy
Reihe 2,2026-07-19 16:00:00,2026-07-19 14:00:00,177,stunde_rekonstruiert,ha_lts_power_energy
Reihe 3,2026-07-19 16:00:00,2026-07-19 14:00:00,178,stunde_rekonstruiert,ha_lts_power_energy
Randreihe,2026-07-19 16:30:00,2026-07-19 14:30:00,177,stunde_rekonstruiert,ha_lts_power_energy
Reihe 1,2026-07-19 16:30:00,2026-07-19 14:30:00,12,stunde_rekonstruiert,ha_lts_power_energy
Reihe 2,2026-07-19 16:30:00,2026-07-19 14:30:00,177,stunde_rekonstruiert,ha_lts_power_energy
Reihe 3,2026-07-19 16:30:00,2026-07-19 14:30:00,178,stunde_rekonstruiert,ha_lts_power_energy
Randreihe,2026-07-19 17:00:00,2026-07-19 15:00:00,176,stunde_rekonstruiert,ha_lts_power_energy
Reihe 1,2026-07-19 17:00:00,2026-07-19 15:00:00,11,stunde_rekonstruiert,ha_lts_power_energy
Reihe 2,2026-07-19 17:00:00,2026-07-19 15:00:00,179,stunde_rekonstruiert,ha_lts_power_energy
Reihe 3,2026-07-19 17:00:00,2026-07-19 15:00:00,278,stunde_rekonstruiert,ha_lts_power_energy
Reihe 1,2026-07-19 17:30:00,2026-07-19 15:30:00,11,stunde_rekonstruiert,ha_lts_power_energy
Reihe 3,2026-07-19 17:30:00,2026-07-19 15:30:00,278,stunde_rekonstruiert,ha_lts_power_energy
Reihe 1,2026-07-19 18:00:00,2026-07-19 16:00:00,11,stunde_rekonstruiert,ha_lts_power_energy
Reihe 3,2026-07-19 18:00:00,2026-07-19 16:00:00,450,stunde_rekonstruiert,ha_lts_power_energy
Reihe 1,2026-07-19 18:30:00,2026-07-19 16:30:00,11,stunde_rekonstruiert,ha_lts_power_energy
Reihe 3,2026-07-19 18:30:00,2026-07-19 16:30:00,450,stunde_rekonstruiert,ha_lts_power_energy
Reihe 1,2026-07-19 19:00:00,2026-07-19 17:00:00,11,stunde_rekonstruiert,ha_lts_power_energy
Reihe 1,2026-07-19 19:30:00,2026-07-19 17:30:00,11,stunde_rekonstruiert,ha_lts_power_energy
Reihe 1,2026-07-19 20:00:00,2026-07-19 18:00:00,11,stunde_rekonstruiert,ha_lts_power_energy
Reihe 1,2026-07-19 20:30:00,2026-07-19 18:30:00,11,stunde_rekonstruiert,ha_lts_power_energy
Reihe 1,2026-07-20 06:00:00,2026-07-20 04:00:00,11,stunde_rekonstruiert,ha_lts_power_energy
Reihe 1,2026-07-20 06:30:00,2026-07-20 04:30:00,11,stunde_rekonstruiert,ha_lts_power_energy
Randreihe,2026-07-20 07:00:00,2026-07-20 05:00:00,173,stunde_rekonstruiert,ha_lts_power_energy
Reihe 1,2026-07-20 07:00:00,2026-07-20 05:00:00,11,stunde_rekonstruiert,ha_lts_power_energy
Reihe 2,2026-07-20 07:00:00,2026-07-20 05:00:00,169,stunde_rekonstruiert,ha_lts_power_energy
Reihe 3,2026-07-20 07:00:00,2026-07-20 05:00:00,174,stunde_rekonstruiert,ha_lts_power_energy
Reihe 1,2026-07-20 07:30:00,2026-07-20 05:30:00,11,stunde_rekonstruiert,ha_lts_power_energy
Reihe 1,2026-07-20 08:00:00,2026-07-20 06:00:00,10,stunde_rekonstruiert,ha_lts_power_energy
Reihe 3,2026-07-20 08:00:00,2026-07-20 06:00:00,180,stunde_rekonstruiert,ha_lts_power_energy
Reihe 1,2026-07-20 08:30:00,2026-07-20 06:30:00,10,stunde_rekonstruiert,ha_lts_power_energy
Randreihe,2026-07-20 09:00:00,2026-07-20 07:00:00,171,stunde_rekonstruiert,ha_lts_power_energy
Reihe 1,2026-07-20 09:00:00,2026-07-20 07:00:00,11,stunde_rekonstruiert,ha_lts_power_energy
Reihe 2,2026-07-20 09:00:00,2026-07-20 07:00:00,172,stunde_rekonstruiert,ha_lts_power_energy
Reihe 1,2026-07-20 09:30:00,2026-07-20 07:30:00,11,stunde_rekonstruiert,ha_lts_power_energy
Randreihe,2026-07-20 10:00:00,2026-07-20 08:00:00,175,stunde_rekonstruiert,ha_lts_power_energy
Reihe 1,2026-07-20 10:00:00,2026-07-20 08:00:00,11,stunde_rekonstruiert,ha_lts_power_energy
Reihe 2,2026-07-20 10:00:00,2026-07-20 08:00:00,176,stunde_rekonstruiert,ha_lts_power_energy
Reihe 3,2026-07-20 10:00:00,2026-07-20 08:00:00,265,stunde_rekonstruiert,ha_lts_power_energy
Randreihe,2026-07-20 10:30:00,2026-07-20 08:30:00,175,stunde_rekonstruiert,ha_lts_power_energy
Reihe 1,2026-07-20 10:30:00,2026-07-20 08:30:00,11,stunde_rekonstruiert,ha_lts_power_energy
Reihe 2,2026-07-20 10:30:00,2026-07-20 08:30:00,176,stunde_rekonstruiert,ha_lts_power_energy
Reihe 3,2026-07-20 10:30:00,2026-07-20 08:30:00,265,stunde_rekonstruiert,ha_lts_power_energy
Randreihe,2026-07-20 11:00:00,2026-07-20 09:00:00,175,stunde_rekonstruiert,ha_lts_power_energy
Reihe 1,2026-07-20 11:00:00,2026-07-20 09:00:00,18,stunde_rekonstruiert,ha_lts_power_energy
Reihe 2,2026-07-20 11:00:00,2026-07-20 09:00:00,177,stunde_rekonstruiert,ha_lts_power_energy
Reihe 3,2026-07-20 11:00:00,2026-07-20 09:00:00,178,stunde_rekonstruiert,ha_lts_power_energy
Randreihe,2026-07-20 11:30:00,2026-07-20 09:30:00,175,stunde_rekonstruiert,ha_lts_power_energy
Reihe 1,2026-07-20 11:30:00,2026-07-20 09:30:00,18,stunde_rekonstruiert,ha_lts_power_energy
Reihe 2,2026-07-20 11:30:00,2026-07-20 09:30:00,177,stunde_rekonstruiert,ha_lts_power_energy
Reihe 3,2026-07-20 11:30:00,2026-07-20 09:30:00,178,stunde_rekonstruiert,ha_lts_power_energy
Randreihe,2026-07-20 12:00:00,2026-07-20 10:00:00,170,stunde_rekonstruiert,ha_lts_power_energy
Reihe 1,2026-07-20 12:00:00,2026-07-20 10:00:00,11,stunde_rekonstruiert,ha_lts_power_energy
Reihe 2,2026-07-20 12:00:00,2026-07-20 10:00:00,172,stunde_rekonstruiert,ha_lts_power_energy
Reihe 3,2026-07-20 12:00:00,2026-07-20 10:00:00,257,stunde_rekonstruiert,ha_lts_power_energy
Randreihe,2026-07-20 12:30:00,2026-07-20 10:30:00,170,stunde_rekonstruiert,ha_lts_power_energy
Reihe 1,2026-07-20 12:30:00,2026-07-20 10:30:00,11,stunde_rekonstruiert,ha_lts_power_energy
Reihe 2,2026-07-20 12:30:00,2026-07-20 10:30:00,172,stunde_rekonstruiert,ha_lts_power_energy
Reihe 3,2026-07-20 12:30:00,2026-07-20 10:30:00,257,stunde_rekonstruiert,ha_lts_power_energy
Randreihe,2026-07-20 13:00:00,2026-07-20 11:00:00,176,stunde_rekonstruiert,ha_lts_power_energy
Reihe 1,2026-07-20 13:00:00,2026-07-20 11:00:00,11,stunde_rekonstruiert,ha_lts_power_energy
Reihe 2,2026-07-20 13:00:00,2026-07-20 11:00:00,176,stunde_rekonstruiert,ha_lts_power_energy
Reihe 3,2026-07-20 13:00:00,2026-07-20 11:00:00,340,stunde_rekonstruiert,ha_lts_power_energy
Randreihe,2026-07-20 13:30:00,2026-07-20 11:30:00,176,stunde_rekonstruiert,ha_lts_power_energy
Reihe 1,2026-07-20 13:30:00,2026-07-20 11:30:00,11,stunde_rekonstruiert,ha_lts_power_energy
Reihe 2,2026-07-20 13:30:00,2026-07-20 11:30:00,176,stunde_rekonstruiert,ha_lts_power_energy
Reihe 3,2026-07-20 13:30:00,2026-07-20 11:30:00,340,stunde_rekonstruiert,ha_lts_power_energy
Randreihe,2026-07-20 14:00:00,2026-07-20 12:00:00,175,stunde_rekonstruiert,ha_lts_power_energy
Reihe 1,2026-07-20 14:00:00,2026-07-20 12:00:00,11,stunde_rekonstruiert,ha_lts_power_energy
Reihe 2,2026-07-20 14:00:00,2026-07-20 12:00:00,177,stunde_rekonstruiert,ha_lts_power_energy
Reihe 3,2026-07-20 14:00:00,2026-07-20 12:00:00,283,stunde_rekonstruiert,ha_lts_power_energy
Randreihe,2026-07-20 14:30:00,2026-07-20 12:30:00,175,stunde_rekonstruiert,ha_lts_power_energy
Reihe 1,2026-07-20 14:30:00,2026-07-20 12:30:00,11,stunde_rekonstruiert,ha_lts_power_energy
Reihe 2,2026-07-20 14:30:00,2026-07-20 12:30:00,177,stunde_rekonstruiert,ha_lts_power_energy
Reihe 3,2026-07-20 14:30:00,2026-07-20 12:30:00,283,stunde_rekonstruiert,ha_lts_power_energy
Randreihe,2026-07-20 15:00:00,2026-07-20 13:00:00,169,stunde_rekonstruiert,ha_lts_power_energy
Reihe 1,2026-07-20 15:00:00,2026-07-20 13:00:00,12,stunde_rekonstruiert,ha_lts_power_energy
Reihe 2,2026-07-20 15:00:00,2026-07-20 13:00:00,177,stunde_rekonstruiert,ha_lts_power_energy
Reihe 3,2026-07-20 15:00:00,2026-07-20 13:00:00,262,stunde_rekonstruiert,ha_lts_power_energy
Randreihe,2026-07-20 15:30:00,2026-07-20 13:30:00,169,stunde_rekonstruiert,ha_lts_power_energy
Reihe 1,2026-07-20 15:30:00,2026-07-20 13:30:00,12,stunde_rekonstruiert,ha_lts_power_energy
Reihe 2,2026-07-20 15:30:00,2026-07-20 13:30:00,177,stunde_rekonstruiert,ha_lts_power_energy
Reihe 3,2026-07-20 15:30:00,2026-07-20 13:30:00,262,stunde_rekonstruiert,ha_lts_power_energy
Randreihe,2026-07-20 16:00:00,2026-07-20 14:00:00,175,stunde_rekonstruiert,ha_lts_power_energy
Reihe 1,2026-07-20 16:00:00,2026-07-20 14:00:00,11,stunde_rekonstruiert,ha_lts_power_energy
Reihe 2,2026-07-20 16:00:00,2026-07-20 14:00:00,178,stunde_rekonstruiert,ha_lts_power_energy
Reihe 3,2026-07-20 16:00:00,2026-07-20 14:00:00,229,stunde_rekonstruiert,ha_lts_power_energy
Randreihe,2026-07-20 16:30:00,2026-07-20 14:30:00,175,stunde_rekonstruiert,ha_lts_power_energy
Reihe 1,2026-07-20 16:30:00,2026-07-20 14:30:00,11,stunde_rekonstruiert,ha_lts_power_energy
Reihe 2,2026-07-20 16:30:00,2026-07-20 14:30:00,178,stunde_rekonstruiert,ha_lts_power_energy
Reihe 3,2026-07-20 16:30:00,2026-07-20 14:30:00,229,stunde_rekonstruiert,ha_lts_power_energy
Randreihe,2026-07-20 17:00:00,2026-07-20 15:00:00,127,stunde_rekonstruiert,ha_lts_power_energy
Reihe 1,2026-07-20 17:00:00,2026-07-20 15:00:00,11,stunde_rekonstruiert,ha_lts_power_energy
Reihe 2,2026-07-20 17:00:00,2026-07-20 15:00:00,145,stunde_rekonstruiert,ha_lts_power_energy
Reihe 3,2026-07-20 17:00:00,2026-07-20 15:00:00,210,stunde_rekonstruiert,ha_lts_power_energy
Randreihe,2026-07-20 17:30:00,2026-07-20 15:30:00,127,stunde_rekonstruiert,ha_lts_power_energy
Reihe 1,2026-07-20 17:30:00,2026-07-20 15:30:00,11,stunde_rekonstruiert,ha_lts_power_energy
Reihe 2,2026-07-20 17:30:00,2026-07-20 15:30:00,145,stunde_rekonstruiert,ha_lts_power_energy
Reihe 3,2026-07-20 17:30:00,2026-07-20 15:30:00,210,stunde_rekonstruiert,ha_lts_power_energy
Randreihe,2026-07-20 18:00:00,2026-07-20 16:00:00,91,stunde_rekonstruiert,ha_lts_power_energy
Reihe 1,2026-07-20 18:00:00,2026-07-20 16:00:00,11,stunde_rekonstruiert,ha_lts_power_energy
Reihe 2,2026-07-20 18:00:00,2026-07-20 16:00:00,72,stunde_rekonstruiert,ha_lts_power_energy
Reihe 1,2026-07-20 18:30:00,2026-07-20 16:30:00,11,stunde_rekonstruiert,ha_lts_power_energy
Reihe 1,2026-07-20 19:00:00,2026-07-20 17:00:00,11,stunde_rekonstruiert,ha_lts_power_energy
Reihe 1,2026-07-20 19:30:00,2026-07-20 17:30:00,11,stunde_rekonstruiert,ha_lts_power_energy
Reihe 1,2026-07-20 20:00:00,2026-07-20 18:00:00,11,stunde_rekonstruiert,ha_lts_power_energy
Reihe 1,2026-07-20 20:30:00,2026-07-20 18:30:00,11,stunde_rekonstruiert,ha_lts_power_energy
Reihe 1,2026-07-21 06:00:00,2026-07-21 04:00:00,12,stunde_rekonstruiert,ha_lts_power_energy
Reihe 1,2026-07-21 06:30:00,2026-07-21 04:30:00,12,stunde_rekonstruiert,ha_lts_power_energy
Randreihe,2026-07-21 07:00:00,2026-07-21 05:00:00,172,stunde_rekonstruiert,ha_lts_power_energy
Reihe 1,2026-07-21 07:00:00,2026-07-21 05:00:00,11,stunde_rekonstruiert,ha_lts_power_energy
Reihe 2,2026-07-21 07:00:00,2026-07-21 05:00:00,175,stunde_rekonstruiert,ha_lts_power_energy
Reihe 3,2026-07-21 07:00:00,2026-07-21 05:00:00,180,stunde_rekonstruiert,ha_lts_power_energy
Reihe 1,2026-07-21 07:30:00,2026-07-21 05:30:00,11,stunde_rekonstruiert,ha_lts_power_energy
Randreihe,2026-07-21 08:00:00,2026-07-21 06:00:00,175,stunde_rekonstruiert,ha_lts_power_energy
Reihe 1,2026-07-21 08:00:00,2026-07-21 06:00:00,11,stunde_rekonstruiert,ha_lts_power_energy
Reihe 2,2026-07-21 08:00:00,2026-07-21 06:00:00,174,stunde_rekonstruiert,ha_lts_power_energy
Reihe 3,2026-07-21 08:00:00,2026-07-21 06:00:00,179,stunde_rekonstruiert,ha_lts_power_energy
Reihe 1,2026-07-21 08:30:00,2026-07-21 06:30:00,11,stunde_rekonstruiert,ha_lts_power_energy
Reihe 1,2026-07-21 09:00:00,2026-07-21 07:00:00,11,stunde_rekonstruiert,ha_lts_power_energy
Reihe 3,2026-07-21 09:00:00,2026-07-21 07:00:00,176,stunde_rekonstruiert,ha_lts_power_energy
Reihe 1,2026-07-21 09:30:00,2026-07-21 07:30:00,11,stunde_rekonstruiert,ha_lts_power_energy
Randreihe,2026-07-21 10:00:00,2026-07-21 08:00:00,175,stunde_rekonstruiert,ha_lts_power_energy
Reihe 1,2026-07-21 10:00:00,2026-07-21 08:00:00,11,stunde_rekonstruiert,ha_lts_power_energy
Reihe 2,2026-07-21 10:00:00,2026-07-21 08:00:00,171,stunde_rekonstruiert,ha_lts_power_energy
Reihe 3,2026-07-21 10:00:00,2026-07-21 08:00:00,178,stunde_rekonstruiert,ha_lts_power_energy
Randreihe,2026-07-21 10:30:00,2026-07-21 08:30:00,175,stunde_rekonstruiert,ha_lts_power_energy
Reihe 1,2026-07-21 10:30:00,2026-07-21 08:30:00,11,stunde_rekonstruiert,ha_lts_power_energy
Reihe 2,2026-07-21 10:30:00,2026-07-21 08:30:00,171,stunde_rekonstruiert,ha_lts_power_energy
Randreihe,2026-07-21 11:00:00,2026-07-21 09:00:00,177,stunde_rekonstruiert,ha_lts_power_energy
Reihe 1,2026-07-21 11:00:00,2026-07-21 09:00:00,11,stunde_rekonstruiert,ha_lts_power_energy
Reihe 2,2026-07-21 11:00:00,2026-07-21 09:00:00,178,stunde_rekonstruiert,ha_lts_power_energy
Reihe 3,2026-07-21 11:00:00,2026-07-21 09:00:00,176,stunde_rekonstruiert,ha_lts_power_energy
Reihe 1,2026-07-21 11:30:00,2026-07-21 09:30:00,11,stunde_rekonstruiert,ha_lts_power_energy
Reihe 3,2026-07-21 11:30:00,2026-07-21 09:30:00,176,stunde_rekonstruiert,ha_lts_power_energy
Randreihe,2026-07-21 12:00:00,2026-07-21 10:00:00,170,stunde_rekonstruiert,ha_lts_power_energy
Reihe 1,2026-07-21 12:00:00,2026-07-21 10:00:00,11,stunde_rekonstruiert,ha_lts_power_energy
Reihe 2,2026-07-21 12:00:00,2026-07-21 10:00:00,169,stunde_rekonstruiert,ha_lts_power_energy
Reihe 3,2026-07-21 12:00:00,2026-07-21 10:00:00,262,stunde_rekonstruiert,ha_lts_power_energy
Randreihe,2026-07-21 12:30:00,2026-07-21 10:30:00,170,stunde_rekonstruiert,ha_lts_power_energy
Reihe 1,2026-07-21 12:30:00,2026-07-21 10:30:00,11,stunde_rekonstruiert,ha_lts_power_energy
Reihe 2,2026-07-21 12:30:00,2026-07-21 10:30:00,169,stunde_rekonstruiert,ha_lts_power_energy
Reihe 3,2026-07-21 12:30:00,2026-07-21 10:30:00,262,stunde_rekonstruiert,ha_lts_power_energy
Randreihe,2026-07-21 13:00:00,2026-07-21 11:00:00,177,stunde_rekonstruiert,ha_lts_power_energy
Reihe 1,2026-07-21 13:00:00,2026-07-21 11:00:00,11,stunde_rekonstruiert,ha_lts_power_energy
Reihe 2,2026-07-21 13:00:00,2026-07-21 11:00:00,177,stunde_rekonstruiert,ha_lts_power_energy
Reihe 3,2026-07-21 13:00:00,2026-07-21 11:00:00,179,stunde_rekonstruiert,ha_lts_power_energy
Reihe 1,2026-07-21 13:30:00,2026-07-21 11:30:00,11,stunde_rekonstruiert,ha_lts_power_energy
Reihe 3,2026-07-21 13:30:00,2026-07-21 11:30:00,179,stunde_rekonstruiert,ha_lts_power_energy
Randreihe,2026-07-21 14:00:00,2026-07-21 12:00:00,176,stunde_rekonstruiert,ha_lts_power_energy
Reihe 1,2026-07-21 14:00:00,2026-07-21 12:00:00,11,stunde_rekonstruiert,ha_lts_power_energy
Reihe 2,2026-07-21 14:00:00,2026-07-21 12:00:00,176,stunde_rekonstruiert,ha_lts_power_energy
Reihe 3,2026-07-21 14:00:00,2026-07-21 12:00:00,178,stunde_rekonstruiert,ha_lts_power_energy
Reihe 1,2026-07-21 14:30:00,2026-07-21 12:30:00,11,stunde_rekonstruiert,ha_lts_power_energy
Randreihe,2026-07-21 15:00:00,2026-07-21 13:00:00,130,stunde_rekonstruiert,ha_lts_power_energy
Reihe 1,2026-07-21 15:00:00,2026-07-21 13:00:00,11,stunde_rekonstruiert,ha_lts_power_energy
Reihe 2,2026-07-21 15:00:00,2026-07-21 13:00:00,130,stunde_rekonstruiert,ha_lts_power_energy
Reihe 3,2026-07-21 15:00:00,2026-07-21 13:00:00,179,stunde_rekonstruiert,ha_lts_power_energy
Randreihe,2026-07-21 15:30:00,2026-07-21 13:30:00,130,stunde_rekonstruiert,ha_lts_power_energy
Reihe 1,2026-07-21 15:30:00,2026-07-21 13:30:00,11,stunde_rekonstruiert,ha_lts_power_energy
Reihe 2,2026-07-21 15:30:00,2026-07-21 13:30:00,130,stunde_rekonstruiert,ha_lts_power_energy
Randreihe,2026-07-21 16:00:00,2026-07-21 14:00:00,133,stunde_rekonstruiert,ha_lts_power_energy
Reihe 1,2026-07-21 16:00:00,2026-07-21 14:00:00,11,stunde_rekonstruiert,ha_lts_power_energy
Reihe 2,2026-07-21 16:00:00,2026-07-21 14:00:00,133,stunde_rekonstruiert,ha_lts_power_energy
Reihe 3,2026-07-21 16:00:00,2026-07-21 14:00:00,178,stunde_rekonstruiert,ha_lts_power_energy
Randreihe,2026-07-21 16:30:00,2026-07-21 14:30:00,133,stunde_rekonstruiert,ha_lts_power_energy
Reihe 1,2026-07-21 16:30:00,2026-07-21 14:30:00,11,stunde_rekonstruiert,ha_lts_power_energy
Reihe 2,2026-07-21 16:30:00,2026-07-21 14:30:00,133,stunde_rekonstruiert,ha_lts_power_energy
Reihe 3,2026-07-21 16:30:00,2026-07-21 14:30:00,178,stunde_rekonstruiert,ha_lts_power_energy
Reihe 1,2026-07-21 17:00:00,2026-07-21 15:00:00,11,stunde_rekonstruiert,ha_lts_power_energy
Reihe 3,2026-07-21 17:00:00,2026-07-21 15:00:00,180,stunde_rekonstruiert,ha_lts_power_energy
Reihe 1,2026-07-21 17:30:00,2026-07-21 15:30:00,11,stunde_rekonstruiert,ha_lts_power_energy
Reihe 1,2026-07-21 18:00:00,2026-07-21 16:00:00,12,stunde_rekonstruiert,ha_lts_power_energy
Reihe 1,2026-07-21 18:30:00,2026-07-21 16:30:00,12,stunde_rekonstruiert,ha_lts_power_energy
Reihe 1,2026-07-21 19:00:00,2026-07-21 17:00:00,10,stunde_rekonstruiert,ha_lts_power_energy
Reihe 1,2026-07-21 19:30:00,2026-07-21 17:30:00,10,stunde_rekonstruiert,ha_lts_power_energy
Reihe 1,2026-07-21 20:00:00,2026-07-21 18:00:00,10,stunde_rekonstruiert,ha_lts_power_energy
Reihe 1,2026-07-21 20:30:00,2026-07-21 18:30:00,10,stunde_rekonstruiert,ha_lts_power_energy
Reihe 1,2026-07-22 06:00:00,2026-07-22 04:00:00,11,stunde_rekonstruiert,ha_lts_power_energy
Reihe 1,2026-07-22 06:30:00,2026-07-22 04:30:00,11,stunde_rekonstruiert,ha_lts_power_energy
Randreihe,2026-07-22 07:00:00,2026-07-22 05:00:00,173,stunde_rekonstruiert,ha_lts_power_energy
Reihe 1,2026-07-22 07:00:00,2026-07-22 05:00:00,11,stunde_rekonstruiert,ha_lts_power_energy
Reihe 2,2026-07-22 07:00:00,2026-07-22 05:00:00,175,stunde_rekonstruiert,ha_lts_power_energy
Reihe 3,2026-07-22 07:00:00,2026-07-22 05:00:00,178,stunde_rekonstruiert,ha_lts_power_energy
Reihe 1,2026-07-22 07:30:00,2026-07-22 05:30:00,11,stunde_rekonstruiert,ha_lts_power_energy
Reihe 1,2026-07-22 08:00:00,2026-07-22 06:00:00,11,stunde_rekonstruiert,ha_lts_power_energy
Reihe 1,2026-07-22 08:30:00,2026-07-22 06:30:00,11,stunde_rekonstruiert,ha_lts_power_energy
Randreihe,2026-07-22 09:00:00,2026-07-22 07:00:00,175,stunde_rekonstruiert,ha_lts_power_energy
Reihe 1,2026-07-22 09:00:00,2026-07-22 07:00:00,12,stunde_rekonstruiert,ha_lts_power_energy
Reihe 2,2026-07-22 09:00:00,2026-07-22 07:00:00,170,stunde_rekonstruiert,ha_lts_power_energy
Reihe 3,2026-07-22 09:00:00,2026-07-22 07:00:00,180,stunde_rekonstruiert,ha_lts_power_energy
Reihe 1,2026-07-22 09:30:00,2026-07-22 07:30:00,12,stunde_rekonstruiert,ha_lts_power_energy
Randreihe,2026-07-22 10:00:00,2026-07-22 08:00:00,171,stunde_rekonstruiert,ha_lts_power_energy
Reihe 1,2026-07-22 10:00:00,2026-07-22 08:00:00,11,stunde_rekonstruiert,ha_lts_power_energy
Reihe 2,2026-07-22 10:00:00,2026-07-22 08:00:00,176,stunde_rekonstruiert,ha_lts_power_energy
Reihe 3,2026-07-22 10:00:00,2026-07-22 08:00:00,265,stunde_rekonstruiert,ha_lts_power_energy
Randreihe,2026-07-22 10:30:00,2026-07-22 08:30:00,171,stunde_rekonstruiert,ha_lts_power_energy
Reihe 1,2026-07-22 10:30:00,2026-07-22 08:30:00,11,stunde_rekonstruiert,ha_lts_power_energy
Reihe 2,2026-07-22 10:30:00,2026-07-22 08:30:00,176,stunde_rekonstruiert,ha_lts_power_energy
Reihe 3,2026-07-22 10:30:00,2026-07-22 08:30:00,265,stunde_rekonstruiert,ha_lts_power_energy
Randreihe,2026-07-22 11:00:00,2026-07-22 09:00:00,175,stunde_rekonstruiert,ha_lts_power_energy
Reihe 1,2026-07-22 11:00:00,2026-07-22 09:00:00,11,stunde_rekonstruiert,ha_lts_power_energy
Reihe 2,2026-07-22 11:00:00,2026-07-22 09:00:00,176,stunde_rekonstruiert,ha_lts_power_energy
Reihe 3,2026-07-22 11:00:00,2026-07-22 09:00:00,180,stunde_rekonstruiert,ha_lts_power_energy
Randreihe,2026-07-22 11:30:00,2026-07-22 09:30:00,175,stunde_rekonstruiert,ha_lts_power_energy
Reihe 1,2026-07-22 11:30:00,2026-07-22 09:30:00,11,stunde_rekonstruiert,ha_lts_power_energy
Reihe 2,2026-07-22 11:30:00,2026-07-22 09:30:00,176,stunde_rekonstruiert,ha_lts_power_energy
Reihe 3,2026-07-22 11:30:00,2026-07-22 09:30:00,180,stunde_rekonstruiert,ha_lts_power_energy
Randreihe,2026-07-22 12:00:00,2026-07-22 10:00:00,175,stunde_rekonstruiert,ha_lts_power_energy
Reihe 1,2026-07-22 12:00:00,2026-07-22 10:00:00,11,stunde_rekonstruiert,ha_lts_power_energy
Reihe 2,2026-07-22 12:00:00,2026-07-22 10:00:00,161,stunde_rekonstruiert,ha_lts_power_energy
Reihe 3,2026-07-22 12:00:00,2026-07-22 10:00:00,267,stunde_rekonstruiert,ha_lts_power_energy
Randreihe,2026-07-22 12:30:00,2026-07-22 10:30:00,175,stunde_rekonstruiert,ha_lts_power_energy
Reihe 1,2026-07-22 12:30:00,2026-07-22 10:30:00,11,stunde_rekonstruiert,ha_lts_power_energy
Reihe 2,2026-07-22 12:30:00,2026-07-22 10:30:00,161,stunde_rekonstruiert,ha_lts_power_energy
Reihe 3,2026-07-22 12:30:00,2026-07-22 10:30:00,267,stunde_rekonstruiert,ha_lts_power_energy
Randreihe,2026-07-22 13:00:00,2026-07-22 11:00:00,175,stunde_rekonstruiert,ha_lts_power_energy
Reihe 1,2026-07-22 13:00:00,2026-07-22 11:00:00,11,stunde_rekonstruiert,ha_lts_power_energy
Reihe 2,2026-07-22 13:00:00,2026-07-22 11:00:00,193,stunde_rekonstruiert,ha_lts_power_energy
Reihe 3,2026-07-22 13:00:00,2026-07-22 11:00:00,265,stunde_rekonstruiert,ha_lts_power_energy
Randreihe,2026-07-22 13:30:00,2026-07-22 11:30:00,175,stunde_rekonstruiert,ha_lts_power_energy
Reihe 1,2026-07-22 13:30:00,2026-07-22 11:30:00,11,stunde_rekonstruiert,ha_lts_power_energy
Reihe 2,2026-07-22 13:30:00,2026-07-22 11:30:00,193,stunde_rekonstruiert,ha_lts_power_energy
Reihe 3,2026-07-22 13:30:00,2026-07-22 11:30:00,265,stunde_rekonstruiert,ha_lts_power_energy
Randreihe,2026-07-22 14:00:00,2026-07-22 12:00:00,176,stunde_rekonstruiert,ha_lts_power_energy
Reihe 1,2026-07-22 14:00:00,2026-07-22 12:00:00,11,stunde_rekonstruiert,ha_lts_power_energy
Reihe 2,2026-07-22 14:00:00,2026-07-22 12:00:00,133,stunde_rekonstruiert,ha_lts_power_energy
Reihe 3,2026-07-22 14:00:00,2026-07-22 12:00:00,257,stunde_rekonstruiert,ha_lts_power_energy
Randreihe,2026-07-22 14:30:00,2026-07-22 12:30:00,176,stunde_rekonstruiert,ha_lts_power_energy
Reihe 1,2026-07-22 14:30:00,2026-07-22 12:30:00,11,stunde_rekonstruiert,ha_lts_power_energy
Reihe 2,2026-07-22 14:30:00,2026-07-22 12:30:00,133,stunde_rekonstruiert,ha_lts_power_energy
Reihe 3,2026-07-22 14:30:00,2026-07-22 12:30:00,257,stunde_rekonstruiert,ha_lts_power_energy
Randreihe,2026-07-22 15:00:00,2026-07-22 13:00:00,179,stunde_rekonstruiert,ha_lts_power_energy
Reihe 1,2026-07-22 15:00:00,2026-07-22 13:00:00,11,stunde_rekonstruiert,ha_lts_power_energy
Reihe 2,2026-07-22 15:00:00,2026-07-22 13:00:00,135,stunde_rekonstruiert,ha_lts_power_energy
Reihe 3,2026-07-22 15:00:00,2026-07-22 13:00:00,175,stunde_rekonstruiert,ha_lts_power_energy
Reihe 1,2026-07-22 15:30:00,2026-07-22 13:30:00,11,stunde_rekonstruiert,ha_lts_power_energy
Reihe 2,2026-07-22 15:30:00,2026-07-22 13:30:00,135,stunde_rekonstruiert,ha_lts_power_energy
Reihe 3,2026-07-22 15:30:00,2026-07-22 13:30:00,175,stunde_rekonstruiert,ha_lts_power_energy
Randreihe,2026-07-22 16:00:00,2026-07-22 14:00:00,177,stunde_rekonstruiert,ha_lts_power_energy
Reihe 1,2026-07-22 16:00:00,2026-07-22 14:00:00,12,stunde_rekonstruiert,ha_lts_power_energy
Reihe 2,2026-07-22 16:00:00,2026-07-22 14:00:00,175,stunde_rekonstruiert,ha_lts_power_energy
Reihe 3,2026-07-22 16:00:00,2026-07-22 14:00:00,179,stunde_rekonstruiert,ha_lts_power_energy
Reihe 1,2026-07-22 16:30:00,2026-07-22 14:30:00,12,stunde_rekonstruiert,ha_lts_power_energy
Randreihe,2026-07-22 17:00:00,2026-07-22 15:00:00,175,stunde_rekonstruiert,ha_lts_power_energy
Reihe 1,2026-07-22 17:00:00,2026-07-22 15:00:00,11,stunde_rekonstruiert,ha_lts_power_energy
Reihe 2,2026-07-22 17:00:00,2026-07-22 15:00:00,176,stunde_rekonstruiert,ha_lts_power_energy
Reihe 3,2026-07-22 17:00:00,2026-07-22 15:00:00,179,stunde_rekonstruiert,ha_lts_power_energy
Reihe 1,2026-07-22 17:30:00,2026-07-22 15:30:00,11,stunde_rekonstruiert,ha_lts_power_energy
Reihe 1,2026-07-22 18:00:00,2026-07-22 16:00:00,11,stunde_rekonstruiert,ha_lts_power_energy
Reihe 1,2026-07-22 18:30:00,2026-07-22 16:30:00,11,stunde_rekonstruiert,ha_lts_power_energy
Reihe 1,2026-07-22 19:00:00,2026-07-22 17:00:00,11,stunde_rekonstruiert,ha_lts_power_energy
Reihe 1,2026-07-22 19:30:00,2026-07-22 17:30:00,11,stunde_rekonstruiert,ha_lts_power_energy
Reihe 1,2026-07-22 20:00:00,2026-07-22 18:00:00,12,stunde_rekonstruiert,ha_lts_power_energy
Reihe 1,2026-07-22 20:30:00,2026-07-22 18:30:00,12,stunde_rekonstruiert,ha_lts_power_energy
Reihe 1,2026-07-23 06:00:00,2026-07-23 04:00:00,11,stunde_rekonstruiert,ha_lts_power_energy
Reihe 1,2026-07-23 06:30:00,2026-07-23 04:30:00,11,stunde_rekonstruiert,ha_lts_power_energy
Randreihe,2026-07-23 07:00:00,2026-07-23 05:00:00,173,stunde_rekonstruiert,ha_lts_power_energy
Reihe 1,2026-07-23 07:00:00,2026-07-23 05:00:00,11,stunde_rekonstruiert,ha_lts_power_energy
Reihe 2,2026-07-23 07:00:00,2026-07-23 05:00:00,169,stunde_rekonstruiert,ha_lts_power_energy
Reihe 3,2026-07-23 07:00:00,2026-07-23 05:00:00,180,stunde_rekonstruiert,ha_lts_power_energy
Reihe 1,2026-07-23 07:30:00,2026-07-23 05:30:00,11,stunde_rekonstruiert,ha_lts_power_energy
Reihe 1,2026-07-23 08:00:00,2026-07-23 06:00:00,11,stunde_rekonstruiert,ha_lts_power_energy
Reihe 1,2026-07-23 08:30:00,2026-07-23 06:30:00,11,stunde_rekonstruiert,ha_lts_power_energy
Randreihe,2026-07-23 09:00:00,2026-07-23 07:00:00,176,stunde_rekonstruiert,ha_lts_power_energy
Reihe 1,2026-07-23 09:00:00,2026-07-23 07:00:00,12,stunde_rekonstruiert,ha_lts_power_energy
Reihe 2,2026-07-23 09:00:00,2026-07-23 07:00:00,177,stunde_rekonstruiert,ha_lts_power_energy
Reihe 3,2026-07-23 09:00:00,2026-07-23 07:00:00,179,stunde_rekonstruiert,ha_lts_power_energy
Reihe 1,2026-07-23 09:30:00,2026-07-23 07:30:00,12,stunde_rekonstruiert,ha_lts_power_energy
Randreihe,2026-07-23 10:00:00,2026-07-23 08:00:00,169,stunde_rekonstruiert,ha_lts_power_energy
Reihe 1,2026-07-23 10:00:00,2026-07-23 08:00:00,11,stunde_rekonstruiert,ha_lts_power_energy
Reihe 2,2026-07-23 10:00:00,2026-07-23 08:00:00,173,stunde_rekonstruiert,ha_lts_power_energy
Reihe 3,2026-07-23 10:00:00,2026-07-23 08:00:00,173,stunde_rekonstruiert,ha_lts_power_energy
Reihe 1,2026-07-23 10:30:00,2026-07-23 08:30:00,11,stunde_rekonstruiert,ha_lts_power_energy
Randreihe,2026-07-23 11:00:00,2026-07-23 09:00:00,176,stunde_rekonstruiert,ha_lts_power_energy
Reihe 1,2026-07-23 11:00:00,2026-07-23 09:00:00,11,stunde_rekonstruiert,ha_lts_power_energy
Reihe 2,2026-07-23 11:00:00,2026-07-23 09:00:00,176,stunde_rekonstruiert,ha_lts_power_energy
Reihe 3,2026-07-23 11:00:00,2026-07-23 09:00:00,177,stunde_rekonstruiert,ha_lts_power_energy
Reihe 1,2026-07-23 11:30:00,2026-07-23 09:30:00,11,stunde_rekonstruiert,ha_lts_power_energy
Reihe 3,2026-07-23 11:30:00,2026-07-23 09:30:00,177,stunde_rekonstruiert,ha_lts_power_energy
Randreihe,2026-07-23 12:00:00,2026-07-23 10:00:00,176,stunde_rekonstruiert,ha_lts_power_energy
Reihe 1,2026-07-23 12:00:00,2026-07-23 10:00:00,10,stunde_rekonstruiert,ha_lts_power_energy
Reihe 2,2026-07-23 12:00:00,2026-07-23 10:00:00,175,stunde_rekonstruiert,ha_lts_power_energy
Reihe 3,2026-07-23 12:00:00,2026-07-23 10:00:00,177,stunde_rekonstruiert,ha_lts_power_energy
Randreihe,2026-07-23 12:30:00,2026-07-23 10:30:00,176,stunde_rekonstruiert,ha_lts_power_energy
Reihe 1,2026-07-23 12:30:00,2026-07-23 10:30:00,10,stunde_rekonstruiert,ha_lts_power_energy
Reihe 2,2026-07-23 12:30:00,2026-07-23 10:30:00,175,stunde_rekonstruiert,ha_lts_power_energy
Reihe 3,2026-07-23 12:30:00,2026-07-23 10:30:00,177,stunde_rekonstruiert,ha_lts_power_energy
Randreihe,2026-07-23 13:00:00,2026-07-23 11:00:00,286,stunde_rekonstruiert,ha_lts_power_energy
Reihe 1,2026-07-23 13:00:00,2026-07-23 11:00:00,12,stunde_rekonstruiert,ha_lts_power_energy
Reihe 2,2026-07-23 13:00:00,2026-07-23 11:00:00,294,stunde_rekonstruiert,ha_lts_power_energy
Reihe 3,2026-07-23 13:00:00,2026-07-23 11:00:00,206,stunde_rekonstruiert,ha_lts_power_energy
Randreihe,2026-07-23 13:30:00,2026-07-23 11:30:00,286,stunde_rekonstruiert,ha_lts_power_energy
Reihe 1,2026-07-23 13:30:00,2026-07-23 11:30:00,12,stunde_rekonstruiert,ha_lts_power_energy
Reihe 2,2026-07-23 13:30:00,2026-07-23 11:30:00,294,stunde_rekonstruiert,ha_lts_power_energy
Reihe 3,2026-07-23 13:30:00,2026-07-23 11:30:00,206,stunde_rekonstruiert,ha_lts_power_energy
Randreihe,2026-07-23 14:00:00,2026-07-23 12:00:00,176,stunde_rekonstruiert,ha_lts_power_energy
Reihe 1,2026-07-23 14:00:00,2026-07-23 12:00:00,11,stunde_rekonstruiert,ha_lts_power_energy
Reihe 2,2026-07-23 14:00:00,2026-07-23 12:00:00,177,stunde_rekonstruiert,ha_lts_power_energy
Reihe 3,2026-07-23 14:00:00,2026-07-23 12:00:00,241,stunde_rekonstruiert,ha_lts_power_energy
Reihe 1,2026-07-23 14:30:00,2026-07-23 12:30:00,11,stunde_rekonstruiert,ha_lts_power_energy
Reihe 3,2026-07-23 14:30:00,2026-07-23 12:30:00,241,stunde_rekonstruiert,ha_lts_power_energy
Randreihe,2026-07-23 15:00:00,2026-07-23 13:00:00,176,stunde_rekonstruiert,ha_lts_power_energy
Reihe 1,2026-07-23 15:00:00,2026-07-23 13:00:00,10,stunde_rekonstruiert,ha_lts_power_energy
Reihe 2,2026-07-23 15:00:00,2026-07-23 13:00:00,177,stunde_rekonstruiert,ha_lts_power_energy
Reihe 3,2026-07-23 15:00:00,2026-07-23 13:00:00,256,stunde_rekonstruiert,ha_lts_power_energy
Randreihe,2026-07-23 15:30:00,2026-07-23 13:30:00,176,stunde_rekonstruiert,ha_lts_power_energy
Reihe 1,2026-07-23 15:30:00,2026-07-23 13:30:00,10,stunde_rekonstruiert,ha_lts_power_energy
Reihe 2,2026-07-23 15:30:00,2026-07-23 13:30:00,177,stunde_rekonstruiert,ha_lts_power_energy
Reihe 3,2026-07-23 15:30:00,2026-07-23 13:30:00,256,stunde_rekonstruiert,ha_lts_power_energy
Randreihe,2026-07-23 16:00:00,2026-07-23 14:00:00,169,stunde_rekonstruiert,ha_lts_power_energy
Reihe 1,2026-07-23 16:00:00,2026-07-23 14:00:00,11,stunde_rekonstruiert,ha_lts_power_energy
Reihe 2,2026-07-23 16:00:00,2026-07-23 14:00:00,177,stunde_rekonstruiert,ha_lts_power_energy
Reihe 3,2026-07-23 16:00:00,2026-07-23 14:00:00,178,stunde_rekonstruiert,ha_lts_power_energy
Randreihe,2026-07-23 16:30:00,2026-07-23 14:30:00,169,stunde_rekonstruiert,ha_lts_power_energy
Reihe 1,2026-07-23 16:30:00,2026-07-23 14:30:00,11,stunde_rekonstruiert,ha_lts_power_energy
Reihe 2,2026-07-23 16:30:00,2026-07-23 14:30:00,177,stunde_rekonstruiert,ha_lts_power_energy
Reihe 3,2026-07-23 16:30:00,2026-07-23 14:30:00,178,stunde_rekonstruiert,ha_lts_power_energy
Randreihe,2026-07-23 17:00:00,2026-07-23 15:00:00,175,stunde_rekonstruiert,ha_lts_power_energy
Reihe 1,2026-07-23 17:00:00,2026-07-23 15:00:00,11,stunde_rekonstruiert,ha_lts_power_energy
Reihe 2,2026-07-23 17:00:00,2026-07-23 15:00:00,176,stunde_rekonstruiert,ha_lts_power_energy
Reihe 3,2026-07-23 17:00:00,2026-07-23 15:00:00,178,stunde_rekonstruiert,ha_lts_power_energy
Reihe 1,2026-07-23 17:30:00,2026-07-23 15:30:00,11,stunde_rekonstruiert,ha_lts_power_energy
Reihe 3,2026-07-23 17:30:00,2026-07-23 15:30:00,178,stunde_rekonstruiert,ha_lts_power_energy
Reihe 1,2026-07-23 18:00:00,2026-07-23 16:00:00,10,stunde_rekonstruiert,ha_lts_power_energy
Reihe 1,2026-07-23 18:30:00,2026-07-23 16:30:00,10,stunde_rekonstruiert,ha_lts_power_energy
Reihe 1,2026-07-23 19:00:00,2026-07-23 17:00:00,10,stunde_rekonstruiert,ha_lts_power_energy
Reihe 1,2026-07-23 19:30:00,2026-07-23 17:30:00,10,stunde_rekonstruiert,ha_lts_power_energy
Reihe 1,2026-07-23 20:00:00,2026-07-23 18:00:00,11,stunde_rekonstruiert,ha_lts_power_energy
Reihe 1,2026-07-23 20:30:00,2026-07-23 18:30:00,11,stunde_rekonstruiert,ha_lts_power_energy
Reihe 1,2026-07-24 06:00:00,2026-07-24 04:00:00,11,stunde_rekonstruiert,ha_lts_power_energy
Reihe 1,2026-07-24 06:30:00,2026-07-24 04:30:00,11,stunde_rekonstruiert,ha_lts_power_energy
Randreihe,2026-07-24 07:00:00,2026-07-24 05:00:00,173,stunde_rekonstruiert,ha_lts_power_energy
Reihe 1,2026-07-24 07:00:00,2026-07-24 05:00:00,11,stunde_rekonstruiert,ha_lts_power_energy
Reihe 2,2026-07-24 07:00:00,2026-07-24 05:00:00,175,stunde_rekonstruiert,ha_lts_power_energy
Reihe 3,2026-07-24 07:00:00,2026-07-24 05:00:00,180,stunde_rekonstruiert,ha_lts_power_energy
Reihe 1,2026-07-24 07:30:00,2026-07-24 05:30:00,11,stunde_rekonstruiert,ha_lts_power_energy
Reihe 1,2026-07-24 08:00:00,2026-07-24 06:00:00,11,stunde_rekonstruiert,ha_lts_power_energy
Reihe 3,2026-07-24 08:00:00,2026-07-24 06:00:00,179,stunde_rekonstruiert,ha_lts_power_energy
Reihe 1,2026-07-24 08:30:00,2026-07-24 06:30:00,11,stunde_rekonstruiert,ha_lts_power_energy
Randreihe,2026-07-24 09:00:00,2026-07-24 07:00:00,174,stunde_rekonstruiert,ha_lts_power_energy
Reihe 1,2026-07-24 09:00:00,2026-07-24 07:00:00,11,stunde_rekonstruiert,ha_lts_power_energy
Reihe 2,2026-07-24 09:00:00,2026-07-24 07:00:00,176,stunde_rekonstruiert,ha_lts_power_energy
Reihe 1,2026-07-24 09:30:00,2026-07-24 07:30:00,11,stunde_rekonstruiert,ha_lts_power_energy
Randreihe,2026-07-24 10:00:00,2026-07-24 08:00:00,167,stunde_rekonstruiert,ha_lts_power_energy
Reihe 1,2026-07-24 10:00:00,2026-07-24 08:00:00,12,stunde_rekonstruiert,ha_lts_power_energy
Reihe 2,2026-07-24 10:00:00,2026-07-24 08:00:00,176,stunde_rekonstruiert,ha_lts_power_energy
Reihe 3,2026-07-24 10:00:00,2026-07-24 08:00:00,178,stunde_rekonstruiert,ha_lts_power_energy
Randreihe,2026-07-24 10:30:00,2026-07-24 08:30:00,167,stunde_rekonstruiert,ha_lts_power_energy
Reihe 1,2026-07-24 10:30:00,2026-07-24 08:30:00,12,stunde_rekonstruiert,ha_lts_power_energy
Reihe 2,2026-07-24 10:30:00,2026-07-24 08:30:00,176,stunde_rekonstruiert,ha_lts_power_energy
Reihe 3,2026-07-24 10:30:00,2026-07-24 08:30:00,178,stunde_rekonstruiert,ha_lts_power_energy
Randreihe,2026-07-24 11:00:00,2026-07-24 09:00:00,175,stunde_rekonstruiert,ha_lts_power_energy
Reihe 1,2026-07-24 11:00:00,2026-07-24 09:00:00,11,stunde_rekonstruiert,ha_lts_power_energy
Reihe 2,2026-07-24 11:00:00,2026-07-24 09:00:00,177,stunde_rekonstruiert,ha_lts_power_energy
Reihe 3,2026-07-24 11:00:00,2026-07-24 09:00:00,263,stunde_rekonstruiert,ha_lts_power_energy
Randreihe,2026-07-24 11:30:00,2026-07-24 09:30:00,175,stunde_rekonstruiert,ha_lts_power_energy
Reihe 1,2026-07-24 11:30:00,2026-07-24 09:30:00,11,stunde_rekonstruiert,ha_lts_power_energy
Reihe 2,2026-07-24 11:30:00,2026-07-24 09:30:00,177,stunde_rekonstruiert,ha_lts_power_energy
Reihe 3,2026-07-24 11:30:00,2026-07-24 09:30:00,263,stunde_rekonstruiert,ha_lts_power_energy
Randreihe,2026-07-24 12:00:00,2026-07-24 10:00:00,175,stunde_rekonstruiert,ha_lts_power_energy
Reihe 1,2026-07-24 12:00:00,2026-07-24 10:00:00,12,stunde_rekonstruiert,ha_lts_power_energy
Reihe 2,2026-07-24 12:00:00,2026-07-24 10:00:00,176,stunde_rekonstruiert,ha_lts_power_energy
Reihe 3,2026-07-24 12:00:00,2026-07-24 10:00:00,280,stunde_rekonstruiert,ha_lts_power_energy
Randreihe,2026-07-24 12:30:00,2026-07-24 10:30:00,175,stunde_rekonstruiert,ha_lts_power_energy
Reihe 1,2026-07-24 12:30:00,2026-07-24 10:30:00,12,stunde_rekonstruiert,ha_lts_power_energy
Reihe 2,2026-07-24 12:30:00,2026-07-24 10:30:00,176,stunde_rekonstruiert,ha_lts_power_energy
Reihe 3,2026-07-24 12:30:00,2026-07-24 10:30:00,280,stunde_rekonstruiert,ha_lts_power_energy
Randreihe,2026-07-24 13:00:00,2026-07-24 11:00:00,177,stunde_rekonstruiert,ha_lts_power_energy
Reihe 1,2026-07-24 13:00:00,2026-07-24 11:00:00,11,stunde_rekonstruiert,ha_lts_power_energy
Reihe 2,2026-07-24 13:00:00,2026-07-24 11:00:00,177,stunde_rekonstruiert,ha_lts_power_energy
Reihe 3,2026-07-24 13:00:00,2026-07-24 11:00:00,343,stunde_rekonstruiert,ha_lts_power_energy
Randreihe,2026-07-24 13:30:00,2026-07-24 11:30:00,177,stunde_rekonstruiert,ha_lts_power_energy
Reihe 1,2026-07-24 13:30:00,2026-07-24 11:30:00,11,stunde_rekonstruiert,ha_lts_power_energy
Reihe 2,2026-07-24 13:30:00,2026-07-24 11:30:00,177,stunde_rekonstruiert,ha_lts_power_energy
Reihe 3,2026-07-24 13:30:00,2026-07-24 11:30:00,343,stunde_rekonstruiert,ha_lts_power_energy
Randreihe,2026-07-24 14:00:00,2026-07-24 12:00:00,176,stunde_rekonstruiert,ha_lts_power_energy
Reihe 1,2026-07-24 14:00:00,2026-07-24 12:00:00,12,stunde_rekonstruiert,ha_lts_power_energy
Reihe 2,2026-07-24 14:00:00,2026-07-24 12:00:00,178,stunde_rekonstruiert,ha_lts_power_energy
Reihe 3,2026-07-24 14:00:00,2026-07-24 12:00:00,258,stunde_rekonstruiert,ha_lts_power_energy
Randreihe,2026-07-24 14:30:00,2026-07-24 12:30:00,176,stunde_rekonstruiert,ha_lts_power_energy
Reihe 1,2026-07-24 14:30:00,2026-07-24 12:30:00,12,stunde_rekonstruiert,ha_lts_power_energy
Reihe 2,2026-07-24 14:30:00,2026-07-24 12:30:00,178,stunde_rekonstruiert,ha_lts_power_energy
Reihe 3,2026-07-24 14:30:00,2026-07-24 12:30:00,258,stunde_rekonstruiert,ha_lts_power_energy
Randreihe,2026-07-24 15:00:00,2026-07-24 13:00:00,171,stunde_rekonstruiert,ha_lts_power_energy
Reihe 1,2026-07-24 15:00:00,2026-07-24 13:00:00,11,stunde_rekonstruiert,ha_lts_power_energy
Reihe 2,2026-07-24 15:00:00,2026-07-24 13:00:00,172,stunde_rekonstruiert,ha_lts_power_energy
Reihe 3,2026-07-24 15:00:00,2026-07-24 13:00:00,287,stunde_rekonstruiert,ha_lts_power_energy
Randreihe,2026-07-24 15:30:00,2026-07-24 13:30:00,171,stunde_rekonstruiert,ha_lts_power_energy
Reihe 1,2026-07-24 15:30:00,2026-07-24 13:30:00,11,stunde_rekonstruiert,ha_lts_power_energy
Reihe 2,2026-07-24 15:30:00,2026-07-24 13:30:00,172,stunde_rekonstruiert,ha_lts_power_energy
Reihe 3,2026-07-24 15:30:00,2026-07-24 13:30:00,287,stunde_rekonstruiert,ha_lts_power_energy
Randreihe,2026-07-24 16:00:00,2026-07-24 14:00:00,171,stunde_rekonstruiert,ha_lts_power_energy
Reihe 1,2026-07-24 16:00:00,2026-07-24 14:00:00,11,stunde_rekonstruiert,ha_lts_power_energy
Reihe 2,2026-07-24 16:00:00,2026-07-24 14:00:00,161,stunde_rekonstruiert,ha_lts_power_energy
Reihe 3,2026-07-24 16:00:00,2026-07-24 14:00:00,241,stunde_rekonstruiert,ha_lts_power_energy
Randreihe,2026-07-24 16:30:00,2026-07-24 14:30:00,171,stunde_rekonstruiert,ha_lts_power_energy
Reihe 1,2026-07-24 16:30:00,2026-07-24 14:30:00,11,stunde_rekonstruiert,ha_lts_power_energy
Reihe 2,2026-07-24 16:30:00,2026-07-24 14:30:00,161,stunde_rekonstruiert,ha_lts_power_energy
Reihe 3,2026-07-24 16:30:00,2026-07-24 14:30:00,241,stunde_rekonstruiert,ha_lts_power_energy
Randreihe,2026-07-24 17:00:00,2026-07-24 15:00:00,176,stunde_rekonstruiert,ha_lts_power_energy
Reihe 1,2026-07-24 17:00:00,2026-07-24 15:00:00,11,stunde_rekonstruiert,ha_lts_power_energy
Reihe 2,2026-07-24 17:00:00,2026-07-24 15:00:00,212,stunde_rekonstruiert,ha_lts_power_energy
Reihe 3,2026-07-24 17:00:00,2026-07-24 15:00:00,179,stunde_rekonstruiert,ha_lts_power_energy
Reihe 1,2026-07-24 17:30:00,2026-07-24 15:30:00,11,stunde_rekonstruiert,ha_lts_power_energy
Reihe 3,2026-07-24 17:30:00,2026-07-24 15:30:00,179,stunde_rekonstruiert,ha_lts_power_energy
Reihe 1,2026-07-24 18:00:00,2026-07-24 16:00:00,11,stunde_rekonstruiert,ha_lts_power_energy
Reihe 1,2026-07-24 18:30:00,2026-07-24 16:30:00,11,stunde_rekonstruiert,ha_lts_power_energy
Reihe 1,2026-07-24 19:00:00,2026-07-24 17:00:00,11,stunde_rekonstruiert,ha_lts_power_energy
Reihe 1,2026-07-24 20:00:00,2026-07-24 18:00:00,11,stunde_rekonstruiert,ha_lts_power_energy
Reihe 1,2026-07-24 20:30:00,2026-07-24 18:30:00,11,stunde_rekonstruiert,ha_lts_power_energy
Reihe 1,2026-07-25 06:00:09,2026-07-25 04:00:09,12.0,exakt,influx_switch
Reihe 1,2026-07-25 06:30:09,2026-07-25 04:30:09,12.0,exakt,influx_switch
Randreihe,2026-07-25 07:00:09,2026-07-25 05:00:09,180.0,exakt,influx_switch
Reihe 1,2026-07-25 07:00:09,2026-07-25 05:00:09,12.0,exakt,influx_switch
Reihe 2,2026-07-25 07:00:09,2026-07-25 05:00:09,180.0,exakt,influx_switch
Reihe 3,2026-07-25 07:00:09,2026-07-25 05:00:09,180.0,exakt,influx_switch
Reihe 1,2026-07-25 07:30:39,2026-07-25 05:30:39,12.0,exakt,influx_switch
Reihe 1,2026-07-25 08:01:09,2026-07-25 06:01:09,12.0,exakt,influx_switch
Reihe 1,2026-07-25 08:31:09,2026-07-25 06:31:09,12.0,exakt,influx_switch
Randreihe,2026-07-25 09:00:39,2026-07-25 07:00:39,180.0,exakt,influx_switch
Reihe 2,2026-07-25 09:00:39,2026-07-25 07:00:39,180.0,exakt,influx_switch
Reihe 3,2026-07-25 09:00:39,2026-07-25 07:00:39,180.0,exakt,influx_switch
Reihe 1,2026-07-25 09:01:39,2026-07-25 07:01:39,12.0,exakt,influx_switch
Reihe 1,2026-07-25 09:32:09,2026-07-25 07:32:09,12.0,exakt,influx_switch
Reihe 1,2026-07-25 10:02:39,2026-07-25 08:02:39,12.0,exakt,influx_switch
Reihe 3,2026-07-25 10:02:39,2026-07-25 08:02:39,180.0,exakt,influx_switch
Randreihe,2026-07-25 10:14:09,2026-07-25 08:14:09,180.0,exakt,influx_switch
Reihe 2,2026-07-25 10:14:09,2026-07-25 08:14:09,180.0,exakt,influx_switch
Reihe 1,2026-07-25 10:33:09,2026-07-25 08:33:09,12.0,exakt,influx_switch
Reihe 3,2026-07-25 10:40:39,2026-07-25 08:40:39,180.0,exakt,influx_switch
Randreihe,2026-07-25 10:54:39,2026-07-25 08:54:39,180.0,exakt,influx_switch
Reihe 2,2026-07-25 10:54:39,2026-07-25 08:54:39,180.0,exakt,influx_switch
Reihe 1,2026-07-25 11:03:09,2026-07-25 09:03:09,12.0,exakt,influx_switch
Reihe 3,2026-07-25 11:08:39,2026-07-25 09:08:39,180.0,exakt,influx_switch
Randreihe,2026-07-25 11:25:09,2026-07-25 09:25:09,180.0,exakt,influx_switch
Reihe 2,2026-07-25 11:25:09,2026-07-25 09:25:09,180.0,exakt,influx_switch
Reihe 3,2026-07-25 11:29:39,2026-07-25 09:29:39,180.0,exakt,influx_switch
Reihe 1,2026-07-25 11:33:39,2026-07-25 09:33:39,12.0,exakt,influx_switch
Reihe 3,2026-07-25 11:49:39,2026-07-25 09:49:39,180.0,exakt,influx_switch
Randreihe,2026-07-25 11:55:39,2026-07-25 09:55:39,180.0,exakt,influx_switch
Reihe 2,2026-07-25 11:55:39,2026-07-25 09:55:39,180.0,exakt,influx_switch
Reihe 1,2026-07-25 12:03:39,2026-07-25 10:03:39,12.0,exakt,influx_switch
Reihe 3,2026-07-25 12:09:39,2026-07-25 10:09:39,180.0,exakt,influx_switch
Randreihe,2026-07-25 12:26:09,2026-07-25 10:26:09,180.0,exakt,influx_switch
Reihe 2,2026-07-25 12:26:09,2026-07-25 10:26:09,180.0,exakt,influx_switch
Reihe 3,2026-07-25 12:28:39,2026-07-25 10:28:39,180.0,exakt,influx_switch
Reihe 1,2026-07-25 12:33:39,2026-07-25 10:33:39,12.0,exakt,influx_switch
Reihe 3,2026-07-25 12:47:09,2026-07-25 10:47:09,180.0,exakt,influx_switch
Randreihe,2026-07-25 12:56:39,2026-07-25 10:56:39,180.0,exakt,influx_switch
Reihe 2,2026-07-25 12:56:39,2026-07-25 10:56:39,180.0,exakt,influx_switch
Reihe 1,2026-07-25 13:04:09,2026-07-25 11:04:09,12.0,exakt,influx_switch
Reihe 3,2026-07-25 13:05:09,2026-07-25 11:05:09,180.0,exakt,influx_switch
Reihe 3,2026-07-25 13:22:39,2026-07-25 11:22:39,180.0,exakt,influx_switch
Randreihe,2026-07-25 13:27:09,2026-07-25 11:27:09,180.0,exakt,influx_switch
Reihe 2,2026-07-25 13:27:09,2026-07-25 11:27:09,180.0,exakt,influx_switch
Reihe 1,2026-07-25 13:34:39,2026-07-25 11:34:39,12.0,exakt,influx_switch
Reihe 3,2026-07-25 13:40:09,2026-07-25 11:40:09,180.0,exakt,influx_switch
Randreihe,2026-07-25 13:57:39,2026-07-25 11:57:39,180.0,exakt,influx_switch
Reihe 2,2026-07-25 13:57:39,2026-07-25 11:57:39,180.0,exakt,influx_switch
Reihe 3,2026-07-25 13:57:39,2026-07-25 11:57:39,180.0,exakt,influx_switch
Reihe 1,2026-07-25 14:05:09,2026-07-25 12:05:09,12.0,exakt,influx_switch
Reihe 3,2026-07-25 14:15:09,2026-07-25 12:15:09,180.0,exakt,influx_switch
Randreihe,2026-07-25 14:27:39,2026-07-25 12:27:39,180.0,exakt,influx_switch
Reihe 2,2026-07-25 14:28:09,2026-07-25 12:28:09,180.0,exakt,influx_switch
Reihe 3,2026-07-25 14:32:39,2026-07-25 12:32:39,180.0,exakt,influx_switch
Reihe 1,2026-07-25 14:35:39,2026-07-25 12:35:39,12.0,exakt,influx_switch
Reihe 3,2026-07-25 14:50:39,2026-07-25 12:50:39,180.0,exakt,influx_switch
Randreihe,2026-07-25 14:57:39,2026-07-25 12:57:39,180.0,exakt,influx_switch
Reihe 2,2026-07-25 14:58:09,2026-07-25 12:58:09,180.0,exakt,influx_switch
Reihe 1,2026-07-25 15:05:39,2026-07-25 13:05:39,12.0,exakt,influx_switch
Reihe 3,2026-07-25 15:09:09,2026-07-25 13:09:09,180.0,exakt,influx_switch
Reihe 3,2026-07-25 15:27:39,2026-07-25 13:27:39,180.0,exakt,influx_switch
Randreihe,2026-07-25 15:28:09,2026-07-25 13:28:09,180.0,exakt,influx_switch
Reihe 2,2026-07-25 15:28:09,2026-07-25 13:28:09,180.0,exakt,influx_switch
Reihe 1,2026-07-25 15:35:39,2026-07-25 13:35:39,12.0,exakt,influx_switch
Reihe 3,2026-07-25 15:46:39,2026-07-25 13:46:39,180.0,exakt,influx_switch
Randreihe,2026-07-25 15:58:39,2026-07-25 13:58:39,180.0,exakt,influx_switch
Reihe 2,2026-07-25 15:58:39,2026-07-25 13:58:39,180.0,exakt,influx_switch
Reihe 1,2026-07-25 16:06:09,2026-07-25 14:06:09,12.0,exakt,influx_switch
Reihe 3,2026-07-25 16:06:39,2026-07-25 14:06:39,180.0,exakt,influx_switch
Reihe 3,2026-07-25 16:28:09,2026-07-25 14:28:09,180.0,exakt,influx_switch
Randreihe,2026-07-25 16:28:39,2026-07-25 14:28:39,180.0,exakt,influx_switch
Reihe 2,2026-07-25 16:29:09,2026-07-25 14:29:09,180.0,exakt,influx_switch
Reihe 1,2026-07-25 16:36:39,2026-07-25 14:36:39,12.0,exakt,influx_switch
Reihe 3,2026-07-25 16:51:39,2026-07-25 14:51:39,180.0,exakt,influx_switch
Randreihe,2026-07-25 16:59:09,2026-07-25 14:59:09,180.0,exakt,influx_switch
Reihe 2,2026-07-25 16:59:39,2026-07-25 14:59:39,180.0,exakt,influx_switch
Reihe 1,2026-07-25 17:07:09,2026-07-25 15:07:09,12.0,exakt,influx_switch
Reihe 3,2026-07-25 17:17:39,2026-07-25 15:17:39,180.0,exakt,influx_switch
Randreihe,2026-07-25 17:34:09,2026-07-25 15:34:09,180.0,exakt,influx_switch
Reihe 2,2026-07-25 17:34:39,2026-07-25 15:34:39,180.0,exakt,influx_switch
Reihe 1,2026-07-25 17:37:39,2026-07-25 15:37:39,12.0,exakt,influx_switch
Reihe 3,2026-07-25 17:48:39,2026-07-25 15:48:39,180.0,exakt,influx_switch
Reihe 1,2026-07-25 18:07:39,2026-07-25 16:07:39,12.0,exakt,influx_switch
Reihe 1,2026-07-25 18:38:09,2026-07-25 16:38:09,12.0,exakt,influx_switch
Reihe 1,2026-07-25 19:08:09,2026-07-25 17:08:09,12.0,exakt,influx_switch
Reihe 1,2026-07-25 19:38:39,2026-07-25 17:38:39,12.0,exakt,influx_switch
Reihe 1,2026-07-25 20:09:09,2026-07-25 18:09:09,12.0,exakt,influx_switch
Reihe 1,2026-07-25 20:39:39,2026-07-25 18:39:39,12.0,exakt,influx_switch
Reihe 1,2026-07-26 06:00:09,2026-07-26 04:00:09,12.0,exakt,influx_switch
Reihe 1,2026-07-26 06:30:09,2026-07-26 04:30:09,12.0,exakt,influx_switch
Randreihe,2026-07-26 07:00:09,2026-07-26 05:00:09,180.0,exakt,influx_switch
Reihe 2,2026-07-26 07:00:09,2026-07-26 05:00:09,180.0,exakt,influx_switch
Reihe 3,2026-07-26 07:00:09,2026-07-26 05:00:09,180.0,exakt,influx_switch
Reihe 1,2026-07-26 07:00:39,2026-07-26 05:00:39,12.0,exakt,influx_switch
Reihe 1,2026-07-26 07:31:09,2026-07-26 05:31:09,12.0,exakt,influx_switch
Reihe 1,2026-07-26 08:01:39,2026-07-26 06:01:39,12.0,exakt,influx_switch
Reihe 1,2026-07-26 08:31:39,2026-07-26 06:31:39,12.0,exakt,influx_switch
Reihe 3,2026-07-26 08:58:09,2026-07-26 06:58:09,180.0,exakt,influx_switch
Reihe 3,2026-07-26 09:00:00,2026-07-26 07:00:00,128,stunde_rekonstruiert,ha_lts_power_energy
Randreihe,2026-07-26 09:00:39,2026-07-26 07:00:39,180.0,exakt,influx_switch
Reihe 2,2026-07-26 09:00:39,2026-07-26 07:00:39,180.0,exakt,influx_switch
Reihe 1,2026-07-26 09:02:09,2026-07-26 07:02:09,12.0,exakt,influx_switch
Reihe 1,2026-07-26 09:32:39,2026-07-26 07:32:39,12.0,exakt,influx_switch
Reihe 1,2026-07-26 10:03:09,2026-07-26 08:03:09,12.0,exakt,influx_switch
Reihe 3,2026-07-26 10:05:09,2026-07-26 08:05:09,180.0,exakt,influx_switch
Randreihe,2026-07-26 10:14:39,2026-07-26 08:14:39,180.0,exakt,influx_switch
Reihe 2,2026-07-26 10:14:39,2026-07-26 08:14:39,180.0,exakt,influx_switch
Reihe 1,2026-07-26 10:33:09,2026-07-26 08:33:09,12.0,exakt,influx_switch
Reihe 3,2026-07-26 10:39:09,2026-07-26 08:39:09,180.0,exakt,influx_switch
Randreihe,2026-07-26 10:53:09,2026-07-26 08:53:09,180.0,exakt,influx_switch
Reihe 2,2026-07-26 10:53:09,2026-07-26 08:53:09,180.0,exakt,influx_switch
Reihe 1,2026-07-26 11:03:09,2026-07-26 09:03:09,12.0,exakt,influx_switch
Reihe 3,2026-07-26 11:06:39,2026-07-26 09:06:39,180.0,exakt,influx_switch
Randreihe,2026-07-26 11:28:09,2026-07-26 09:28:09,180.0,exakt,influx_switch
Reihe 2,2026-07-26 11:28:09,2026-07-26 09:28:09,180.0,exakt,influx_switch
Reihe 3,2026-07-26 11:33:09,2026-07-26 09:33:09,180.0,exakt,influx_switch
Reihe 1,2026-07-26 11:33:39,2026-07-26 09:33:39,12.0,exakt,influx_switch
Reihe 3,2026-07-26 11:54:39,2026-07-26 09:54:39,180.0,exakt,influx_switch
Randreihe,2026-07-26 11:58:09,2026-07-26 09:58:09,180.0,exakt,influx_switch
Reihe 2,2026-07-26 11:58:39,2026-07-26 09:58:39,180.0,exakt,influx_switch
Reihe 1,2026-07-26 12:03:39,2026-07-26 10:03:39,12.0,exakt,influx_switch
Reihe 3,2026-07-26 12:15:09,2026-07-26 10:15:09,180.0,exakt,influx_switch
Randreihe,2026-07-26 12:28:39,2026-07-26 10:28:39,180.0,exakt,influx_switch
Reihe 2,2026-07-26 12:29:09,2026-07-26 10:29:09,180.0,exakt,influx_switch
Reihe 1,2026-07-26 12:34:09,2026-07-26 10:34:09,12.0,exakt,influx_switch
Reihe 3,2026-07-26 12:35:09,2026-07-26 10:35:09,180.0,exakt,influx_switch
Reihe 3,2026-07-26 12:55:09,2026-07-26 10:55:09,180.0,exakt,influx_switch
Randreihe,2026-07-26 12:59:09,2026-07-26 10:59:09,180.0,exakt,influx_switch
Reihe 2,2026-07-26 12:59:39,2026-07-26 10:59:39,180.0,exakt,influx_switch
Reihe 1,2026-07-26 13:04:09,2026-07-26 11:04:09,12.0,exakt,influx_switch
Reihe 3,2026-07-26 13:14:39,2026-07-26 11:14:39,180.0,exakt,influx_switch
Randreihe,2026-07-26 13:29:39,2026-07-26 11:29:39,180.0,exakt,influx_switch
Reihe 2,2026-07-26 13:30:09,2026-07-26 11:30:09,180.0,exakt,influx_switch
Reihe 1,2026-07-26 13:34:39,2026-07-26 11:34:39,12.0,exakt,influx_switch
Reihe 3,2026-07-26 13:34:39,2026-07-26 11:34:39,180.0,exakt,influx_switch
Reihe 3,2026-07-26 13:58:09,2026-07-26 11:58:09,180.0,exakt,influx_switch
Randreihe,2026-07-26 14:00:09,2026-07-26 12:00:09,180.0,exakt,influx_switch
Reihe 2,2026-07-26 14:00:39,2026-07-26 12:00:39,180.0,exakt,influx_switch
Reihe 1,2026-07-26 14:05:09,2026-07-26 12:05:09,12.0,exakt,influx_switch
Reihe 3,2026-07-26 14:16:39,2026-07-26 12:16:39,180.0,exakt,influx_switch
Randreihe,2026-07-26 14:30:09,2026-07-26 12:30:09,180.0,exakt,influx_switch
Reihe 2,2026-07-26 14:30:39,2026-07-26 12:30:39,180.0,exakt,influx_switch
Reihe 1,2026-07-26 14:35:39,2026-07-26 12:35:39,12.0,exakt,influx_switch
Reihe 3,2026-07-26 14:36:39,2026-07-26 12:36:39,180.0,exakt,influx_switch
Reihe 3,2026-07-26 14:57:39,2026-07-26 12:57:39,180.0,exakt,influx_switch
Randreihe,2026-07-26 15:00:39,2026-07-26 13:00:39,180.0,exakt,influx_switch
Reihe 2,2026-07-26 15:01:09,2026-07-26 13:01:09,180.0,exakt,influx_switch
Reihe 1,2026-07-26 15:06:09,2026-07-26 13:06:09,12.0,exakt,influx_switch
Reihe 3,2026-07-26 15:18:39,2026-07-26 13:18:39,180.0,exakt,influx_switch
Randreihe,2026-07-26 15:31:09,2026-07-26 13:31:09,180.0,exakt,influx_switch
Reihe 2,2026-07-26 15:31:39,2026-07-26 13:31:39,180.0,exakt,influx_switch
Reihe 1,2026-07-26 15:36:39,2026-07-26 13:36:39,12.0,exakt,influx_switch
Reihe 3,2026-07-26 15:39:39,2026-07-26 13:39:39,180.0,exakt,influx_switch
Randreihe,2026-07-26 16:01:09,2026-07-26 14:01:09,180.0,exakt,influx_switch
Reihe 2,2026-07-26 16:01:39,2026-07-26 14:01:39,180.0,exakt,influx_switch
Reihe 3,2026-07-26 16:04:09,2026-07-26 14:04:09,180.0,exakt,influx_switch
Reihe 1,2026-07-26 16:06:39,2026-07-26 14:06:39,12.0,exakt,influx_switch
Reihe 3,2026-07-26 16:27:39,2026-07-26 14:27:39,180.0,exakt,influx_switch
Randreihe,2026-07-26 16:31:39,2026-07-26 14:31:39,180.0,exakt,influx_switch
Reihe 2,2026-07-26 16:32:09,2026-07-26 14:32:09,180.0,exakt,influx_switch
Reihe 1,2026-07-26 16:37:09,2026-07-26 14:37:09,12.0,exakt,influx_switch
Reihe 3,2026-07-26 16:56:09,2026-07-26 14:56:09,180.0,exakt,influx_switch
Reihe 1,2026-07-26 17:07:09,2026-07-26 15:07:09,12.0,exakt,influx_switch
Randreihe,2026-07-26 17:08:09,2026-07-26 15:08:09,180.0,exakt,influx_switch
Reihe 2,2026-07-26 17:08:39,2026-07-26 15:08:39,180.0,exakt,influx_switch
Reihe 3,2026-07-26 17:26:09,2026-07-26 15:26:09,180.0,exakt,influx_switch
Reihe 1,2026-07-26 17:37:39,2026-07-26 15:37:39,12.0,exakt,influx_switch
Randreihe,2026-07-26 17:47:09,2026-07-26 15:47:09,180.0,exakt,influx_switch
Reihe 2,2026-07-26 17:48:09,2026-07-26 15:48:09,180.0,exakt,influx_switch
Reihe 3,2026-07-26 17:59:39,2026-07-26 15:59:39,180.0,exakt,influx_switch
Reihe 3,2026-07-26 18:00:00,2026-07-26 16:00:00,179,stunde_rekonstruiert,ha_lts_power_energy
Reihe 1,2026-07-26 18:08:09,2026-07-26 16:08:09,12.0,exakt,influx_switch
Reihe 1,2026-07-26 18:38:39,2026-07-26 16:38:39,12.0,exakt,influx_switch
Reihe 1,2026-07-26 19:08:39,2026-07-26 17:08:39,12.0,exakt,influx_switch
Reihe 1,2026-07-26 19:39:09,2026-07-26 17:39:09,12.0,exakt,influx_switch
Reihe 1,2026-07-26 20:09:09,2026-07-26 18:09:09,12.0,exakt,influx_switch
Reihe 1,2026-07-26 20:39:09,2026-07-26 18:39:09,12.0,exakt,influx_switch
Reihe 1,2026-07-27 06:00:09,2026-07-27 04:00:09,12.0,exakt,influx_switch
Reihe 1,2026-07-27 06:30:09,2026-07-27 04:30:09,12.0,exakt,influx_switch
Randreihe,2026-07-27 07:00:09,2026-07-27 05:00:09,180.0,exakt,influx_switch
Reihe 2,2026-07-27 07:00:09,2026-07-27 05:00:09,180.0,exakt,influx_switch
Reihe 3,2026-07-27 07:00:09,2026-07-27 05:00:09,180.0,exakt,influx_switch
Reihe 1,2026-07-27 07:00:39,2026-07-27 05:00:39,12.0,exakt,influx_switch
Reihe 1,2026-07-27 07:30:39,2026-07-27 05:30:39,12.0,exakt,influx_switch
Reihe 1,2026-07-27 08:00:39,2026-07-27 06:00:39,12.0,exakt,influx_switch
Reihe 1,2026-07-27 08:31:09,2026-07-27 06:31:09,12.0,exakt,influx_switch
Randreihe,2026-07-27 09:00:39,2026-07-27 07:00:39,180.0,exakt,influx_switch
Reihe 2,2026-07-27 09:00:39,2026-07-27 07:00:39,180.0,exakt,influx_switch
Reihe 3,2026-07-27 09:00:39,2026-07-27 07:00:39,180.0,exakt,influx_switch
Reihe 1,2026-07-27 09:01:39,2026-07-27 07:01:39,12.0,exakt,influx_switch
Reihe 1,2026-07-27 09:31:39,2026-07-27 07:31:39,12.0,exakt,influx_switch
Reihe 3,2026-07-27 10:01:09,2026-07-27 08:01:09,180.0,exakt,influx_switch
Reihe 1,2026-07-27 10:02:09,2026-07-27 08:02:09,12.0,exakt,influx_switch
Randreihe,2026-07-27 10:13:39,2026-07-27 08:13:39,180.0,exakt,influx_switch
Reihe 2,2026-07-27 10:13:39,2026-07-27 08:13:39,180.0,exakt,influx_switch
Reihe 1,2026-07-27 10:32:39,2026-07-27 08:32:39,12.0,exakt,influx_switch
Reihe 3,2026-07-27 10:47:39,2026-07-27 08:47:39,180.0,exakt,influx_switch
Reihe 1,2026-07-27 11:03:09,2026-07-27 09:03:09,12.0,exakt,influx_switch
Randreihe,2026-07-27 11:31:39,2026-07-27 09:31:39,180.0,exakt,influx_switch
Reihe 2,2026-07-27 11:31:39,2026-07-27 09:31:39,180.0,exakt,influx_switch
Reihe 1,2026-07-27 11:33:09,2026-07-27 09:33:09,12.0,exakt,influx_switch
Reihe 1,2026-07-27 12:03:11,2026-07-27 10:03:11,12.0,exakt,influx_switch
Reihe 1,2026-07-27 12:33:41,2026-07-27 10:33:41,12.0,exakt,influx_switch
Reihe 1,2026-07-27 13:04:11,2026-07-27 11:04:11,12.0,exakt,influx_switch
Reihe 1,2026-07-27 13:34:41,2026-07-27 11:34:41,12.0,exakt,influx_switch
Reihe 1,2026-07-27 14:04:41,2026-07-27 12:04:41,12.0,exakt,influx_switch
Reihe 1,2026-07-27 14:34:41,2026-07-27 12:34:41,12.0,exakt,influx_switch
Reihe 1,2026-07-27 15:05:11,2026-07-27 13:05:11,12.0,exakt,influx_switch
Reihe 1,2026-07-27 15:35:41,2026-07-27 13:35:41,12.0,exakt,influx_switch
Reihe 1,2026-07-27 16:06:11,2026-07-27 14:06:11,12.0,exakt,influx_switch
Reihe 1,2026-07-27 16:36:41,2026-07-27 14:36:41,12.0,exakt,influx_switch
Reihe 1,2026-07-27 17:07:11,2026-07-27 15:07:11,12.0,exakt,influx_switch
Reihe 1,2026-07-27 17:37:41,2026-07-27 15:37:41,12.0,exakt,influx_switch
Reihe 1,2026-07-27 18:07:41,2026-07-27 16:07:41,12.0,exakt,influx_switch
Reihe 1,2026-07-27 18:38:11,2026-07-27 16:38:11,12.0,exakt,influx_switch
Reihe 1,2026-07-27 19:08:41,2026-07-27 17:08:41,12.0,exakt,influx_switch
Reihe 1,2026-07-27 19:39:11,2026-07-27 17:39:11,12.0,exakt,influx_switch
Reihe 1,2026-07-27 20:09:41,2026-07-27 18:09:41,12.0,exakt,influx_switch
Reihe 1,2026-07-27 20:39:41,2026-07-27 18:39:41,12.0,exakt,influx_switch
Reihe 1,2026-07-28 06:00:11,2026-07-28 04:00:11,12.0,exakt,influx_switch
Reihe 1,2026-07-28 06:30:11,2026-07-28 04:30:11,12.0,exakt,influx_switch
Reihe 1,2026-07-28 07:00:11,2026-07-28 05:00:11,12.0,exakt,influx_switch
Reihe 1,2026-07-28 07:30:41,2026-07-28 05:30:41,12.0,exakt,influx_switch
Reihe 1,2026-07-28 08:01:11,2026-07-28 06:01:11,12.0,exakt,influx_switch
Reihe 1,2026-07-28 08:31:41,2026-07-28 06:31:41,12.0,exakt,influx_switch
Reihe 1,2026-07-28 09:01:41,2026-07-28 07:01:41,12.0,exakt,influx_switch
Randreihe,2026-07-28 09:28:50,2026-07-28 07:28:50,8.0,exakt,influx_switch
Reihe 2,2026-07-28 09:29:46,2026-07-28 07:29:46,7.0,exakt,influx_switch
Reihe 3,2026-07-28 09:30:25,2026-07-28 07:30:25,5.0,exakt,influx_switch
Reihe 1,2026-07-28 09:32:02,2026-07-28 07:32:02,12.0,exakt,influx_switch
Reihe 1,2026-07-28 10:02:02,2026-07-28 08:02:02,12.0,exakt,influx_switch
Randreihe,2026-07-28 10:04:58,2026-07-28 08:04:58,120.0,exakt,influx_switch
Reihe 2,2026-07-28 10:05:01,2026-07-28 08:05:01,121.0,exakt,influx_switch
Reihe 3,2026-07-28 10:05:04,2026-07-28 08:05:04,120.0,exakt,influx_switch
Reihe 1,2026-07-28 10:32:32,2026-07-28 08:32:32,12.0,exakt,influx_switch
Reihe 3,2026-07-28 10:33:02,2026-07-28 08:33:02,120.0,exakt,influx_switch
Randreihe,2026-07-28 10:39:02,2026-07-28 08:39:02,120.0,exakt,influx_switch
Reihe 2,2026-07-28 10:39:02,2026-07-28 08:39:02,120.0,exakt,influx_switch
Randreihe,2026-07-28 10:42:29,2026-07-28 08:42:29,120.0,exakt,influx_switch
Reihe 2,2026-07-28 10:46:45,2026-07-28 08:46:45,120.0,exakt,influx_switch
Reihe 3,2026-07-28 10:49:05,2026-07-28 08:49:05,120.0,exakt,influx_switch
Reihe 1,2026-07-28 11:02:32,2026-07-28 09:02:32,12.0,exakt,influx_switch
Randreihe,2026-07-28 11:12:32,2026-07-28 09:12:32,120.0,exakt,influx_switch
Reihe 3,2026-07-28 11:12:32,2026-07-28 09:12:32,120.0,exakt,influx_switch
Reihe 2,2026-07-28 11:17:02,2026-07-28 09:17:02,120.0,exakt,influx_switch
Reihe 1,2026-07-28 11:33:02,2026-07-28 09:33:02,12.0,exakt,influx_switch
Reihe 3,2026-07-28 11:34:32,2026-07-28 09:34:32,120.0,exakt,influx_switch
Randreihe,2026-07-28 11:43:02,2026-07-28 09:43:02,120.0,exakt,influx_switch
Reihe 2,2026-07-28 11:47:32,2026-07-28 09:47:32,120.0,exakt,influx_switch
Reihe 3,2026-07-28 11:55:02,2026-07-28 09:55:02,120.0,exakt,influx_switch
Reihe 1,2026-07-28 12:03:32,2026-07-28 10:03:32,12.0,exakt,influx_switch
Randreihe,2026-07-28 12:13:02,2026-07-28 10:13:02,120.0,exakt,influx_switch
Reihe 3,2026-07-28 12:14:32,2026-07-28 10:14:32,120.0,exakt,influx_switch
Reihe 2,2026-07-28 12:18:02,2026-07-28 10:18:02,120.0,exakt,influx_switch
Reihe 3,2026-07-28 12:33:32,2026-07-28 10:33:32,120.0,exakt,influx_switch
Reihe 1,2026-07-28 12:34:02,2026-07-28 10:34:02,12.0,exakt,influx_switch
Randreihe,2026-07-28 12:43:32,2026-07-28 10:43:32,120.0,exakt,influx_switch
Reihe 2,2026-07-28 12:48:32,2026-07-28 10:48:32,120.0,exakt,influx_switch
Reihe 3,2026-07-28 12:52:02,2026-07-28 10:52:02,120.0,exakt,influx_switch
Reihe 1,2026-07-28 13:04:32,2026-07-28 11:04:32,12.0,exakt,influx_switch
Reihe 3,2026-07-28 13:10:02,2026-07-28 11:10:02,120.0,exakt,influx_switch
Randreihe,2026-07-28 13:14:02,2026-07-28 11:14:02,120.0,exakt,influx_switch
Reihe 2,2026-07-28 13:19:02,2026-07-28 11:19:02,120.0,exakt,influx_switch
Reihe 3,2026-07-28 13:27:32,2026-07-28 11:27:32,120.0,exakt,influx_switch
Reihe 1,2026-07-28 13:35:02,2026-07-28 11:35:02,12.0,exakt,influx_switch
Randreihe,2026-07-28 13:44:02,2026-07-28 11:44:02,120.0,exakt,influx_switch
Reihe 3,2026-07-28 13:45:02,2026-07-28 11:45:02,120.0,exakt,influx_switch
Reihe 2,2026-07-28 13:49:32,2026-07-28 11:49:32,120.0,exakt,influx_switch
Reihe 3,2026-07-28 14:02:32,2026-07-28 12:02:32,120.0,exakt,influx_switch
Reihe 1,2026-07-28 14:05:02,2026-07-28 12:05:02,12.0,exakt,influx_switch
Randreihe,2026-07-28 14:14:32,2026-07-28 12:14:32,120.0,exakt,influx_switch
Reihe 2,2026-07-28 14:20:02,2026-07-28 12:20:02,120.0,exakt,influx_switch
Reihe 3,2026-07-28 14:20:02,2026-07-28 12:20:02,120.0,exakt,influx_switch
Reihe 1,2026-07-28 14:35:32,2026-07-28 12:35:32,12.0,exakt,influx_switch
Reihe 3,2026-07-28 14:37:32,2026-07-28 12:37:32,120.0,exakt,influx_switch
Randreihe,2026-07-28 14:44:32,2026-07-28 12:44:32,120.0,exakt,influx_switch
Reihe 2,2026-07-28 14:50:32,2026-07-28 12:50:32,120.0,exakt,influx_switch
Reihe 3,2026-07-28 14:55:32,2026-07-28 12:55:32,120.0,exakt,influx_switch
Reihe 1,2026-07-28 15:06:02,2026-07-28 13:06:02,12.0,exakt,influx_switch
Reihe 3,2026-07-28 15:13:32,2026-07-28 13:13:32,120.0,exakt,influx_switch
Randreihe,2026-07-28 15:15:02,2026-07-28 13:15:02,120.0,exakt,influx_switch
Reihe 2,2026-07-28 15:21:02,2026-07-28 13:21:02,120.0,exakt,influx_switch
Reihe 3,2026-07-28 15:32:02,2026-07-28 13:32:02,120.0,exakt,influx_switch
Reihe 1,2026-07-28 15:36:32,2026-07-28 13:36:32,12.0,exakt,influx_switch
Randreihe,2026-07-28 15:45:32,2026-07-28 13:45:32,120.0,exakt,influx_switch
Reihe 3,2026-07-28 15:51:02,2026-07-28 13:51:02,120.0,exakt,influx_switch
Reihe 2,2026-07-28 15:51:32,2026-07-28 13:51:32,120.0,exakt,influx_switch
Reihe 1,2026-07-28 16:07:02,2026-07-28 14:07:02,12.0,exakt,influx_switch
Reihe 3,2026-07-28 16:11:02,2026-07-28 14:11:02,120.0,exakt,influx_switch
Randreihe,2026-07-28 16:16:02,2026-07-28 14:16:02,120.0,exakt,influx_switch
Reihe 2,2026-07-28 16:21:32,2026-07-28 14:21:32,120.0,exakt,influx_switch
Reihe 3,2026-07-28 16:32:32,2026-07-28 14:32:32,120.0,exakt,influx_switch
Reihe 1,2026-07-28 16:37:02,2026-07-28 14:37:02,12.0,exakt,influx_switch
Randreihe,2026-07-28 16:46:02,2026-07-28 14:46:02,120.0,exakt,influx_switch
Reihe 2,2026-07-28 16:52:02,2026-07-28 14:52:02,120.0,exakt,influx_switch
Reihe 3,2026-07-28 16:55:32,2026-07-28 14:55:32,120.0,exakt,influx_switch
Reihe 1,2026-07-28 17:07:32,2026-07-28 15:07:32,12.0,exakt,influx_switch
Randreihe,2026-07-28 17:16:32,2026-07-28 15:16:32,120.0,exakt,influx_switch
Reihe 3,2026-07-28 17:21:02,2026-07-28 15:21:02,120.0,exakt,influx_switch
Reihe 2,2026-07-28 17:23:32,2026-07-28 15:23:32,120.0,exakt,influx_switch
Reihe 1,2026-07-28 17:38:02,2026-07-28 15:38:02,12.0,exakt,influx_switch
Reihe 3,2026-07-28 17:50:32,2026-07-28 15:50:32,120.0,exakt,influx_switch
Randreihe,2026-07-28 17:53:02,2026-07-28 15:53:02,120.0,exakt,influx_switch
Reihe 1,2026-07-28 18:08:02,2026-07-28 16:08:02,12.0,exakt,influx_switch
Reihe 1,2026-07-28 18:38:32,2026-07-28 16:38:32,12.0,exakt,influx_switch
Reihe 1,2026-07-28 19:09:02,2026-07-28 17:09:02,12.0,exakt,influx_switch
Reihe 1,2026-07-28 19:39:02,2026-07-28 17:39:02,12.0,exakt,influx_switch
Reihe 1,2026-07-28 20:09:32,2026-07-28 18:09:32,12.0,exakt,influx_switch
Reihe 1,2026-07-28 20:40:02,2026-07-28 18:40:02,12.0,exakt,influx_switch
Reihe 1,2026-07-29 06:00:02,2026-07-29 04:00:02,12.0,exakt,influx_switch
Reihe 1,2026-07-29 06:30:02,2026-07-29 04:30:02,12.0,exakt,influx_switch
Randreihe,2026-07-29 07:00:02,2026-07-29 05:00:02,120.0,exakt,influx_switch
Reihe 2,2026-07-29 07:00:02,2026-07-29 05:00:02,120.0,exakt,influx_switch
Reihe 3,2026-07-29 07:00:02,2026-07-29 05:00:02,120.0,exakt,influx_switch
Reihe 1,2026-07-29 07:00:32,2026-07-29 05:00:32,12.0,exakt,influx_switch
Reihe 1,2026-07-29 07:31:02,2026-07-29 05:31:02,12.0,exakt,influx_switch
Reihe 1,2026-07-29 08:01:02,2026-07-29 06:01:02,12.0,exakt,influx_switch
Reihe 1,2026-07-29 08:31:32,2026-07-29 06:31:32,12.0,exakt,influx_switch
Randreihe,2026-07-29 09:00:32,2026-07-29 07:00:32,120.0,exakt,influx_switch
Reihe 2,2026-07-29 09:00:32,2026-07-29 07:00:32,120.0,exakt,influx_switch
Reihe 3,2026-07-29 09:00:32,2026-07-29 07:00:32,120.0,exakt,influx_switch
Reihe 1,2026-07-29 09:02:02,2026-07-29 07:02:02,12.0,exakt,influx_switch
Reihe 1,2026-07-29 09:32:32,2026-07-29 07:32:32,12.0,exakt,influx_switch
Reihe 1,2026-07-29 10:03:02,2026-07-29 08:03:02,12.0,exakt,influx_switch
Reihe 3,2026-07-29 10:13:02,2026-07-29 08:13:02,120.0,exakt,influx_switch
Randreihe,2026-07-29 10:20:02,2026-07-29 08:20:02,120.0,exakt,influx_switch
Reihe 2,2026-07-29 10:20:02,2026-07-29 08:20:02,120.0,exakt,influx_switch
Reihe 1,2026-07-29 10:33:32,2026-07-29 08:33:32,12.0,exakt,influx_switch
Reihe 3,2026-07-29 10:40:32,2026-07-29 08:40:32,120.0,exakt,influx_switch
Randreihe,2026-07-29 10:52:32,2026-07-29 08:52:32,120.0,exakt,influx_switch
Reihe 2,2026-07-29 10:52:32,2026-07-29 08:52:32,120.0,exakt,influx_switch
Reihe 1,2026-07-29 11:04:02,2026-07-29 09:04:02,12.0,exakt,influx_switch
Reihe 3,2026-07-29 11:05:02,2026-07-29 09:05:02,120.0,exakt,influx_switch
Randreihe,2026-07-29 11:23:02,2026-07-29 09:23:02,120.0,exakt,influx_switch
Reihe 2,2026-07-29 11:23:02,2026-07-29 09:23:02,120.0,exakt,influx_switch
Reihe 3,2026-07-29 11:27:32,2026-07-29 09:27:32,120.0,exakt,influx_switch
Reihe 1,2026-07-29 11:34:02,2026-07-29 09:34:02,12.0,exakt,influx_switch
Reihe 3,2026-07-29 11:48:32,2026-07-29 09:48:32,120.0,exakt,influx_switch
Randreihe,2026-07-29 11:53:32,2026-07-29 09:53:32,120.0,exakt,influx_switch
Reihe 2,2026-07-29 11:53:32,2026-07-29 09:53:32,120.0,exakt,influx_switch
Reihe 1,2026-07-29 12:04:32,2026-07-29 10:04:32,12.0,exakt,influx_switch
Reihe 3,2026-07-29 12:08:32,2026-07-29 10:08:32,120.0,exakt,influx_switch
Randreihe,2026-07-29 12:24:02,2026-07-29 10:24:02,120.0,exakt,influx_switch
Reihe 2,2026-07-29 12:24:02,2026-07-29 10:24:02,120.0,exakt,influx_switch
Reihe 3,2026-07-29 12:28:02,2026-07-29 10:28:02,120.0,exakt,influx_switch
Reihe 1,2026-07-29 12:34:32,2026-07-29 10:34:32,12.0,exakt,influx_switch
Reihe 3,2026-07-29 12:47:02,2026-07-29 10:47:02,120.0,exakt,influx_switch
Randreihe,2026-07-29 12:54:02,2026-07-29 10:54:02,120.0,exakt,influx_switch
Reihe 2,2026-07-29 12:54:32,2026-07-29 10:54:32,120.0,exakt,influx_switch
Reihe 1,2026-07-29 13:05:02,2026-07-29 11:05:02,12.0,exakt,influx_switch
Reihe 3,2026-07-29 13:05:32,2026-07-29 11:05:32,120.0,exakt,influx_switch
Reihe 3,2026-07-29 13:23:32,2026-07-29 11:23:32,120.0,exakt,influx_switch
Randreihe,2026-07-29 13:24:32,2026-07-29 11:24:32,120.0,exakt,influx_switch
Reihe 2,2026-07-29 13:25:02,2026-07-29 11:25:02,120.0,exakt,influx_switch
Reihe 1,2026-07-29 13:35:32,2026-07-29 11:35:32,12.0,exakt,influx_switch
Reihe 3,2026-07-29 13:41:32,2026-07-29 11:41:32,120.0,exakt,influx_switch
Randreihe,2026-07-29 13:55:02,2026-07-29 11:55:02,120.0,exakt,influx_switch
Reihe 2,2026-07-29 13:55:32,2026-07-29 11:55:32,120.0,exakt,influx_switch
Reihe 3,2026-07-29 13:59:02,2026-07-29 11:59:02,120.0,exakt,influx_switch
Reihe 1,2026-07-29 14:05:32,2026-07-29 12:05:32,12.0,exakt,influx_switch
Reihe 3,2026-07-29 14:16:32,2026-07-29 12:16:32,120.0,exakt,influx_switch
Randreihe,2026-07-29 14:25:32,2026-07-29 12:25:32,120.0,exakt,influx_switch
Reihe 2,2026-07-29 14:26:02,2026-07-29 12:26:02,120.0,exakt,influx_switch
Reihe 3,2026-07-29 14:34:32,2026-07-29 12:34:32,120.0,exakt,influx_switch
Reihe 1,2026-07-29 14:36:02,2026-07-29 12:36:02,12.0,exakt,influx_switch
Reihe 3,2026-07-29 14:52:32,2026-07-29 12:52:32,120.0,exakt,influx_switch
Randreihe,2026-07-29 14:56:02,2026-07-29 12:56:02,120.0,exakt,influx_switch
Reihe 2,2026-07-29 14:56:32,2026-07-29 12:56:32,120.0,exakt,influx_switch
Reihe 1,2026-07-29 15:06:02,2026-07-29 13:06:02,12.0,exakt,influx_switch
Reihe 3,2026-07-29 15:13:02,2026-07-29 13:13:02,120.0,exakt,influx_switch
Randreihe,2026-07-29 15:28:02,2026-07-29 13:28:02,120.0,exakt,influx_switch
Reihe 2,2026-07-29 15:28:32,2026-07-29 13:28:32,120.0,exakt,influx_switch
Reihe 1,2026-07-29 15:36:02,2026-07-29 13:36:02,12.0,exakt,influx_switch
Reihe 3,2026-07-29 15:38:32,2026-07-29 13:38:32,120.0,exakt,influx_switch
Randreihe,2026-07-29 15:58:02,2026-07-29 13:58:02,120.0,exakt,influx_switch
Reihe 2,2026-07-29 15:59:02,2026-07-29 13:59:02,120.0,exakt,influx_switch
Reihe 3,2026-07-29 15:59:02,2026-07-29 13:59:02,120.0,exakt,influx_switch
Reihe 1,2026-07-29 16:06:32,2026-07-29 14:06:32,12.0,exakt,influx_switch
Reihe 3,2026-07-29 16:20:02,2026-07-29 14:20:02,120.0,exakt,influx_switch
Randreihe,2026-07-29 16:28:32,2026-07-29 14:28:32,120.0,exakt,influx_switch
Reihe 2,2026-07-29 16:29:02,2026-07-29 14:29:02,120.0,exakt,influx_switch
Reihe 1,2026-07-29 16:36:32,2026-07-29 14:36:32,12.0,exakt,influx_switch
Reihe 3,2026-07-29 16:51:02,2026-07-29 14:51:02,120.0,exakt,influx_switch
Reihe 1,2026-07-29 17:07:02,2026-07-29 15:07:02,12.0,exakt,influx_switch
Randreihe,2026-07-29 17:12:02,2026-07-29 15:12:02,120.0,exakt,influx_switch
Reihe 2,2026-07-29 17:12:32,2026-07-29 15:12:32,120.0,exakt,influx_switch
Reihe 3,2026-07-29 17:21:32,2026-07-29 15:21:32,120.0,exakt,influx_switch
Reihe 1,2026-07-29 17:37:02,2026-07-29 15:37:02,12.0,exakt,influx_switch
Randreihe,2026-07-29 17:50:32,2026-07-29 15:50:32,120.0,exakt,influx_switch
Reihe 2,2026-07-29 17:51:02,2026-07-29 15:51:02,120.0,exakt,influx_switch
Reihe 3,2026-07-29 17:54:32,2026-07-29 15:54:32,120.0,exakt,influx_switch
Reihe 1,2026-07-29 18:07:32,2026-07-29 16:07:32,12.0,exakt,influx_switch
Reihe 1,2026-07-29 18:38:02,2026-07-29 16:38:02,12.0,exakt,influx_switch
Reihe 1,2026-07-29 19:08:32,2026-07-29 17:08:32,12.0,exakt,influx_switch
Reihe 1,2026-07-29 19:38:32,2026-07-29 17:38:32,12.0,exakt,influx_switch
Reihe 1,2026-07-29 20:08:32,2026-07-29 18:08:32,12.0,exakt,influx_switch
Reihe 1,2026-07-29 20:39:02,2026-07-29 18:39:02,12.0,exakt,influx_switch
Reihe 1,2026-07-30 06:00:02,2026-07-30 04:00:02,12.0,exakt,influx_switch
Reihe 1,2026-07-30 06:30:32,2026-07-30 04:30:32,12.0,exakt,influx_switch
Randreihe,2026-07-30 07:00:02,2026-07-30 05:00:02,120.0,exakt,influx_switch
Reihe 2,2026-07-30 07:00:02,2026-07-30 05:00:02,120.0,exakt,influx_switch
Reihe 3,2026-07-30 07:00:02,2026-07-30 05:00:02,120.0,exakt,influx_switch
Reihe 1,2026-07-30 07:00:32,2026-07-30 05:00:32,12.0,exakt,influx_switch
Reihe 1,2026-07-30 07:31:02,2026-07-30 05:31:02,12.0,exakt,influx_switch
Reihe 1,2026-07-30 08:01:02,2026-07-30 06:01:02,12.0,exakt,influx_switch
Reihe 1,2026-07-30 08:31:32,2026-07-30 06:31:32,12.0,exakt,influx_switch
Randreihe,2026-07-30 09:00:32,2026-07-30 07:00:32,120.0,exakt,influx_switch
Reihe 2,2026-07-30 09:00:32,2026-07-30 07:00:32,120.0,exakt,influx_switch
Reihe 3,2026-07-30 09:00:32,2026-07-30 07:00:32,120.0,exakt,influx_switch
Reihe 1,2026-07-30 09:02:02,2026-07-30 07:02:02,12.0,exakt,influx_switch
Reihe 1,2026-07-30 09:32:32,2026-07-30 07:32:32,12.0,exakt,influx_switch
Reihe 1,2026-07-30 10:02:32,2026-07-30 08:02:32,12.0,exakt,influx_switch
Reihe 3,2026-07-30 10:13:32,2026-07-30 08:13:32,120.0,exakt,influx_switch
Randreihe,2026-07-30 10:20:32,2026-07-30 08:20:32,120.0,exakt,influx_switch
Reihe 2,2026-07-30 10:20:32,2026-07-30 08:20:32,120.0,exakt,influx_switch
Reihe 1,2026-07-30 10:32:32,2026-07-30 08:32:32,12.0,exakt,influx_switch
Reihe 3,2026-07-30 10:41:02,2026-07-30 08:41:02,120.0,exakt,influx_switch
Randreihe,2026-07-30 10:53:32,2026-07-30 08:53:32,120.0,exakt,influx_switch
Reihe 2,2026-07-30 10:53:32,2026-07-30 08:53:32,120.0,exakt,influx_switch
Reihe 1,2026-07-30 11:02:32,2026-07-30 09:02:32,12.0,exakt,influx_switch
Reihe 3,2026-07-30 11:06:02,2026-07-30 09:06:02,120.0,exakt,influx_switch
Randreihe,2026-07-30 11:23:32,2026-07-30 09:23:32,120.0,exakt,influx_switch
Reihe 2,2026-07-30 11:24:02,2026-07-30 09:24:02,120.0,exakt,influx_switch
Reihe 3,2026-07-30 11:28:32,2026-07-30 09:28:32,120.0,exakt,influx_switch
Reihe 1,2026-07-30 11:33:02,2026-07-30 09:33:02,12.0,exakt,influx_switch
Reihe 3,2026-07-30 11:49:32,2026-07-30 09:49:32,120.0,exakt,influx_switch
Randreihe,2026-07-30 11:54:02,2026-07-30 09:54:02,120.0,exakt,influx_switch
Reihe 2,2026-07-30 11:54:02,2026-07-30 09:54:02,120.0,exakt,influx_switch
Reihe 1,2026-07-30 12:03:32,2026-07-30 10:03:32,12.0,exakt,influx_switch
Reihe 3,2026-07-30 12:10:02,2026-07-30 10:10:02,120.0,exakt,influx_switch
Randreihe,2026-07-30 12:24:32,2026-07-30 10:24:32,120.0,exakt,influx_switch
Reihe 2,2026-07-30 12:24:32,2026-07-30 10:24:32,120.0,exakt,influx_switch
Reihe 3,2026-07-30 12:29:32,2026-07-30 10:29:32,120.0,exakt,influx_switch
Reihe 1,2026-07-30 12:33:32,2026-07-30 10:33:32,12.0,exakt,influx_switch
Reihe 3,2026-07-30 12:49:02,2026-07-30 10:49:02,120.0,exakt,influx_switch
Randreihe,2026-07-30 12:55:02,2026-07-30 10:55:02,120.0,exakt,influx_switch
Reihe 2,2026-07-30 12:55:02,2026-07-30 10:55:02,120.0,exakt,influx_switch
Reihe 1,2026-07-30 13:04:02,2026-07-30 11:04:02,12.0,exakt,influx_switch
Reihe 3,2026-07-30 13:08:02,2026-07-30 11:08:02,120.0,exakt,influx_switch
Randreihe,2026-07-30 13:25:32,2026-07-30 11:25:32,120.0,exakt,influx_switch
Reihe 2,2026-07-30 13:25:32,2026-07-30 11:25:32,120.0,exakt,influx_switch
Reihe 3,2026-07-30 13:27:02,2026-07-30 11:27:02,120.0,exakt,influx_switch
Reihe 1,2026-07-30 13:34:02,2026-07-30 11:34:02,12.0,exakt,influx_switch
Reihe 3,2026-07-30 13:45:32,2026-07-30 11:45:32,120.0,exakt,influx_switch
Randreihe,2026-07-30 13:55:32,2026-07-30 11:55:32,120.0,exakt,influx_switch
Reihe 2,2026-07-30 13:56:02,2026-07-30 11:56:02,120.0,exakt,influx_switch
Reihe 3,2026-07-30 14:04:02,2026-07-30 12:04:02,120.0,exakt,influx_switch
Reihe 1,2026-07-30 14:04:32,2026-07-30 12:04:32,12.0,exakt,influx_switch
Reihe 3,2026-07-30 14:22:32,2026-07-30 12:22:32,120.0,exakt,influx_switch
Randreihe,2026-07-30 14:26:02,2026-07-30 12:26:02,120.0,exakt,influx_switch
Reihe 2,2026-07-30 14:26:02,2026-07-30 12:26:02,120.0,exakt,influx_switch
Reihe 1,2026-07-30 14:35:02,2026-07-30 12:35:02,12.0,exakt,influx_switch
Reihe 3,2026-07-30 14:41:02,2026-07-30 12:41:02,120.0,exakt,influx_switch
Randreihe,2026-07-30 14:56:02,2026-07-30 12:56:02,120.0,exakt,influx_switch
Reihe 2,2026-07-30 14:56:32,2026-07-30 12:56:32,120.0,exakt,influx_switch
Reihe 3,2026-07-30 15:00:02,2026-07-30 13:00:02,120.0,exakt,influx_switch
Reihe 1,2026-07-30 15:05:32,2026-07-30 13:05:32,12.0,exakt,influx_switch
Reihe 3,2026-07-30 15:19:32,2026-07-30 13:19:32,120.0,exakt,influx_switch
Randreihe,2026-07-30 15:26:32,2026-07-30 13:26:32,120.0,exakt,influx_switch
Reihe 2,2026-07-30 15:27:02,2026-07-30 13:27:02,120.0,exakt,influx_switch
Reihe 1,2026-07-30 15:35:32,2026-07-30 13:35:32,12.0,exakt,influx_switch
Reihe 3,2026-07-30 15:40:02,2026-07-30 13:40:02,120.0,exakt,influx_switch
Randreihe,2026-07-30 15:56:32,2026-07-30 13:56:32,120.0,exakt,influx_switch
Reihe 2,2026-07-30 15:57:02,2026-07-30 13:57:02,120.0,exakt,influx_switch
Reihe 3,2026-07-30 16:01:02,2026-07-30 14:01:02,120.0,exakt,influx_switch
Reihe 1,2026-07-30 16:06:02,2026-07-30 14:06:02,12.0,exakt,influx_switch
Reihe 3,2026-07-30 16:23:32,2026-07-30 14:23:32,120.0,exakt,influx_switch
Randreihe,2026-07-30 16:26:32,2026-07-30 14:26:32,120.0,exakt,influx_switch
Reihe 2,2026-07-30 16:27:32,2026-07-30 14:27:32,120.0,exakt,influx_switch
Reihe 1,2026-07-30 16:36:32,2026-07-30 14:36:32,12.0,exakt,influx_switch
Reihe 3,2026-07-30 16:48:32,2026-07-30 14:48:32,120.0,exakt,influx_switch
Randreihe,2026-07-30 16:58:32,2026-07-30 14:58:32,120.0,exakt,influx_switch
Reihe 2,2026-07-30 16:59:32,2026-07-30 14:59:32,120.0,exakt,influx_switch
Reihe 1,2026-07-30 17:06:32,2026-07-30 15:06:32,12.0,exakt,influx_switch
Reihe 3,2026-07-30 17:17:32,2026-07-30 15:17:32,120.0,exakt,influx_switch
Reihe 1,2026-07-30 17:37:02,2026-07-30 15:37:02,12.0,exakt,influx_switch
Randreihe,2026-07-30 17:39:02,2026-07-30 15:39:02,120.0,exakt,influx_switch
Reihe 2,2026-07-30 17:40:32,2026-07-30 15:40:32,120.0,exakt,influx_switch
Reihe 3,2026-07-30 17:55:02,2026-07-30 15:55:02,120.0,exakt,influx_switch
Reihe 1,2026-07-30 18:07:02,2026-07-30 16:07:02,12.0,exakt,influx_switch
Reihe 1,2026-07-30 18:37:32,2026-07-30 16:37:32,12.0,exakt,influx_switch
Reihe 1,2026-07-30 19:07:32,2026-07-30 17:07:32,12.0,exakt,influx_switch
Reihe 1,2026-07-30 19:38:02,2026-07-30 17:38:02,12.0,exakt,influx_switch
Reihe 1,2026-07-30 20:08:02,2026-07-30 18:08:02,12.0,exakt,influx_switch
Reihe 1,2026-07-30 20:38:32,2026-07-30 18:38:32,12.0,exakt,influx_switch
Reihe 1,2026-07-31 06:00:02,2026-07-31 04:00:02,12.0,exakt,influx_switch
Reihe 1,2026-07-31 06:30:32,2026-07-31 04:30:32,12.0,exakt,influx_switch
Randreihe,2026-07-31 07:00:02,2026-07-31 05:00:02,120.0,exakt,influx_switch
Reihe 2,2026-07-31 07:00:02,2026-07-31 05:00:02,120.0,exakt,influx_switch
Reihe 3,2026-07-31 07:00:02,2026-07-31 05:00:02,120.0,exakt,influx_switch
Reihe 1,2026-07-31 07:00:32,2026-07-31 05:00:32,12.0,exakt,influx_switch
Reihe 1,2026-07-31 07:31:02,2026-07-31 05:31:02,12.0,exakt,influx_switch
Reihe 1,2026-07-31 08:01:02,2026-07-31 06:01:02,12.0,exakt,influx_switch
Reihe 1,2026-07-31 08:31:32,2026-07-31 06:31:32,12.0,exakt,influx_switch
Randreihe,2026-07-31 09:00:32,2026-07-31 07:00:32,120.0,exakt,influx_switch
Reihe 2,2026-07-31 09:00:32,2026-07-31 07:00:32,120.0,exakt,influx_switch
Reihe 3,2026-07-31 09:00:32,2026-07-31 07:00:32,120.0,exakt,influx_switch
Reihe 1,2026-07-31 09:02:02,2026-07-31 07:02:02,12.0,exakt,influx_switch
Reihe 1,2026-07-31 09:32:32,2026-07-31 07:32:32,12.0,exakt,influx_switch
Reihe 1,2026-07-31 10:03:02,2026-07-31 08:03:02,12.0,exakt,influx_switch
Reihe 3,2026-07-31 10:16:02,2026-07-31 08:16:02,120.0,exakt,influx_switch
Reihe 1,2026-07-31 10:33:32,2026-07-31 08:33:32,12.0,exakt,influx_switch
Randreihe,2026-07-31 10:35:02,2026-07-31 08:35:02,120.0,exakt,influx_switch
Reihe 2,2026-07-31 10:35:02,2026-07-31 08:35:02,120.0,exakt,influx_switch
Reihe 3,2026-07-31 10:55:32,2026-07-31 08:55:32,120.0,exakt,influx_switch
Reihe 1,2026-07-31 11:03:32,2026-07-31 09:03:32,12.0,exakt,influx_switch
Randreihe,2026-07-31 11:08:32,2026-07-31 09:08:32,120.0,exakt,influx_switch
Reihe 2,2026-07-31 11:08:32,2026-07-31 09:08:32,120.0,exakt,influx_switch
Reihe 3,2026-07-31 11:21:32,2026-07-31 09:21:32,120.0,exakt,influx_switch
Reihe 1,2026-07-31 11:34:02,2026-07-31 09:34:02,12.0,exakt,influx_switch
Randreihe,2026-07-31 11:39:02,2026-07-31 09:39:02,120.0,exakt,influx_switch
Reihe 2,2026-07-31 11:39:02,2026-07-31 09:39:02,120.0,exakt,influx_switch
Reihe 3,2026-07-31 11:45:02,2026-07-31 09:45:02,120.0,exakt,influx_switch
Reihe 1,2026-07-31 12:04:32,2026-07-31 10:04:32,12.0,exakt,influx_switch
Randreihe,2026-07-31 12:11:32,2026-07-31 10:11:32,120.0,exakt,influx_switch
Reihe 2,2026-07-31 12:11:32,2026-07-31 10:11:32,120.0,exakt,influx_switch
Reihe 3,2026-07-31 12:12:02,2026-07-31 10:12:02,120.0,exakt,influx_switch
Reihe 1,2026-07-31 12:34:32,2026-07-31 10:34:32,12.0,exakt,influx_switch
Reihe 3,2026-07-31 12:35:02,2026-07-31 10:35:02,120.0,exakt,influx_switch
Randreihe,2026-07-31 12:42:02,2026-07-31 10:42:02,120.0,exakt,influx_switch
Reihe 2,2026-07-31 12:42:02,2026-07-31 10:42:02,120.0,exakt,influx_switch
Reihe 3,2026-07-31 12:55:32,2026-07-31 10:55:32,120.0,exakt,influx_switch
Reihe 1,2026-07-31 13:05:02,2026-07-31 11:05:02,12.0,exakt,influx_switch
Randreihe,2026-07-31 13:12:32,2026-07-31 11:12:32,120.0,exakt,influx_switch
Reihe 2,2026-07-31 13:12:32,2026-07-31 11:12:32,120.0,exakt,influx_switch
Reihe 3,2026-07-31 13:15:02,2026-07-31 11:15:02,120.0,exakt,influx_switch
Reihe 3,2026-07-31 13:34:32,2026-07-31 11:34:32,120.0,exakt,influx_switch
Reihe 1,2026-07-31 13:35:02,2026-07-31 11:35:02,12.0,exakt,influx_switch
Randreihe,2026-07-31 13:43:02,2026-07-31 11:43:02,120.0,exakt,influx_switch
Reihe 2,2026-07-31 13:43:02,2026-07-31 11:43:02,120.0,exakt,influx_switch
Reihe 3,2026-07-31 13:53:32,2026-07-31 11:53:32,120.0,exakt,influx_switch
Reihe 1,2026-07-31 14:05:32,2026-07-31 12:05:32,12.0,exakt,influx_switch
Reihe 3,2026-07-31 14:12:32,2026-07-31 12:12:32,120.0,exakt,influx_switch
Randreihe,2026-07-31 14:13:02,2026-07-31 12:13:02,120.0,exakt,influx_switch
Reihe 2,2026-07-31 14:13:32,2026-07-31 12:13:32,120.0,exakt,influx_switch
Reihe 3,2026-07-31 14:30:32,2026-07-31 12:30:32,120.0,exakt,influx_switch
Reihe 1,2026-07-31 14:36:02,2026-07-31 12:36:02,12.0,exakt,influx_switch
Randreihe,2026-07-31 14:43:32,2026-07-31 12:43:32,120.0,exakt,influx_switch
Reihe 2,2026-07-31 14:44:02,2026-07-31 12:44:02,120.0,exakt,influx_switch
Reihe 3,2026-07-31 14:56:07,2026-07-31 12:56:07,180.0,exakt,influx_switch
Reihe 1,2026-07-31 15:06:07,2026-07-31 13:06:07,12.0,exakt,influx_switch
Randreihe,2026-07-31 15:13:37,2026-07-31 13:13:37,180.0,exakt,influx_switch
Reihe 2,2026-07-31 15:14:07,2026-07-31 13:14:07,180.0,exakt,influx_switch
Reihe 3,2026-07-31 15:16:37,2026-07-31 13:16:37,180.0,exakt,influx_switch
Reihe 1,2026-07-31 15:36:07,2026-07-31 13:36:07,12.0,exakt,influx_switch
Reihe 3,2026-07-31 15:52:37,2026-07-31 13:52:37,180.0,exakt,influx_switch
Randreihe,2026-07-31 15:54:37,2026-07-31 13:54:37,180.0,exakt,influx_switch
Reihe 2,2026-07-31 15:55:07,2026-07-31 13:55:07,180.0,exakt,influx_switch
Reihe 1,2026-07-31 16:06:37,2026-07-31 14:06:37,12.0,exakt,influx_switch
Reihe 3,2026-07-31 16:14:37,2026-07-31 14:14:37,180.0,exakt,influx_switch
Randreihe,2026-07-31 16:25:07,2026-07-31 14:25:07,180.0,exakt,influx_switch
Reihe 2,2026-07-31 16:25:37,2026-07-31 14:25:37,180.0,exakt,influx_switch
Reihe 1,2026-07-31 16:36:37,2026-07-31 14:36:37,12.0,exakt,influx_switch
Reihe 3,2026-07-31 16:39:07,2026-07-31 14:39:07,180.0,exakt,influx_switch
Randreihe,2026-07-31 16:58:37,2026-07-31 14:58:37,180.0,exakt,influx_switch
Reihe 2,2026-07-31 16:59:37,2026-07-31 14:59:37,180.0,exakt,influx_switch
Randreihe,2026-07-31 17:00:00,2026-07-31 15:00:00,157,stunde_rekonstruiert,ha_lts_power_energy
Reihe 2,2026-07-31 17:00:00,2026-07-31 15:00:00,155,stunde_rekonstruiert,ha_lts_power_energy
Reihe 1,2026-07-31 17:06:37,2026-07-31 15:06:37,12.0,exakt,influx_switch
Reihe 3,2026-07-31 17:10:07,2026-07-31 15:10:07,180.0,exakt,influx_switch
Reihe 1,2026-07-31 17:37:07,2026-07-31 15:37:07,12.0,exakt,influx_switch
Reihe 1,2026-07-31 18:07:37,2026-07-31 16:07:37,12.0,exakt,influx_switch
Reihe 1,2026-07-31 18:38:07,2026-07-31 16:38:07,12.0,exakt,influx_switch
Reihe 1,2026-07-31 19:08:37,2026-07-31 17:08:37,12.0,exakt,influx_switch
Reihe 1,2026-07-31 19:38:37,2026-07-31 17:38:37,12.0,exakt,influx_switch
Reihe 1,2026-07-31 20:09:07,2026-07-31 18:09:07,12.0,exakt,influx_switch
Reihe 1,2026-07-31 20:39:07,2026-07-31 18:39:07,12.0,exakt,influx_switch
Reihe 1,2026-08-01 06:00:07,2026-08-01 04:00:07,12.0,exakt,influx_switch
Reihe 1,2026-08-01 06:30:37,2026-08-01 04:30:37,12.0,exakt,influx_switch
Randreihe,2026-08-01 07:00:07,2026-08-01 05:00:07,180.0,exakt,influx_switch
Reihe 2,2026-08-01 07:00:07,2026-08-01 05:00:07,180.0,exakt,influx_switch
Reihe 3,2026-08-01 07:00:07,2026-08-01 05:00:07,180.0,exakt,influx_switch
Reihe 1,2026-08-01 07:00:37,2026-08-01 05:00:37,12.0,exakt,influx_switch
Reihe 1,2026-08-01 07:31:07,2026-08-01 05:31:07,12.0,exakt,influx_switch
Reihe 1,2026-08-01 08:01:37,2026-08-01 06:01:37,12.0,exakt,influx_switch
Reihe 1,2026-08-01 08:31:37,2026-08-01 06:31:37,12.0,exakt,influx_switch
Randreihe,2026-08-01 09:00:37,2026-08-01 07:00:37,180.0,exakt,influx_switch
Reihe 2,2026-08-01 09:00:37,2026-08-01 07:00:37,180.0,exakt,influx_switch
Reihe 3,2026-08-01 09:00:37,2026-08-01 07:00:37,180.0,exakt,influx_switch
Reihe 1,2026-08-01 09:02:07,2026-08-01 07:02:07,12.0,exakt,influx_switch
Reihe 1,2026-08-01 09:32:37,2026-08-01 07:32:37,12.0,exakt,influx_switch
Reihe 1,2026-08-01 10:03:07,2026-08-01 08:03:07,12.0,exakt,influx_switch
Reihe 3,2026-08-01 10:29:07,2026-08-01 08:29:07,180.0,exakt,influx_switch
Reihe 1,2026-08-01 10:33:37,2026-08-01 08:33:37,12.0,exakt,influx_switch
Randreihe,2026-08-01 10:40:37,2026-08-01 08:40:37,180.0,exakt,influx_switch
Reihe 2,2026-08-01 10:40:37,2026-08-01 08:40:37,180.0,exakt,influx_switch
Reihe 1,2026-08-01 11:03:37,2026-08-01 09:03:37,12.0,exakt,influx_switch
Reihe 3,2026-08-01 11:28:37,2026-08-01 09:28:37,180.0,exakt,influx_switch
Reihe 1,2026-08-01 11:33:37,2026-08-01 09:33:37,12.0,exakt,influx_switch
Randreihe,2026-08-01 11:42:07,2026-08-01 09:42:07,180.0,exakt,influx_switch
Reihe 2,2026-08-01 11:42:07,2026-08-01 09:42:07,180.0,exakt,influx_switch
Reihe 3,2026-08-01 11:59:07,2026-08-01 09:59:07,180.0,exakt,influx_switch
Reihe 1,2026-08-01 12:04:07,2026-08-01 10:04:07,12.0,exakt,influx_switch
Randreihe,2026-08-01 12:24:37,2026-08-01 10:24:37,180.0,exakt,influx_switch
Reihe 2,2026-08-01 12:24:37,2026-08-01 10:24:37,180.0,exakt,influx_switch
Reihe 3,2026-08-01 12:34:07,2026-08-01 10:34:07,180.0,exakt,influx_switch
Reihe 1,2026-08-01 12:34:37,2026-08-01 10:34:37,12.0,exakt,influx_switch
Randreihe,2026-08-01 13:03:07,2026-08-01 11:03:07,180.0,exakt,influx_switch
Reihe 2,2026-08-01 13:03:07,2026-08-01 11:03:07,180.0,exakt,influx_switch
Reihe 3,2026-08-01 13:03:07,2026-08-01 11:03:07,180.0,exakt,influx_switch
Reihe 1,2026-08-01 13:05:07,2026-08-01 11:05:07,12.0,exakt,influx_switch
Reihe 1,2026-08-01 13:35:37,2026-08-01 11:35:37,12.0,exakt,influx_switch
Reihe 3,2026-08-01 13:39:37,2026-08-01 11:39:37,180.0,exakt,influx_switch
Randreihe,2026-08-01 13:48:07,2026-08-01 11:48:07,180.0,exakt,influx_switch
Reihe 2,2026-08-01 13:48:07,2026-08-01 11:48:07,180.0,exakt,influx_switch
Reihe 1,2026-08-01 14:06:07,2026-08-01 12:06:07,12.0,exakt,influx_switch
Reihe 3,2026-08-01 14:10:37,2026-08-01 12:10:37,180.0,exakt,influx_switch
Randreihe,2026-08-01 14:22:37,2026-08-01 12:22:37,180.0,exakt,influx_switch
Reihe 2,2026-08-01 14:22:37,2026-08-01 12:22:37,180.0,exakt,influx_switch
Reihe 3,2026-08-01 14:33:07,2026-08-01 12:33:07,180.0,exakt,influx_switch
Reihe 1,2026-08-01 14:36:37,2026-08-01 12:36:37,12.0,exakt,influx_switch
Randreihe,2026-08-01 14:53:07,2026-08-01 12:53:07,180.0,exakt,influx_switch
Reihe 2,2026-08-01 14:53:07,2026-08-01 12:53:07,180.0,exakt,influx_switch
Reihe 3,2026-08-01 15:03:37,2026-08-01 13:03:37,180.0,exakt,influx_switch
Reihe 1,2026-08-01 15:07:07,2026-08-01 13:07:07,12.0,exakt,influx_switch
Randreihe,2026-08-01 15:31:37,2026-08-01 13:31:37,180.0,exakt,influx_switch
Reihe 2,2026-08-01 15:31:37,2026-08-01 13:31:37,180.0,exakt,influx_switch
Reihe 3,2026-08-01 15:31:37,2026-08-01 13:31:37,180.0,exakt,influx_switch
Reihe 1,2026-08-01 15:37:37,2026-08-01 13:37:37,12.0,exakt,influx_switch
Reihe 3,2026-08-01 15:57:07,2026-08-01 13:57:07,180.0,exakt,influx_switch
Randreihe,2026-08-01 16:03:37,2026-08-01 14:03:37,180.0,exakt,influx_switch
Reihe 2,2026-08-01 16:03:37,2026-08-01 14:03:37,180.0,exakt,influx_switch
Reihe 1,2026-08-01 16:07:37,2026-08-01 14:07:37,12.0,exakt,influx_switch
Reihe 3,2026-08-01 16:29:07,2026-08-01 14:29:07,180.0,exakt,influx_switch
Reihe 1,2026-08-01 16:38:07,2026-08-01 14:38:07,12.0,exakt,influx_switch
Randreihe,2026-08-01 16:48:37,2026-08-01 14:48:37,180.0,exakt,influx_switch
Reihe 2,2026-08-01 16:48:37,2026-08-01 14:48:37,180.0,exakt,influx_switch
Reihe 1,2026-08-01 17:08:07,2026-08-01 15:08:07,12.0,exakt,influx_switch
Reihe 3,2026-08-01 17:17:37,2026-08-01 15:17:37,180.0,exakt,influx_switch
Reihe 1,2026-08-01 17:38:37,2026-08-01 15:38:37,12.0,exakt,influx_switch
Reihe 1,2026-08-01 18:08:37,2026-08-01 16:08:37,12.0,exakt,influx_switch
Reihe 1,2026-08-01 18:39:07,2026-08-01 16:39:07,12.0,exakt,influx_switch
Reihe 1,2026-08-01 19:09:37,2026-08-01 17:09:37,12.0,exakt,influx_switch
Reihe 1,2026-08-01 19:39:37,2026-08-01 17:39:37,12.0,exakt,influx_switch
Reihe 1,2026-08-01 20:10:07,2026-08-01 18:10:07,12.0,exakt,influx_switch
Reihe 1,2026-08-01 20:40:37,2026-08-01 18:40:37,12.0,exakt,influx_switch
Reihe 1,2026-08-02 06:00:07,2026-08-02 04:00:07,12.0,exakt,influx_switch
Reihe 1,2026-08-02 06:30:07,2026-08-02 04:30:07,12.0,exakt,influx_switch
Randreihe,2026-08-02 07:00:07,2026-08-02 05:00:07,180.0,exakt,influx_switch
Reihe 2,2026-08-02 07:00:07,2026-08-02 05:00:07,180.0,exakt,influx_switch
Reihe 3,2026-08-02 07:00:07,2026-08-02 05:00:07,180.0,exakt,influx_switch
Reihe 1,2026-08-02 07:00:37,2026-08-02 05:00:37,12.0,exakt,influx_switch
Reihe 1,2026-08-02 07:31:07,2026-08-02 05:31:07,12.0,exakt,influx_switch
Reihe 1,2026-08-02 08:01:37,2026-08-02 06:01:37,12.0,exakt,influx_switch
Reihe 1,2026-08-02 08:32:07,2026-08-02 06:32:07,12.0,exakt,influx_switch
Randreihe,2026-08-02 09:00:37,2026-08-02 07:00:37,180.0,exakt,influx_switch
Reihe 2,2026-08-02 09:00:37,2026-08-02 07:00:37,180.0,exakt,influx_switch
Reihe 3,2026-08-02 09:00:37,2026-08-02 07:00:37,180.0,exakt,influx_switch
Reihe 1,2026-08-02 09:02:37,2026-08-02 07:02:37,12.0,exakt,influx_switch
Reihe 1,2026-08-02 09:33:07,2026-08-02 07:33:07,12.0,exakt,influx_switch
Reihe 1,2026-08-02 10:03:37,2026-08-02 08:03:37,12.0,exakt,influx_switch
Reihe 3,2026-08-02 10:12:37,2026-08-02 08:12:37,180.0,exakt,influx_switch
Randreihe,2026-08-02 10:19:37,2026-08-02 08:19:37,180.0,exakt,influx_switch
Reihe 2,2026-08-02 10:19:37,2026-08-02 08:19:37,180.0,exakt,influx_switch
Reihe 1,2026-08-02 10:34:07,2026-08-02 08:34:07,12.0,exakt,influx_switch
Reihe 3,2026-08-02 10:40:37,2026-08-02 08:40:37,180.0,exakt,influx_switch
Randreihe,2026-08-02 10:53:07,2026-08-02 08:53:07,180.0,exakt,influx_switch
Reihe 2,2026-08-02 10:53:07,2026-08-02 08:53:07,180.0,exakt,influx_switch
Reihe 1,2026-08-02 11:04:07,2026-08-02 09:04:07,12.0,exakt,influx_switch
Reihe 3,2026-08-02 11:05:37,2026-08-02 09:05:37,180.0,exakt,influx_switch
Randreihe,2026-08-02 11:23:07,2026-08-02 09:23:07,180.0,exakt,influx_switch
Reihe 2,2026-08-02 11:23:37,2026-08-02 09:23:37,180.0,exakt,influx_switch
Reihe 3,2026-08-02 11:28:37,2026-08-02 09:28:37,180.0,exakt,influx_switch
Reihe 1,2026-08-02 11:34:37,2026-08-02 09:34:37,12.0,exakt,influx_switch
Reihe 3,2026-08-02 11:50:07,2026-08-02 09:50:07,180.0,exakt,influx_switch
Randreihe,2026-08-02 11:53:07,2026-08-02 09:53:07,180.0,exakt,influx_switch
Reihe 2,2026-08-02 11:53:37,2026-08-02 09:53:37,180.0,exakt,influx_switch
Reihe 1,2026-08-02 12:05:07,2026-08-02 10:05:07,12.0,exakt,influx_switch
Reihe 3,2026-08-02 12:10:37,2026-08-02 10:10:37,180.0,exakt,influx_switch
Randreihe,2026-08-02 12:23:37,2026-08-02 10:23:37,180.0,exakt,influx_switch
Reihe 2,2026-08-02 12:24:07,2026-08-02 10:24:07,180.0,exakt,influx_switch
Reihe 3,2026-08-02 12:30:07,2026-08-02 10:30:07,180.0,exakt,influx_switch
Reihe 1,2026-08-02 12:35:07,2026-08-02 10:35:07,12.0,exakt,influx_switch
Reihe 3,2026-08-02 12:49:07,2026-08-02 10:49:07,180.0,exakt,influx_switch
Randreihe,2026-08-02 12:53:37,2026-08-02 10:53:37,180.0,exakt,influx_switch
Reihe 2,2026-08-02 12:54:07,2026-08-02 10:54:07,180.0,exakt,influx_switch
Reihe 1,2026-08-02 13:05:37,2026-08-02 11:05:37,12.0,exakt,influx_switch
Reihe 3,2026-08-02 13:07:37,2026-08-02 11:07:37,180.0,exakt,influx_switch
Randreihe,2026-08-02 13:24:07,2026-08-02 11:24:07,180.0,exakt,influx_switch
Reihe 2,2026-08-02 13:24:37,2026-08-02 11:24:37,180.0,exakt,influx_switch
Reihe 3,2026-08-02 13:26:07,2026-08-02 11:26:07,180.0,exakt,influx_switch
Reihe 1,2026-08-02 13:36:07,2026-08-02 11:36:07,12.0,exakt,influx_switch
Reihe 3,2026-08-02 13:44:07,2026-08-02 11:44:07,180.0,exakt,influx_switch
Randreihe,2026-08-02 13:54:07,2026-08-02 11:54:07,180.0,exakt,influx_switch
Reihe 2,2026-08-02 13:54:37,2026-08-02 11:54:37,180.0,exakt,influx_switch
Reihe 3,2026-08-02 14:02:07,2026-08-02 12:02:07,180.0,exakt,influx_switch
Reihe 1,2026-08-02 14:06:07,2026-08-02 12:06:07,12.0,exakt,influx_switch
Reihe 3,2026-08-02 14:20:07,2026-08-02 12:20:07,180.0,exakt,influx_switch
Randreihe,2026-08-02 14:24:07,2026-08-02 12:24:07,180.0,exakt,influx_switch
Reihe 2,2026-08-02 14:25:07,2026-08-02 12:25:07,180.0,exakt,influx_switch
Reihe 1,2026-08-02 14:36:37,2026-08-02 12:36:37,12.0,exakt,influx_switch
Reihe 3,2026-08-02 14:38:37,2026-08-02 12:38:37,180.0,exakt,influx_switch
Randreihe,2026-08-02 14:54:37,2026-08-02 12:54:37,180.0,exakt,influx_switch
Reihe 2,2026-08-02 14:55:07,2026-08-02 12:55:07,180.0,exakt,influx_switch
Reihe 3,2026-08-02 14:57:07,2026-08-02 12:57:07,180.0,exakt,influx_switch
Reihe 1,2026-08-02 15:07:07,2026-08-02 13:07:07,12.0,exakt,influx_switch
Reihe 3,2026-08-02 15:16:07,2026-08-02 13:16:07,180.0,exakt,influx_switch
Randreihe,2026-08-02 15:24:37,2026-08-02 13:24:37,180.0,exakt,influx_switch
Reihe 2,2026-08-02 15:25:37,2026-08-02 13:25:37,180.0,exakt,influx_switch
Reihe 3,2026-08-02 15:35:37,2026-08-02 13:35:37,180.0,exakt,influx_switch
Reihe 1,2026-08-02 15:37:07,2026-08-02 13:37:07,12.0,exakt,influx_switch
Randreihe,2026-08-02 15:55:07,2026-08-02 13:55:07,180.0,exakt,influx_switch
Reihe 2,2026-08-02 15:55:37,2026-08-02 13:55:37,180.0,exakt,influx_switch
Reihe 3,2026-08-02 15:56:07,2026-08-02 13:56:07,180.0,exakt,influx_switch
Reihe 1,2026-08-02 16:07:37,2026-08-02 14:07:37,12.0,exakt,influx_switch
Reihe 3,2026-08-02 16:17:37,2026-08-02 14:17:37,180.0,exakt,influx_switch
Randreihe,2026-08-02 16:25:37,2026-08-02 14:25:37,180.0,exakt,influx_switch
Reihe 2,2026-08-02 16:26:07,2026-08-02 14:26:07,180.0,exakt,influx_switch
Reihe 1,2026-08-02 16:38:07,2026-08-02 14:38:07,12.0,exakt,influx_switch
Reihe 3,2026-08-02 16:40:37,2026-08-02 14:40:37,180.0,exakt,influx_switch
Randreihe,2026-08-02 16:56:07,2026-08-02 14:56:07,180.0,exakt,influx_switch
Reihe 2,2026-08-02 16:56:37,2026-08-02 14:56:37,180.0,exakt,influx_switch
Reihe 3,2026-08-02 17:06:37,2026-08-02 15:06:37,180.0,exakt,influx_switch
Reihe 1,2026-08-02 17:08:07,2026-08-02 15:08:07,12.0,exakt,influx_switch
Randreihe,2026-08-02 17:31:37,2026-08-02 15:31:37,180.0,exakt,influx_switch
Reihe 2,2026-08-02 17:32:07,2026-08-02 15:32:07,180.0,exakt,influx_switch
Reihe 3,2026-08-02 17:36:37,2026-08-02 15:36:37,180.0,exakt,influx_switch
Reihe 1,2026-08-02 17:38:37,2026-08-02 15:38:37,12.0,exakt,influx_switch
Reihe 1,2026-08-02 18:09:07,2026-08-02 16:09:07,12.0,exakt,influx_switch
Reihe 1,2026-08-02 18:39:37,2026-08-02 16:39:37,12.0,exakt,influx_switch
Reihe 1,2026-08-02 19:10:07,2026-08-02 17:10:07,12.0,exakt,influx_switch
Reihe 1,2026-08-02 19:40:37,2026-08-02 17:40:37,12.0,exakt,influx_switch
Reihe 1,2026-08-02 20:10:37,2026-08-02 18:10:37,12.0,exakt,influx_switch
Reihe 1,2026-08-02 20:41:07,2026-08-02 18:41:07,12.0,exakt,influx_switch
Reihe 1,2026-08-03 06:00:07,2026-08-03 04:00:07,12.0,exakt,influx_switch
Reihe 1,2026-08-03 06:30:37,2026-08-03 04:30:37,12.0,exakt,influx_switch
Randreihe,2026-08-03 07:00:07,2026-08-03 05:00:07,180.0,exakt,influx_switch
Reihe 2,2026-08-03 07:00:07,2026-08-03 05:00:07,180.0,exakt,influx_switch
Reihe 3,2026-08-03 07:00:07,2026-08-03 05:00:07,180.0,exakt,influx_switch
Reihe 1,2026-08-03 07:01:07,2026-08-03 05:01:07,12.0,exakt,influx_switch
Reihe 1,2026-08-03 07:31:07,2026-08-03 05:31:07,12.0,exakt,influx_switch
Reihe 1,2026-08-03 08:01:07,2026-08-03 06:01:07,12.0,exakt,influx_switch
Reihe 1,2026-08-03 08:31:37,2026-08-03 06:31:37,12.0,exakt,influx_switch
Randreihe,2026-08-03 09:00:07,2026-08-03 07:00:07,180.0,exakt,influx_switch
Reihe 2,2026-08-03 09:00:37,2026-08-03 07:00:37,180.0,exakt,influx_switch
Reihe 3,2026-08-03 09:00:37,2026-08-03 07:00:37,180.0,exakt,influx_switch
Reihe 1,2026-08-03 09:01:37,2026-08-03 07:01:37,12.0,exakt,influx_switch
Reihe 1,2026-08-03 09:32:07,2026-08-03 07:32:07,12.0,exakt,influx_switch
Reihe 1,2026-08-03 10:02:37,2026-08-03 08:02:37,12.0,exakt,influx_switch
Reihe 3,2026-08-03 10:11:37,2026-08-03 08:11:37,180.0,exakt,influx_switch
Randreihe,2026-08-03 10:20:07,2026-08-03 08:20:07,180.0,exakt,influx_switch
Reihe 2,2026-08-03 10:20:07,2026-08-03 08:20:07,180.0,exakt,influx_switch
Reihe 1,2026-08-03 10:33:07,2026-08-03 08:33:07,12.0,exakt,influx_switch
Reihe 3,2026-08-03 10:43:37,2026-08-03 08:43:37,180.0,exakt,influx_switch
Randreihe,2026-08-03 10:56:37,2026-08-03 08:56:37,180.0,exakt,influx_switch
Reihe 2,2026-08-03 10:56:37,2026-08-03 08:56:37,180.0,exakt,influx_switch
Reihe 1,2026-08-03 11:03:37,2026-08-03 09:03:37,12.0,exakt,influx_switch
Reihe 3,2026-08-03 11:10:07,2026-08-03 09:10:07,180.0,exakt,influx_switch
Randreihe,2026-08-03 11:32:07,2026-08-03 09:32:07,180.0,exakt,influx_switch
Reihe 2,2026-08-03 11:32:07,2026-08-03 09:32:07,180.0,exakt,influx_switch
Reihe 1,2026-08-03 11:34:07,2026-08-03 09:34:07,12.0,exakt,influx_switch
Reihe 3,2026-08-03 11:38:37,2026-08-03 09:38:37,180.0,exakt,influx_switch
Reihe 1,2026-08-03 12:04:07,2026-08-03 10:04:07,12.0,exakt,influx_switch
Randreihe,2026-08-03 12:09:37,2026-08-03 10:09:37,180.0,exakt,influx_switch
Reihe 2,2026-08-03 12:09:37,2026-08-03 10:09:37,180.0,exakt,influx_switch
Reihe 3,2026-08-03 12:09:37,2026-08-03 10:09:37,180.0,exakt,influx_switch
Reihe 3,2026-08-03 12:29:37,2026-08-03 10:29:37,180.0,exakt,influx_switch
Reihe 1,2026-08-03 12:34:37,2026-08-03 10:34:37,12.0,exakt,influx_switch
Randreihe,2026-08-03 12:40:07,2026-08-03 10:40:07,180.0,exakt,influx_switch
Reihe 2,2026-08-03 12:40:07,2026-08-03 10:40:07,180.0,exakt,influx_switch
Reihe 3,2026-08-03 12:49:37,2026-08-03 10:49:37,180.0,exakt,influx_switch
Reihe 1,2026-08-03 13:04:37,2026-08-03 11:04:37,12.0,exakt,influx_switch
Reihe 3,2026-08-03 13:09:07,2026-08-03 11:09:07,180.0,exakt,influx_switch
Randreihe,2026-08-03 13:10:37,2026-08-03 11:10:37,180.0,exakt,influx_switch
Reihe 2,2026-08-03 13:10:37,2026-08-03 11:10:37,180.0,exakt,influx_switch
Reihe 3,2026-08-03 13:28:07,2026-08-03 11:28:07,180.0,exakt,influx_switch
Reihe 1,2026-08-03 13:35:07,2026-08-03 11:35:07,12.0,exakt,influx_switch
Randreihe,2026-08-03 13:41:07,2026-08-03 11:41:07,180.0,exakt,influx_switch
Reihe 2,2026-08-03 13:41:07,2026-08-03 11:41:07,180.0,exakt,influx_switch
Reihe 3,2026-08-03 13:46:37,2026-08-03 11:46:37,180.0,exakt,influx_switch
Reihe 3,2026-08-03 14:05:07,2026-08-03 12:05:07,180.0,exakt,influx_switch
Reihe 1,2026-08-03 14:05:37,2026-08-03 12:05:37,12.0,exakt,influx_switch
Randreihe,2026-08-03 14:11:37,2026-08-03 12:11:37,180.0,exakt,influx_switch
Reihe 2,2026-08-03 14:11:37,2026-08-03 12:11:37,180.0,exakt,influx_switch
Reihe 3,2026-08-03 14:23:37,2026-08-03 12:23:37,180.0,exakt,influx_switch
Reihe 1,2026-08-03 14:36:07,2026-08-03 12:36:07,12.0,exakt,influx_switch
Randreihe,2026-08-03 14:41:37,2026-08-03 12:41:37,180.0,exakt,influx_switch
Reihe 2,2026-08-03 14:42:07,2026-08-03 12:42:07,180.0,exakt,influx_switch
Reihe 3,2026-08-03 14:42:37,2026-08-03 12:42:37,180.0,exakt,influx_switch
Reihe 3,2026-08-03 15:02:07,2026-08-03 13:02:07,180.0,exakt,influx_switch
Reihe 1,2026-08-03 15:06:37,2026-08-03 13:06:37,12.0,exakt,influx_switch
Randreihe,2026-08-03 15:11:37,2026-08-03 13:11:37,180.0,exakt,influx_switch
Reihe 2,2026-08-03 15:12:37,2026-08-03 13:12:37,180.0,exakt,influx_switch
Reihe 3,2026-08-03 15:22:37,2026-08-03 13:22:37,180.0,exakt,influx_switch
Reihe 1,2026-08-03 15:37:07,2026-08-03 13:37:07,12.0,exakt,influx_switch
Randreihe,2026-08-03 15:42:07,2026-08-03 13:42:07,180.0,exakt,influx_switch
Reihe 2,2026-08-03 15:42:37,2026-08-03 13:42:37,180.0,exakt,influx_switch
Reihe 3,2026-08-03 15:43:07,2026-08-03 13:43:07,180.0,exakt,influx_switch
Reihe 3,2026-08-03 16:04:07,2026-08-03 14:04:07,180.0,exakt,influx_switch
Reihe 1,2026-08-03 16:07:37,2026-08-03 14:07:37,12.0,exakt,influx_switch
Randreihe,2026-08-03 16:12:37,2026-08-03 14:12:37,180.0,exakt,influx_switch
Reihe 2,2026-08-03 16:13:07,2026-08-03 14:13:07,180.0,exakt,influx_switch
Reihe 3,2026-08-03 16:28:37,2026-08-03 14:28:37,180.0,exakt,influx_switch
Reihe 1,2026-08-03 16:38:07,2026-08-03 14:38:07,12.0,exakt,influx_switch
Randreihe,2026-08-03 16:52:37,2026-08-03 14:52:37,180.0,exakt,influx_switch
Reihe 2,2026-08-03 16:53:37,2026-08-03 14:53:37,180.0,exakt,influx_switch
Reihe 1,2026-08-03 17:08:07,2026-08-03 15:08:07,12.0,exakt,influx_switch
Reihe 3,2026-08-03 17:14:07,2026-08-03 15:14:07,180.0,exakt,influx_switch
Reihe 1,2026-08-03 17:38:37,2026-08-03 15:38:37,12.0,exakt,influx_switch
Reihe 1,2026-08-03 18:08:37,2026-08-03 16:08:37,12.0,exakt,influx_switch
Randreihe,2026-08-03 18:27:40,2026-08-03 16:27:40,180.0,exakt,influx_switch
Reihe 2,2026-08-03 18:27:45,2026-08-03 16:27:45,180.0,exakt,influx_switch
Reihe 3,2026-08-03 18:27:48,2026-08-03 16:27:48,180.0,exakt,influx_switch
Randreihe,2026-08-03 18:37:36,2026-08-03 16:37:36,180.0,exakt,influx_switch
Reihe 1,2026-08-03 18:39:02,2026-08-03 16:39:02,12.0,exakt,influx_switch
Reihe 2,2026-08-03 18:40:32,2026-08-03 16:40:32,180.0,exakt,influx_switch
Reihe 3,2026-08-03 18:41:07,2026-08-03 16:41:07,180.0,exakt,influx_switch
Reihe 1,2026-08-03 19:09:02,2026-08-03 17:09:02,12.0,exakt,influx_switch
Reihe 1,2026-08-03 19:39:02,2026-08-03 17:39:02,12.0,exakt,influx_switch
Reihe 1,2026-08-03 20:09:02,2026-08-03 18:09:02,12.0,exakt,influx_switch
Reihe 1,2026-08-03 20:39:32,2026-08-03 18:39:32,12.0,exakt,influx_switch
Reihe 1,2026-08-04 06:00:02,2026-08-04 04:00:02,12.0,exakt,influx_switch
Reihe 1,2026-08-04 06:30:32,2026-08-04 04:30:32,12.0,exakt,influx_switch
Randreihe,2026-08-04 07:00:02,2026-08-04 05:00:02,181.0,exakt,influx_switch
Reihe 2,2026-08-04 07:00:02,2026-08-04 05:00:02,181.0,exakt,influx_switch
Reihe 3,2026-08-04 07:00:02,2026-08-04 05:00:02,181.0,exakt,influx_switch
Reihe 1,2026-08-04 07:00:32,2026-08-04 05:00:32,12.0,exakt,influx_switch
Reihe 1,2026-08-04 07:31:02,2026-08-04 05:31:02,420.0,exakt,influx_switch
Reihe 1,2026-08-04 08:01:02,2026-08-04 06:01:02,12.0,exakt,influx_switch
Reihe 1,2026-08-04 08:31:32,2026-08-04 06:31:32,12.0,exakt,influx_switch
Randreihe,2026-08-04 09:00:32,2026-08-04 07:00:32,181.0,exakt,influx_switch
Reihe 2,2026-08-04 09:00:32,2026-08-04 07:00:32,181.0,exakt,influx_switch
Reihe 3,2026-08-04 09:00:32,2026-08-04 07:00:32,181.0,exakt,influx_switch
Reihe 1,2026-08-04 09:01:32,2026-08-04 07:01:32,12.0,exakt,influx_switch
Reihe 1,2026-08-04 09:32:02,2026-08-04 07:32:02,12.0,exakt,influx_switch
Reihe 1,2026-08-04 10:02:32,2026-08-04 08:02:32,12.0,exakt,influx_switch
Reihe 3,2026-08-04 10:12:02,2026-08-04 08:12:02,180.0,exakt,influx_switch
Randreihe,2026-08-04 10:20:02,2026-08-04 08:20:02,180.0,exakt,influx_switch
Reihe 2,2026-08-04 10:20:02,2026-08-04 08:20:02,180.0,exakt,influx_switch
Reihe 1,2026-08-04 10:33:02,2026-08-04 08:33:02,12.0,exakt,influx_switch
Reihe 3,2026-08-04 10:41:32,2026-08-04 08:41:32,180.0,exakt,influx_switch
Randreihe,2026-08-04 10:55:32,2026-08-04 08:55:32,180.0,exakt,influx_switch
Reihe 2,2026-08-04 10:55:32,2026-08-04 08:55:32,181.0,exakt,influx_switch
Reihe 1,2026-08-04 11:03:32,2026-08-04 09:03:32,12.0,exakt,influx_switch
Reihe 3,2026-08-04 11:08:32,2026-08-04 09:08:32,181.0,exakt,influx_switch
Randreihe,2026-08-04 11:27:02,2026-08-04 09:27:02,180.0,exakt,influx_switch
Reihe 2,2026-08-04 11:27:02,2026-08-04 09:27:02,180.0,exakt,influx_switch
Reihe 3,2026-08-04 11:32:32,2026-08-04 09:32:32,180.0,exakt,influx_switch
Reihe 1,2026-08-04 11:33:32,2026-08-04 09:33:32,13.0,exakt,influx_switch
Reihe 3,2026-08-04 11:55:02,2026-08-04 09:55:02,180.0,exakt,influx_switch
Randreihe,2026-08-04 11:57:02,2026-08-04 09:57:02,180.0,exakt,influx_switch
Reihe 2,2026-08-04 11:57:32,2026-08-04 09:57:32,180.0,exakt,influx_switch
Reihe 1,2026-08-04 12:04:02,2026-08-04 10:04:02,12.0,exakt,influx_switch
Reihe 3,2026-08-04 12:16:02,2026-08-04 10:16:02,180.0,exakt,influx_switch
Randreihe,2026-08-04 12:27:32,2026-08-04 10:27:32,181.0,exakt,influx_switch
Reihe 2,2026-08-04 12:28:02,2026-08-04 10:28:02,180.0,exakt,influx_switch
Reihe 1,2026-08-04 12:34:02,2026-08-04 10:34:02,12.0,exakt,influx_switch
Reihe 3,2026-08-04 12:36:32,2026-08-04 10:36:32,180.0,exakt,influx_switch
Reihe 3,2026-08-04 12:56:02,2026-08-04 10:56:02,180.0,exakt,influx_switch
Randreihe,2026-08-04 12:57:32,2026-08-04 10:57:32,180.0,exakt,influx_switch
Reihe 2,2026-08-04 12:58:02,2026-08-04 10:58:02,180.0,exakt,influx_switch
Reihe 1,2026-08-04 13:04:32,2026-08-04 11:04:32,12.0,exakt,influx_switch
Reihe 3,2026-08-04 13:15:02,2026-08-04 11:15:02,180.0,exakt,influx_switch
Randreihe,2026-08-04 13:28:02,2026-08-04 11:28:02,181.0,exakt,influx_switch
Reihe 2,2026-08-04 13:28:02,2026-08-04 11:28:02,181.0,exakt,influx_switch
Reihe 3,2026-08-04 13:34:02,2026-08-04 11:34:02,180.0,exakt,influx_switch
Reihe 1,2026-08-04 13:35:02,2026-08-04 11:35:02,12.0,exakt,influx_switch
Reihe 3,2026-08-04 13:53:02,2026-08-04 11:53:02,180.0,exakt,influx_switch
Randreihe,2026-08-04 13:58:32,2026-08-04 11:58:32,181.0,exakt,influx_switch
Reihe 2,2026-08-04 13:58:32,2026-08-04 11:58:32,181.0,exakt,influx_switch
Reihe 1,2026-08-04 14:05:32,2026-08-04 12:05:32,12.0,exakt,influx_switch
Reihe 3,2026-08-04 14:11:32,2026-08-04 12:11:32,180.0,exakt,influx_switch
Randreihe,2026-08-04 14:29:02,2026-08-04 12:29:02,180.0,exakt,influx_switch
Reihe 2,2026-08-04 14:29:02,2026-08-04 12:29:02,181.0,exakt,influx_switch
Reihe 3,2026-08-04 14:30:32,2026-08-04 12:30:32,420.0,exakt,influx_switch
Reihe 1,2026-08-04 14:35:39,2026-08-04 12:35:39,12.0,exakt,influx_switch
Reihe 3,2026-08-04 14:50:39,2026-08-04 12:50:39,180.0,exakt,influx_switch
Randreihe,2026-08-04 14:59:09,2026-08-04 12:59:09,180.0,exakt,influx_switch
Reihe 2,2026-08-04 14:59:09,2026-08-04 12:59:09,180.0,exakt,influx_switch
Reihe 1,2026-08-04 15:06:09,2026-08-04 13:06:09,12.0,exakt,influx_switch
Reihe 3,2026-08-04 15:10:09,2026-08-04 13:10:09,180.0,exakt,influx_switch
Randreihe,2026-08-04 15:29:09,2026-08-04 13:29:09,420.0,exakt,influx_switch
Reihe 2,2026-08-04 15:29:39,2026-08-04 13:29:39,420.0,exakt,influx_switch
Reihe 3,2026-08-04 15:30:09,2026-08-04 13:30:09,420.0,exakt,influx_switch
Reihe 1,2026-08-04 15:36:16,2026-08-04 13:36:16,12.0,exakt,influx_switch
Reihe 3,2026-08-04 15:55:16,2026-08-04 13:55:16,420.0,exakt,influx_switch
Randreihe,2026-08-04 16:01:53,2026-08-04 14:01:53,180.0,exakt,influx_switch
Reihe 2,2026-08-04 16:02:23,2026-08-04 14:02:23,180.0,exakt,influx_switch
Reihe 1,2026-08-04 16:06:23,2026-08-04 14:06:23,12.0,exakt,influx_switch
Reihe 3,2026-08-04 16:19:53,2026-08-04 14:19:53,180.0,exakt,influx_switch
Randreihe,2026-08-04 16:31:53,2026-08-04 14:31:53,180.0,exakt,influx_switch
Reihe 2,2026-08-04 16:32:53,2026-08-04 14:32:53,180.0,exakt,influx_switch
Reihe 1,2026-08-04 16:36:53,2026-08-04 14:36:53,12.0,exakt,influx_switch
Reihe 3,2026-08-04 16:43:53,2026-08-04 14:43:53,180.0,exakt,influx_switch
Randreihe,2026-08-04 17:03:23,2026-08-04 15:03:23,180.0,exakt,influx_switch
Reihe 2,2026-08-04 17:04:53,2026-08-04 15:04:53,180.0,exakt,influx_switch
Reihe 1,2026-08-04 17:07:23,2026-08-04 15:07:23,12.0,exakt,influx_switch
Reihe 3,2026-08-04 17:10:23,2026-08-04 15:10:23,180.0,exakt,influx_switch
Reihe 1,2026-08-04 17:37:23,2026-08-04 15:37:23,12.0,exakt,influx_switch
Randreihe,2026-08-04 17:41:23,2026-08-04 15:41:23,180.0,exakt,influx_switch
Reihe 3,2026-08-04 17:41:23,2026-08-04 15:41:23,180.0,exakt,influx_switch
Reihe 2,2026-08-04 17:43:23,2026-08-04 15:43:23,180.0,exakt,influx_switch
Reihe 1,2026-08-04 18:07:53,2026-08-04 16:07:53,12.0,exakt,influx_switch
Reihe 1,2026-08-04 18:38:23,2026-08-04 16:38:23,12.0,exakt,influx_switch
Randreihe,2026-08-04 18:53:35,2026-08-04 16:53:35,3.0,exakt,influx_switch
Reihe 1,2026-08-04 19:08:53,2026-08-04 17:08:53,12.0,exakt,influx_switch
Reihe 1,2026-08-04 19:38:53,2026-08-04 17:38:53,12.0,exakt,influx_switch
Reihe 1,2026-08-04 20:09:23,2026-08-04 18:09:23,12.0,exakt,influx_switch
Reihe 1,2026-08-04 20:39:23,2026-08-04 18:39:23,12.0,exakt,influx_switch
Reihe 1,2026-08-05 06:00:23,2026-08-05 04:00:23,12.0,exakt,influx_switch
Reihe 1,2026-08-05 06:30:23,2026-08-05 04:30:23,12.0,exakt,influx_switch
Randreihe,2026-08-05 07:00:23,2026-08-05 05:00:23,180.0,exakt,influx_switch
Reihe 1,2026-08-05 07:00:23,2026-08-05 05:00:23,12.0,exakt,influx_switch
Reihe 2,2026-08-05 07:00:23,2026-08-05 05:00:23,180.0,exakt,influx_switch
Reihe 3,2026-08-05 07:00:23,2026-08-05 05:00:23,180.0,exakt,influx_switch
Reihe 1,2026-08-05 07:30:53,2026-08-05 05:30:53,12.0,exakt,influx_switch
Reihe 1,2026-08-05 08:01:23,2026-08-05 06:01:23,12.0,exakt,influx_switch
Reihe 1,2026-08-05 08:31:53,2026-08-05 06:31:53,12.0,exakt,influx_switch
Randreihe,2026-08-05 09:00:53,2026-08-05 07:00:53,180.0,exakt,influx_switch
Reihe 2,2026-08-05 09:00:53,2026-08-05 07:00:53,180.0,exakt,influx_switch
Reihe 3,2026-08-05 09:00:53,2026-08-05 07:00:53,180.0,exakt,influx_switch
Reihe 1,2026-08-05 09:01:53,2026-08-05 07:01:53,12.0,exakt,influx_switch
Reihe 1,2026-08-05 09:32:23,2026-08-05 07:32:23,12.0,exakt,influx_switch
Reihe 1,2026-08-05 10:02:23,2026-08-05 08:02:23,12.0,exakt,influx_switch
Reihe 3,2026-08-05 10:06:23,2026-08-05 08:06:23,180.0,exakt,influx_switch
Randreihe,2026-08-05 10:16:23,2026-08-05 08:16:23,180.0,exakt,influx_switch
Reihe 2,2026-08-05 10:16:23,2026-08-05 08:16:23,180.0,exakt,influx_switch
Reihe 1,2026-08-05 10:32:53,2026-08-05 08:32:53,12.0,exakt,influx_switch
Reihe 3,2026-08-05 10:40:53,2026-08-05 08:40:53,180.0,exakt,influx_switch
Randreihe,2026-08-05 10:54:23,2026-08-05 08:54:23,180.0,exakt,influx_switch
Reihe 2,2026-08-05 10:54:23,2026-08-05 08:54:23,180.0,exakt,influx_switch
Reihe 1,2026-08-05 11:03:23,2026-08-05 09:03:23,12.0,exakt,influx_switch
Reihe 3,2026-08-05 11:07:23,2026-08-05 09:07:23,180.0,exakt,influx_switch
Randreihe,2026-08-05 11:25:53,2026-08-05 09:25:53,180.0,exakt,influx_switch
Reihe 2,2026-08-05 11:25:53,2026-08-05 09:25:53,180.0,exakt,influx_switch
Reihe 3,2026-08-05 11:31:23,2026-08-05 09:31:23,180.0,exakt,influx_switch
Reihe 1,2026-08-05 11:33:23,2026-08-05 09:33:23,12.0,exakt,influx_switch
Reihe 3,2026-08-05 11:53:53,2026-08-05 09:53:53,180.0,exakt,influx_switch
Randreihe,2026-08-05 11:56:23,2026-08-05 09:56:23,180.0,exakt,influx_switch
Reihe 2,2026-08-05 11:56:23,2026-08-05 09:56:23,180.0,exakt,influx_switch
Reihe 1,2026-08-05 12:03:53,2026-08-05 10:03:53,12.0,exakt,influx_switch
Reihe 3,2026-08-05 12:14:23,2026-08-05 10:14:23,180.0,exakt,influx_switch
Randreihe,2026-08-05 12:26:53,2026-08-05 10:26:53,180.0,exakt,influx_switch
Reihe 2,2026-08-05 12:26:53,2026-08-05 10:26:53,180.0,exakt,influx_switch
Reihe 3,2026-08-05 12:33:23,2026-08-05 10:33:23,180.0,exakt,influx_switch
Reihe 1,2026-08-05 12:34:23,2026-08-05 10:34:23,12.0,exakt,influx_switch
Randreihe,2026-08-05 12:59:23,2026-08-05 10:59:23,180.0,exakt,influx_switch
Reihe 2,2026-08-05 12:59:23,2026-08-05 10:59:23,180.0,exakt,influx_switch
Reihe 3,2026-08-05 13:02:23,2026-08-05 11:02:23,180.0,exakt,influx_switch
Reihe 1,2026-08-05 13:04:53,2026-08-05 11:04:53,12.0,exakt,influx_switch
Reihe 3,2026-08-05 13:29:23,2026-08-05 11:29:23,180.0,exakt,influx_switch
Randreihe,2026-08-05 13:32:23,2026-08-05 11:32:23,180.0,exakt,influx_switch
Reihe 2,2026-08-05 13:32:23,2026-08-05 11:32:23,180.0,exakt,influx_switch
Reihe 1,2026-08-05 13:34:53,2026-08-05 11:34:53,12.0,exakt,influx_switch
Reihe 3,2026-08-05 13:49:23,2026-08-05 11:49:23,180.0,exakt,influx_switch
Randreihe,2026-08-05 14:02:23,2026-08-05 12:02:23,180.0,exakt,influx_switch
Reihe 2,2026-08-05 14:02:53,2026-08-05 12:02:53,180.0,exakt,influx_switch
Reihe 1,2026-08-05 14:04:53,2026-08-05 12:04:53,12.0,exakt,influx_switch
Reihe 3,2026-08-05 14:09:53,2026-08-05 12:09:53,180.0,exakt,influx_switch
Reihe 3,2026-08-05 14:31:53,2026-08-05 12:31:53,180.0,exakt,influx_switch
Randreihe,2026-08-05 14:32:23,2026-08-05 12:32:23,180.0,exakt,influx_switch
Reihe 2,2026-08-05 14:33:23,2026-08-05 12:33:23,180.0,exakt,influx_switch
Reihe 1,2026-08-05 14:35:23,2026-08-05 12:35:23,12.0,exakt,influx_switch
Reihe 1,2026-08-05 15:05:53,2026-08-05 13:05:53,12.0,exakt,influx_switch
Reihe 3,2026-08-05 15:09:53,2026-08-05 13:09:53,180.0,exakt,influx_switch
Randreihe,2026-08-05 15:18:23,2026-08-05 13:18:23,180.0,exakt,influx_switch
Reihe 2,2026-08-05 15:18:53,2026-08-05 13:18:53,180.0,exakt,influx_switch
Reihe 1,2026-08-05 15:36:23,2026-08-05 13:36:23,12.0,exakt,influx_switch
Reihe 3,2026-08-05 15:43:53,2026-08-05 13:43:53,180.0,exakt,influx_switch
Reihe 1,2026-08-05 16:06:53,2026-08-05 14:06:53,12.0,exakt,influx_switch
Randreihe,2026-08-05 16:15:53,2026-08-05 14:15:53,180.0,exakt,influx_switch
Reihe 2,2026-08-05 16:16:53,2026-08-05 14:16:53,180.0,exakt,influx_switch
Reihe 3,2026-08-05 16:27:53,2026-08-05 14:27:53,180.0,exakt,influx_switch
Reihe 1,2026-08-05 16:37:23,2026-08-05 14:37:23,12.0,exakt,influx_switch
Randreihe,2026-08-05 16:46:23,2026-08-05 14:46:23,180.0,exakt,influx_switch
Reihe 2,2026-08-05 16:47:23,2026-08-05 14:47:23,180.0,exakt,influx_switch
Reihe 3,2026-08-05 16:51:23,2026-08-05 14:51:23,180.0,exakt,influx_switch
Reihe 1,2026-08-05 17:07:53,2026-08-05 15:07:53,12.0,exakt,influx_switch
Reihe 3,2026-08-05 17:18:53,2026-08-05 15:18:53,180.0,exakt,influx_switch
Randreihe,2026-08-05 17:19:53,2026-08-05 15:19:53,180.0,exakt,influx_switch
Reihe 2,2026-08-05 17:21:23,2026-08-05 15:21:23,180.0,exakt,influx_switch
Reihe 1,2026-08-05 17:37:53,2026-08-05 15:37:53,12.0,exakt,influx_switch
Reihe 3,2026-08-05 17:51:53,2026-08-05 15:51:53,180.0,exakt,influx_switch
Reihe 1,2026-08-05 18:08:23,2026-08-05 16:08:23,12.0,exakt,influx_switch
Reihe 1,2026-08-05 18:38:23,2026-08-05 16:38:23,12.0,exakt,influx_switch
Reihe 1,2026-08-05 19:08:23,2026-08-05 17:08:23,12.0,exakt,influx_switch
Reihe 1,2026-08-05 19:38:53,2026-08-05 17:38:53,12.0,exakt,influx_switch
Reihe 1,2026-08-05 20:09:23,2026-08-05 18:09:23,12.0,exakt,influx_switch
Reihe 1,2026-08-05 20:39:53,2026-08-05 18:39:53,12.0,exakt,influx_switch
Reihe 1,2026-08-06 06:00:23,2026-08-06 04:00:23,12.0,exakt,influx_switch
Reihe 1,2026-08-06 06:30:53,2026-08-06 04:30:53,12.0,exakt,influx_switch
Randreihe,2026-08-06 07:00:23,2026-08-06 05:00:23,180.0,exakt,influx_switch
Reihe 2,2026-08-06 07:00:23,2026-08-06 05:00:23,180.0,exakt,influx_switch
Reihe 3,2026-08-06 07:00:23,2026-08-06 05:00:23,180.0,exakt,influx_switch
Reihe 1,2026-08-06 07:01:23,2026-08-06 05:01:23,12.0,exakt,influx_switch
Reihe 1,2026-08-06 07:31:53,2026-08-06 05:31:53,12.0,exakt,influx_switch
Reihe 1,2026-08-06 08:02:23,2026-08-06 06:02:23,12.0,exakt,influx_switch
Reihe 1,2026-08-06 08:32:53,2026-08-06 06:32:53,12.0,exakt,influx_switch
Randreihe,2026-08-06 09:00:53,2026-08-06 07:00:53,180.0,exakt,influx_switch
Reihe 2,2026-08-06 09:00:53,2026-08-06 07:00:53,180.0,exakt,influx_switch
Reihe 3,2026-08-06 09:00:53,2026-08-06 07:00:53,180.0,exakt,influx_switch
Reihe 1,2026-08-06 09:03:23,2026-08-06 07:03:23,12.0,exakt,influx_switch
Reihe 1,2026-08-06 09:33:23,2026-08-06 07:33:23,12.0,exakt,influx_switch
Reihe 1,2026-08-06 10:03:53,2026-08-06 08:03:53,12.0,exakt,influx_switch
Reihe 3,2026-08-06 10:09:53,2026-08-06 08:09:53,180.0,exakt,influx_switch
Randreihe,2026-08-06 10:19:53,2026-08-06 08:19:53,180.0,exakt,influx_switch
Reihe 2,2026-08-06 10:19:53,2026-08-06 08:19:53,180.0,exakt,influx_switch
Reihe 1,2026-08-06 10:33:53,2026-08-06 08:33:53,12.0,exakt,influx_switch
Reihe 3,2026-08-06 10:41:23,2026-08-06 08:41:23,180.0,exakt,influx_switch
Randreihe,2026-08-06 10:55:23,2026-08-06 08:55:23,180.0,exakt,influx_switch
Reihe 2,2026-08-06 10:55:23,2026-08-06 08:55:23,180.0,exakt,influx_switch
Reihe 1,2026-08-06 11:04:23,2026-08-06 09:04:23,12.0,exakt,influx_switch
Reihe 3,2026-08-06 11:08:23,2026-08-06 09:08:23,180.0,exakt,influx_switch
Randreihe,2026-08-06 11:26:53,2026-08-06 09:26:53,180.0,exakt,influx_switch
Reihe 2,2026-08-06 11:26:53,2026-08-06 09:26:53,180.0,exakt,influx_switch
Reihe 1,2026-08-06 11:34:53,2026-08-06 09:34:53,12.0,exakt,influx_switch
Reihe 3,2026-08-06 11:36:23,2026-08-06 09:36:23,180.0,exakt,influx_switch
Reihe 3,2026-08-06 12:00:53,2026-08-06 10:00:53,180.0,exakt,influx_switch
Randreihe,2026-08-06 12:01:23,2026-08-06 10:01:23,180.0,exakt,influx_switch
Reihe 2,2026-08-06 12:01:23,2026-08-06 10:01:23,180.0,exakt,influx_switch
Reihe 1,2026-08-06 12:04:53,2026-08-06 10:04:53,12.0,exakt,influx_switch
Reihe 3,2026-08-06 12:25:53,2026-08-06 10:25:53,180.0,exakt,influx_switch
Randreihe,2026-08-06 12:31:53,2026-08-06 10:31:53,180.0,exakt,influx_switch
Reihe 2,2026-08-06 12:31:53,2026-08-06 10:31:53,180.0,exakt,influx_switch
Reihe 1,2026-08-06 12:35:23,2026-08-06 10:35:23,12.0,exakt,influx_switch
Reihe 3,2026-08-06 12:55:23,2026-08-06 10:55:23,180.0,exakt,influx_switch
Reihe 1,2026-08-06 13:05:53,2026-08-06 11:05:53,12.0,exakt,influx_switch
Randreihe,2026-08-06 13:26:53,2026-08-06 11:26:53,180.0,exakt,influx_switch
Reihe 2,2026-08-06 13:26:53,2026-08-06 11:26:53,180.0,exakt,influx_switch
Reihe 3,2026-08-06 13:33:23,2026-08-06 11:33:23,180.0,exakt,influx_switch
Reihe 1,2026-08-06 13:35:53,2026-08-06 11:35:53,12.0,exakt,influx_switch
Randreihe,2026-08-06 13:56:53,2026-08-06 11:56:53,180.0,exakt,influx_switch
Reihe 2,2026-08-06 13:57:23,2026-08-06 11:57:23,180.0,exakt,influx_switch
Reihe 3,2026-08-06 13:58:23,2026-08-06 11:58:23,180.0,exakt,influx_switch
Reihe 1,2026-08-06 14:06:23,2026-08-06 12:06:23,12.0,exakt,influx_switch
Reihe 3,2026-08-06 14:28:23,2026-08-06 12:28:23,180.0,exakt,influx_switch
Reihe 1,2026-08-06 14:36:53,2026-08-06 12:36:53,12.0,exakt,influx_switch
Randreihe,2026-08-06 14:38:53,2026-08-06 12:38:53,180.0,exakt,influx_switch
Reihe 2,2026-08-06 14:41:23,2026-08-06 12:41:23,180.0,exakt,influx_switch
Reihe 1,2026-08-06 15:06:53,2026-08-06 13:06:53,12.0,exakt,influx_switch
Reihe 3,2026-08-06 15:11:53,2026-08-06 13:11:53,180.0,exakt,influx_switch
Randreihe,2026-08-06 15:24:53,2026-08-06 13:24:53,180.0,exakt,influx_switch
Reihe 2,2026-08-06 15:25:23,2026-08-06 13:25:23,180.0,exakt,influx_switch
Reihe 1,2026-08-06 15:37:23,2026-08-06 13:37:23,12.0,exakt,influx_switch
Reihe 3,2026-08-06 15:43:53,2026-08-06 13:43:53,180.0,exakt,influx_switch
Randreihe,2026-08-06 15:59:53,2026-08-06 13:59:53,180.0,exakt,influx_switch
Randreihe,2026-08-06 16:00:00,2026-08-06 14:00:00,177,stunde_rekonstruiert,ha_lts_power_energy
Reihe 2,2026-08-06 16:02:23,2026-08-06 14:02:23,180.0,exakt,influx_switch
Reihe 1,2026-08-06 16:07:23,2026-08-06 14:07:23,12.0,exakt,influx_switch
Reihe 3,2026-08-06 16:14:23,2026-08-06 14:14:23,180.0,exakt,influx_switch
Reihe 1,2026-08-06 16:37:53,2026-08-06 14:37:53,12.0,exakt,influx_switch
Randreihe,2026-08-06 17:07:23,2026-08-06 15:07:23,180.0,exakt,influx_switch
Reihe 1,2026-08-06 17:07:53,2026-08-06 15:07:53,12.0,exakt,influx_switch
Reihe 2,2026-08-06 17:08:53,2026-08-06 15:08:53,180.0,exakt,influx_switch
Reihe 3,2026-08-06 17:10:53,2026-08-06 15:10:53,180.0,exakt,influx_switch
Reihe 1,2026-08-06 17:38:23,2026-08-06 15:38:23,12.0,exakt,influx_switch
Reihe 1,2026-08-06 18:08:53,2026-08-06 16:08:53,12.0,exakt,influx_switch
Reihe 1,2026-08-06 18:38:53,2026-08-06 16:38:53,12.0,exakt,influx_switch
Reihe 1,2026-08-06 19:09:23,2026-08-06 17:09:23,12.0,exakt,influx_switch
Reihe 1,2026-08-06 19:39:53,2026-08-06 17:39:53,12.0,exakt,influx_switch
Reihe 1,2026-08-06 20:10:23,2026-08-06 18:10:23,12.0,exakt,influx_switch
Reihe 1,2026-08-06 20:40:23,2026-08-06 18:40:23,12.0,exakt,influx_switch
Reihe 1,2026-08-07 06:00:23,2026-08-07 04:00:23,12.0,exakt,influx_switch
Reihe 1,2026-08-07 06:30:53,2026-08-07 04:30:53,12.0,exakt,influx_switch
Randreihe,2026-08-07 07:00:23,2026-08-07 05:00:23,180.0,exakt,influx_switch
Reihe 2,2026-08-07 07:00:23,2026-08-07 05:00:23,180.0,exakt,influx_switch
Reihe 3,2026-08-07 07:00:23,2026-08-07 05:00:23,180.0,exakt,influx_switch
Reihe 1,2026-08-07 07:01:23,2026-08-07 05:01:23,12.0,exakt,influx_switch
Reihe 1,2026-08-07 07:31:53,2026-08-07 05:31:53,12.0,exakt,influx_switch
Reihe 1,2026-08-07 08:01:53,2026-08-07 06:01:53,12.0,exakt,influx_switch
Reihe 1,2026-08-07 08:32:23,2026-08-07 06:32:23,12.0,exakt,influx_switch
Randreihe,2026-08-07 09:00:53,2026-08-07 07:00:53,180.0,exakt,influx_switch
Reihe 2,2026-08-07 09:00:53,2026-08-07 07:00:53,180.0,exakt,influx_switch
Reihe 3,2026-08-07 09:00:53,2026-08-07 07:00:53,180.0,exakt,influx_switch
Reihe 1,2026-08-07 09:02:23,2026-08-07 07:02:23,12.0,exakt,influx_switch
Reihe 1,2026-08-07 09:32:53,2026-08-07 07:32:53,12.0,exakt,influx_switch
Reihe 1,2026-08-07 10:02:53,2026-08-07 08:02:53,12.0,exakt,influx_switch
Reihe 3,2026-08-07 10:10:23,2026-08-07 08:10:23,180.0,exakt,influx_switch
Randreihe,2026-08-07 10:18:23,2026-08-07 08:18:23,180.0,exakt,influx_switch
Reihe 2,2026-08-07 10:18:23,2026-08-07 08:18:23,180.0,exakt,influx_switch
Reihe 1,2026-08-07 10:32:53,2026-08-07 08:32:53,12.0,exakt,influx_switch
Reihe 3,2026-08-07 10:40:53,2026-08-07 08:40:53,180.0,exakt,influx_switch
Randreihe,2026-08-07 10:54:53,2026-08-07 08:54:53,180.0,exakt,influx_switch
Reihe 2,2026-08-07 10:54:53,2026-08-07 08:54:53,180.0,exakt,influx_switch
Reihe 1,2026-08-07 11:03:23,2026-08-07 09:03:23,12.0,exakt,influx_switch
Reihe 3,2026-08-07 11:07:53,2026-08-07 09:07:53,180.0,exakt,influx_switch
Randreihe,2026-08-07 11:26:23,2026-08-07 09:26:23,180.0,exakt,influx_switch
Reihe 2,2026-08-07 11:26:23,2026-08-07 09:26:23,180.0,exakt,influx_switch
Reihe 3,2026-08-07 11:32:23,2026-08-07 09:32:23,180.0,exakt,influx_switch
Reihe 1,2026-08-07 11:33:53,2026-08-07 09:33:53,12.0,exakt,influx_switch
Reihe 3,2026-08-07 11:54:53,2026-08-07 09:54:53,180.0,exakt,influx_switch
Randreihe,2026-08-07 11:56:23,2026-08-07 09:56:23,180.0,exakt,influx_switch
Reihe 2,2026-08-07 11:56:53,2026-08-07 09:56:53,180.0,exakt,influx_switch
Reihe 1,2026-08-07 12:04:23,2026-08-07 10:04:23,12.0,exakt,influx_switch
Reihe 3,2026-08-07 12:16:23,2026-08-07 10:16:23,180.0,exakt,influx_switch
Randreihe,2026-08-07 12:26:53,2026-08-07 10:26:53,180.0,exakt,influx_switch
Reihe 2,2026-08-07 12:27:23,2026-08-07 10:27:23,180.0,exakt,influx_switch
Reihe 1,2026-08-07 12:34:53,2026-08-07 10:34:53,12.0,exakt,influx_switch
Reihe 3,2026-08-07 12:36:53,2026-08-07 10:36:53,180.0,exakt,influx_switch
Reihe 3,2026-08-07 12:56:23,2026-08-07 10:56:23,180.0,exakt,influx_switch
Randreihe,2026-08-07 12:56:53,2026-08-07 10:56:53,180.0,exakt,influx_switch
Reihe 2,2026-08-07 12:57:23,2026-08-07 10:57:23,180.0,exakt,influx_switch
Reihe 1,2026-08-07 13:04:53,2026-08-07 11:04:53,12.0,exakt,influx_switch
Reihe 3,2026-08-07 13:15:23,2026-08-07 11:15:23,180.0,exakt,influx_switch
Randreihe,2026-08-07 13:27:23,2026-08-07 11:27:23,180.0,exakt,influx_switch
Reihe 2,2026-08-07 13:27:53,2026-08-07 11:27:53,180.0,exakt,influx_switch
Reihe 3,2026-08-07 13:33:53,2026-08-07 11:33:53,180.0,exakt,influx_switch
Reihe 1,2026-08-07 13:35:23,2026-08-07 11:35:23,12.0,exakt,influx_switch
Reihe 3,2026-08-07 13:52:23,2026-08-07 11:52:23,180.0,exakt,influx_switch
Randreihe,2026-08-07 13:57:23,2026-08-07 11:57:23,180.0,exakt,influx_switch
Reihe 2,2026-08-07 13:57:53,2026-08-07 11:57:53,180.0,exakt,influx_switch
Reihe 1,2026-08-07 14:05:53,2026-08-07 12:05:53,12.0,exakt,influx_switch
Reihe 3,2026-08-07 14:10:53,2026-08-07 12:10:53,180.0,exakt,influx_switch
Randreihe,2026-08-07 14:27:53,2026-08-07 12:27:53,180.0,exakt,influx_switch
Reihe 2,2026-08-07 14:28:23,2026-08-07 12:28:23,180.0,exakt,influx_switch
Reihe 3,2026-08-07 14:29:23,2026-08-07 12:29:23,180.0,exakt,influx_switch
Reihe 1,2026-08-07 14:36:23,2026-08-07 12:36:23,12.0,exakt,influx_switch
Reihe 3,2026-08-07 14:47:53,2026-08-07 12:47:53,180.0,exakt,influx_switch
Randreihe,2026-08-07 14:58:23,2026-08-07 12:58:23,180.0,exakt,influx_switch
Reihe 2,2026-08-07 14:58:53,2026-08-07 12:58:53,180.0,exakt,influx_switch
Reihe 1,2026-08-07 15:06:23,2026-08-07 13:06:23,12.0,exakt,influx_switch
Reihe 3,2026-08-07 15:09:23,2026-08-07 13:09:23,180.0,exakt,influx_switch
Randreihe,2026-08-07 15:28:53,2026-08-07 13:28:53,180.0,exakt,influx_switch
Reihe 2,2026-08-07 15:28:53,2026-08-07 13:28:53,180.0,exakt,influx_switch
Reihe 3,2026-08-07 15:28:53,2026-08-07 13:28:53,180.0,exakt,influx_switch
Reihe 1,2026-08-07 15:36:53,2026-08-07 13:36:53,12.0,exakt,influx_switch
Reihe 3,2026-08-07 15:49:23,2026-08-07 13:49:23,180.0,exakt,influx_switch
Randreihe,2026-08-07 15:59:23,2026-08-07 13:59:23,180.0,exakt,influx_switch
Reihe 2,2026-08-07 15:59:23,2026-08-07 13:59:23,180.0,exakt,influx_switch
Reihe 1,2026-08-07 16:07:23,2026-08-07 14:07:23,12.0,exakt,influx_switch
Reihe 3,2026-08-07 16:10:23,2026-08-07 14:10:23,180.0,exakt,influx_switch
Randreihe,2026-08-07 16:29:23,2026-08-07 14:29:23,180.0,exakt,influx_switch
Reihe 2,2026-08-07 16:29:53,2026-08-07 14:29:53,180.0,exakt,influx_switch
Reihe 3,2026-08-07 16:33:23,2026-08-07 14:33:23,180.0,exakt,influx_switch
Reihe 1,2026-08-07 16:37:53,2026-08-07 14:37:53,12.0,exakt,influx_switch
Reihe 3,2026-08-07 17:01:53,2026-08-07 15:01:53,180.0,exakt,influx_switch
Randreihe,2026-08-07 17:03:23,2026-08-07 15:03:23,180.0,exakt,influx_switch
Reihe 2,2026-08-07 17:04:23,2026-08-07 15:04:23,180.0,exakt,influx_switch
Reihe 1,2026-08-07 17:07:53,2026-08-07 15:07:53,12.0,exakt,influx_switch
Reihe 1,2026-08-07 17:38:23,2026-08-07 15:38:23,12.0,exakt,influx_switch
Reihe 3,2026-08-07 17:41:23,2026-08-07 15:41:23,180.0,exakt,influx_switch
Randreihe,2026-08-07 17:53:23,2026-08-07 15:53:23,180.0,exakt,influx_switch
Reihe 2,2026-08-07 17:54:23,2026-08-07 15:54:23,180.0,exakt,influx_switch
Reihe 1,2026-08-07 18:08:23,2026-08-07 16:08:23,12.0,exakt,influx_switch
Reihe 1,2026-08-07 18:38:53,2026-08-07 16:38:53,12.0,exakt,influx_switch
Reihe 1,2026-08-07 19:09:23,2026-08-07 17:09:23,12.0,exakt,influx_switch
Reihe 1,2026-08-07 19:39:23,2026-08-07 17:39:23,12.0,exakt,influx_switch
Reihe 1,2026-08-07 20:09:23,2026-08-07 18:09:23,12.0,exakt,influx_switch
Reihe 1,2026-08-07 20:39:53,2026-08-07 18:39:53,12.0,exakt,influx_switch
Reihe 1,2026-08-08 06:00:23,2026-08-08 04:00:23,12.0,exakt,influx_switch
Reihe 1,2026-08-08 06:30:53,2026-08-08 04:30:53,12.0,exakt,influx_switch
Randreihe,2026-08-08 07:00:23,2026-08-08 05:00:23,180.0,exakt,influx_switch
Reihe 2,2026-08-08 07:00:23,2026-08-08 05:00:23,180.0,exakt,influx_switch
Reihe 3,2026-08-08 07:00:23,2026-08-08 05:00:23,180.0,exakt,influx_switch
Reihe 1,2026-08-08 07:00:53,2026-08-08 05:00:53,12.0,exakt,influx_switch
Reihe 1,2026-08-08 07:31:23,2026-08-08 05:31:23,12.0,exakt,influx_switch
Reihe 1,2026-08-08 08:01:23,2026-08-08 06:01:23,12.0,exakt,influx_switch
Reihe 1,2026-08-08 08:31:23,2026-08-08 06:31:23,12.0,exakt,influx_switch
Randreihe,2026-08-08 09:00:53,2026-08-08 07:00:53,180.0,exakt,influx_switch
Reihe 2,2026-08-08 09:00:53,2026-08-08 07:00:53,180.0,exakt,influx_switch
Reihe 3,2026-08-08 09:00:53,2026-08-08 07:00:53,180.0,exakt,influx_switch
Reihe 1,2026-08-08 09:01:53,2026-08-08 07:01:53,12.0,exakt,influx_switch
Reihe 1,2026-08-08 09:31:53,2026-08-08 07:31:53,12.0,exakt,influx_switch
Reihe 1,2026-08-08 10:02:23,2026-08-08 08:02:23,12.0,exakt,influx_switch
Reihe 3,2026-08-08 10:09:23,2026-08-08 08:09:23,180.0,exakt,influx_switch
Randreihe,2026-08-08 10:17:23,2026-08-08 08:17:23,180.0,exakt,influx_switch
Reihe 2,2026-08-08 10:17:23,2026-08-08 08:17:23,180.0,exakt,influx_switch
Reihe 1,2026-08-08 10:32:53,2026-08-08 08:32:53,12.0,exakt,influx_switch
Reihe 3,2026-08-08 10:40:23,2026-08-08 08:40:23,180.0,exakt,influx_switch
Randreihe,2026-08-08 10:53:53,2026-08-08 08:53:53,180.0,exakt,influx_switch
Reihe 2,2026-08-08 10:53:53,2026-08-08 08:53:53,180.0,exakt,influx_switch
Reihe 1,2026-08-08 11:03:23,2026-08-08 09:03:23,12.0,exakt,influx_switch
Reihe 3,2026-08-08 11:07:23,2026-08-08 09:07:23,180.0,exakt,influx_switch
Randreihe,2026-08-08 11:25:23,2026-08-08 09:25:23,180.0,exakt,influx_switch
Reihe 2,2026-08-08 11:25:23,2026-08-08 09:25:23,180.0,exakt,influx_switch
Reihe 3,2026-08-08 11:31:53,2026-08-08 09:31:53,180.0,exakt,influx_switch
Reihe 1,2026-08-08 11:33:23,2026-08-08 09:33:23,12.0,exakt,influx_switch
Reihe 3,2026-08-08 11:54:23,2026-08-08 09:54:23,180.0,exakt,influx_switch
Randreihe,2026-08-08 11:55:23,2026-08-08 09:55:23,180.0,exakt,influx_switch
Reihe 2,2026-08-08 11:55:53,2026-08-08 09:55:53,180.0,exakt,influx_switch
Reihe 1,2026-08-08 12:03:53,2026-08-08 10:03:53,12.0,exakt,influx_switch
Reihe 3,2026-08-08 12:15:53,2026-08-08 10:15:53,180.0,exakt,influx_switch
Randreihe,2026-08-08 12:25:23,2026-08-08 10:25:23,180.0,exakt,influx_switch
Reihe 2,2026-08-08 12:26:23,2026-08-08 10:26:23,180.0,exakt,influx_switch
Reihe 1,2026-08-08 12:34:23,2026-08-08 10:34:23,12.0,exakt,influx_switch
Reihe 3,2026-08-08 12:36:23,2026-08-08 10:36:23,180.0,exakt,influx_switch
Randreihe,2026-08-08 12:55:53,2026-08-08 10:55:53,180.0,exakt,influx_switch
Reihe 3,2026-08-08 12:55:53,2026-08-08 10:55:53,180.0,exakt,influx_switch
Reihe 2,2026-08-08 12:56:53,2026-08-08 10:56:53,180.0,exakt,influx_switch
Reihe 1,2026-08-08 13:04:53,2026-08-08 11:04:53,12.0,exakt,influx_switch
Reihe 3,2026-08-08 13:14:53,2026-08-08 11:14:53,180.0,exakt,influx_switch
Randreihe,2026-08-08 13:26:23,2026-08-08 11:26:23,180.0,exakt,influx_switch
Reihe 2,2026-08-08 13:27:23,2026-08-08 11:27:23,180.0,exakt,influx_switch
Reihe 3,2026-08-08 13:33:23,2026-08-08 11:33:23,180.0,exakt,influx_switch
Reihe 1,2026-08-08 13:35:23,2026-08-08 11:35:23,12.0,exakt,influx_switch
Reihe 3,2026-08-08 13:51:53,2026-08-08 11:51:53,180.0,exakt,influx_switch
Randreihe,2026-08-08 13:56:23,2026-08-08 11:56:23,180.0,exakt,influx_switch
Reihe 2,2026-08-08 13:57:53,2026-08-08 11:57:53,180.0,exakt,influx_switch
Reihe 1,2026-08-08 14:05:23,2026-08-08 12:05:23,12.0,exakt,influx_switch
Reihe 3,2026-08-08 14:10:23,2026-08-08 12:10:23,180.0,exakt,influx_switch
Randreihe,2026-08-08 14:26:53,2026-08-08 12:26:53,180.0,exakt,influx_switch
Reihe 2,2026-08-08 14:27:53,2026-08-08 12:27:53,180.0,exakt,influx_switch
Reihe 3,2026-08-08 14:28:53,2026-08-08 12:28:53,180.0,exakt,influx_switch
Reihe 1,2026-08-08 14:35:53,2026-08-08 12:35:53,12.0,exakt,influx_switch
Reihe 3,2026-08-08 14:47:23,2026-08-08 12:47:23,180.0,exakt,influx_switch
Randreihe,2026-08-08 14:57:23,2026-08-08 12:57:23,180.0,exakt,influx_switch
Reihe 2,2026-08-08 14:57:53,2026-08-08 12:57:53,180.0,exakt,influx_switch
Reihe 1,2026-08-08 15:06:23,2026-08-08 13:06:23,12.0,exakt,influx_switch
Reihe 3,2026-08-08 15:06:23,2026-08-08 13:06:23,180.0,exakt,influx_switch
Reihe 3,2026-08-08 15:25:53,2026-08-08 13:25:53,180.0,exakt,influx_switch
Randreihe,2026-08-08 15:27:53,2026-08-08 13:27:53,180.0,exakt,influx_switch
Reihe 2,2026-08-08 15:28:23,2026-08-08 13:28:23,180.0,exakt,influx_switch
Reihe 1,2026-08-08 15:36:23,2026-08-08 13:36:23,12.0,exakt,influx_switch
Reihe 3,2026-08-08 15:45:53,2026-08-08 13:45:53,180.0,exakt,influx_switch
Randreihe,2026-08-08 15:57:53,2026-08-08 13:57:53,180.0,exakt,influx_switch
Reihe 2,2026-08-08 15:58:53,2026-08-08 13:58:53,180.0,exakt,influx_switch
Reihe 1,2026-08-08 16:06:53,2026-08-08 14:06:53,12.0,exakt,influx_switch
Reihe 3,2026-08-08 16:06:53,2026-08-08 14:06:53,180.0,exakt,influx_switch
Randreihe,2026-08-08 16:28:23,2026-08-08 14:28:23,180.0,exakt,influx_switch
Reihe 2,2026-08-08 16:29:23,2026-08-08 14:29:23,180.0,exakt,influx_switch
Reihe 3,2026-08-08 16:29:23,2026-08-08 14:29:23,180.0,exakt,influx_switch
Reihe 1,2026-08-08 16:37:23,2026-08-08 14:37:23,12.0,exakt,influx_switch
Reihe 3,2026-08-08 16:53:53,2026-08-08 14:53:53,180.0,exakt,influx_switch
Randreihe,2026-08-08 16:59:23,2026-08-08 14:59:23,180.0,exakt,influx_switch
Reihe 2,2026-08-08 17:00:23,2026-08-08 15:00:23,180.0,exakt,influx_switch
Reihe 1,2026-08-08 17:07:23,2026-08-08 15:07:23,12.0,exakt,influx_switch
Reihe 3,2026-08-08 17:21:53,2026-08-08 15:21:53,180.0,exakt,influx_switch
Randreihe,2026-08-08 17:35:53,2026-08-08 15:35:53,180.0,exakt,influx_switch
Reihe 1,2026-08-08 17:37:23,2026-08-08 15:37:23,12.0,exakt,influx_switch
Reihe 2,2026-08-08 17:37:23,2026-08-08 15:37:23,180.0,exakt,influx_switch
Reihe 3,2026-08-08 17:55:23,2026-08-08 15:55:23,180.0,exakt,influx_switch
Reihe 1,2026-08-08 18:07:53,2026-08-08 16:07:53,12.0,exakt,influx_switch
Reihe 1,2026-08-08 18:37:53,2026-08-08 16:37:53,12.0,exakt,influx_switch
Reihe 1,2026-08-08 19:07:53,2026-08-08 17:07:53,12.0,exakt,influx_switch
Reihe 1,2026-08-08 19:38:23,2026-08-08 17:38:23,12.0,exakt,influx_switch
Reihe 1,2026-08-08 20:08:53,2026-08-08 18:08:53,12.0,exakt,influx_switch
Reihe 1,2026-08-08 20:39:23,2026-08-08 18:39:23,12.0,exakt,influx_switch
Reihe 1,2026-08-09 06:00:26,2026-08-09 04:00:26,12.0,exakt,influx_switch
Reihe 1,2026-08-09 06:30:56,2026-08-09 04:30:56,12.0,exakt,influx_switch
Randreihe,2026-08-09 07:00:26,2026-08-09 05:00:26,180.0,exakt,influx_switch
Reihe 2,2026-08-09 07:00:26,2026-08-09 05:00:26,180.0,exakt,influx_switch
Reihe 3,2026-08-09 07:00:26,2026-08-09 05:00:26,180.0,exakt,influx_switch
Reihe 1,2026-08-09 07:00:56,2026-08-09 05:00:56,12.0,exakt,influx_switch
Reihe 1,2026-08-09 07:31:26,2026-08-09 05:31:26,12.0,exakt,influx_switch
Reihe 1,2026-08-09 08:01:56,2026-08-09 06:01:56,12.0,exakt,influx_switch
Reihe 1,2026-08-09 08:32:26,2026-08-09 06:32:26,12.0,exakt,influx_switch
Randreihe,2026-08-09 09:00:56,2026-08-09 07:00:56,180.0,exakt,influx_switch
Reihe 2,2026-08-09 09:00:56,2026-08-09 07:00:56,180.0,exakt,influx_switch
Reihe 3,2026-08-09 09:00:56,2026-08-09 07:00:56,180.0,exakt,influx_switch
Reihe 1,2026-08-09 09:02:26,2026-08-09 07:02:26,12.0,exakt,influx_switch
Reihe 1,2026-08-09 09:32:56,2026-08-09 07:32:56,12.0,exakt,influx_switch
Reihe 1,2026-08-09 10:02:56,2026-08-09 08:02:56,12.0,exakt,influx_switch
Reihe 1,2026-08-09 10:33:26,2026-08-09 08:33:26,12.0,exakt,influx_switch
Randreihe,2026-08-09 11:01:26,2026-08-09 09:01:26,180.0,exakt,influx_switch
Reihe 2,2026-08-09 11:01:26,2026-08-09 09:01:26,180.0,exakt,influx_switch
Reihe 3,2026-08-09 11:01:26,2026-08-09 09:01:26,180.0,exakt,influx_switch
Reihe 1,2026-08-09 11:03:26,2026-08-09 09:03:26,12.0,exakt,influx_switch
Reihe 1,2026-08-09 11:33:26,2026-08-09 09:33:26,12.0,exakt,influx_switch
Reihe 1,2026-08-09 12:03:56,2026-08-09 10:03:56,12.0,exakt,influx_switch
Reihe 1,2026-08-09 12:33:56,2026-08-09 10:33:56,12.0,exakt,influx_switch
Randreihe,2026-08-09 13:01:26,2026-08-09 11:01:26,180.0,exakt,influx_switch
Reihe 2,2026-08-09 13:01:56,2026-08-09 11:01:56,180.0,exakt,influx_switch
Reihe 3,2026-08-09 13:01:56,2026-08-09 11:01:56,180.0,exakt,influx_switch
Reihe 1,2026-08-09 13:04:26,2026-08-09 11:04:26,12.0,exakt,influx_switch
Reihe 1,2026-08-09 13:34:30,2026-08-09 11:34:30,12.0,exakt,influx_switch
Reihe 1,2026-08-09 14:05:00,2026-08-09 12:05:00,12.0,exakt,influx_switch
Reihe 1,2026-08-09 14:35:30,2026-08-09 12:35:30,12.0,exakt,influx_switch
Randreihe,2026-08-09 15:01:30,2026-08-09 13:01:30,180.0,exakt,influx_switch
Reihe 2,2026-08-09 15:02:00,2026-08-09 13:02:00,180.0,exakt,influx_switch
Reihe 3,2026-08-09 15:02:00,2026-08-09 13:02:00,180.0,exakt,influx_switch
Reihe 1,2026-08-09 15:05:30,2026-08-09 13:05:30,12.0,exakt,influx_switch
Reihe 1,2026-08-09 15:36:00,2026-08-09 13:36:00,12.0,exakt,influx_switch
Reihe 1,2026-08-09 16:06:30,2026-08-09 14:06:30,12.0,exakt,influx_switch
Reihe 1,2026-08-09 16:36:30,2026-08-09 14:36:30,12.0,exakt,influx_switch
Randreihe,2026-08-09 17:01:30,2026-08-09 15:01:30,180.0,exakt,influx_switch
Reihe 2,2026-08-09 17:02:00,2026-08-09 15:02:00,180.0,exakt,influx_switch
Reihe 3,2026-08-09 17:02:30,2026-08-09 15:02:30,180.0,exakt,influx_switch
Reihe 1,2026-08-09 17:07:00,2026-08-09 15:07:00,12.0,exakt,influx_switch
Reihe 1,2026-08-09 17:37:30,2026-08-09 15:37:30,12.0,exakt,influx_switch
Reihe 1,2026-08-09 18:08:00,2026-08-09 16:08:00,12.0,exakt,influx_switch
Reihe 1,2026-08-09 18:38:30,2026-08-09 16:38:30,12.0,exakt,influx_switch
Reihe 1,2026-08-09 19:09:00,2026-08-09 17:09:00,12.0,exakt,influx_switch
Reihe 1,2026-08-09 19:39:00,2026-08-09 17:39:00,12.0,exakt,influx_switch
Reihe 1,2026-08-09 20:09:30,2026-08-09 18:09:30,12.0,exakt,influx_switch
Reihe 1,2026-08-09 20:40:00,2026-08-09 18:40:00,12.0,exakt,influx_switch
Reihe 1,2026-08-10 06:00:03,2026-08-10 04:00:03,12.0,exakt,influx_switch
Reihe 1,2026-08-10 06:30:33,2026-08-10 04:30:33,12.0,exakt,influx_switch
Randreihe,2026-08-10 07:00:03,2026-08-10 05:00:03,180.0,exakt,influx_switch
Reihe 2,2026-08-10 07:00:03,2026-08-10 05:00:03,180.0,exakt,influx_switch
Reihe 3,2026-08-10 07:00:03,2026-08-10 05:00:03,180.0,exakt,influx_switch
Reihe 1,2026-08-10 07:00:33,2026-08-10 05:00:33,12.0,exakt,influx_switch
Reihe 1,2026-08-10 07:31:03,2026-08-10 05:31:03,12.0,exakt,influx_switch
Reihe 1,2026-08-10 08:01:33,2026-08-10 06:01:33,12.0,exakt,influx_switch
Reihe 1,2026-08-10 08:31:33,2026-08-10 06:31:33,12.0,exakt,influx_switch
Randreihe,2026-08-10 09:00:33,2026-08-10 07:00:33,180.0,exakt,influx_switch
Reihe 2,2026-08-10 09:00:33,2026-08-10 07:00:33,180.0,exakt,influx_switch
Reihe 3,2026-08-10 09:00:33,2026-08-10 07:00:33,180.0,exakt,influx_switch
Reihe 1,2026-08-10 09:02:03,2026-08-10 07:02:03,12.0,exakt,influx_switch
Reihe 1,2026-08-10 09:32:33,2026-08-10 07:32:33,12.0,exakt,influx_switch
Reihe 1,2026-08-10 10:03:03,2026-08-10 08:03:03,12.0,exakt,influx_switch
Randreihe,2026-08-10 10:27:18,2026-08-10 08:27:18,310.0,exakt,influx_switch
Reihe 1,2026-08-10 10:33:08,2026-08-10 08:33:08,12.0,exakt,influx_switch
Reihe 3,2026-08-10 10:35:28,2026-08-10 08:35:28,180.0,exakt,influx_switch
Reihe 2,2026-08-10 10:35:29,2026-08-10 08:35:29,180.0,exakt,influx_switch
Reihe 1,2026-08-10 11:03:38,2026-08-10 09:03:38,12.0,exakt,influx_switch
Reihe 3,2026-08-10 11:04:08,2026-08-10 09:04:08,180.0,exakt,influx_switch
Randreihe,2026-08-10 11:05:08,2026-08-10 09:05:08,180.0,exakt,influx_switch
Reihe 2,2026-08-10 11:10:38,2026-08-10 09:10:38,180.0,exakt,influx_switch
Reihe 3,2026-08-10 11:30:08,2026-08-10 09:30:08,180.0,exakt,influx_switch
Reihe 1,2026-08-10 11:33:38,2026-08-10 09:33:38,12.0,exakt,influx_switch
Randreihe,2026-08-10 11:36:38,2026-08-10 09:36:38,180.0,exakt,influx_switch
Reihe 2,2026-08-10 11:41:38,2026-08-10 09:41:38,180.0,exakt,influx_switch
Reihe 3,2026-08-10 12:03:08,2026-08-10 10:03:08,180.0,exakt,influx_switch
Reihe 1,2026-08-10 12:04:08,2026-08-10 10:04:08,12.0,exakt,influx_switch
Randreihe,2026-08-10 12:20:08,2026-08-10 10:20:08,180.0,exakt,influx_switch
Reihe 2,2026-08-10 12:26:08,2026-08-10 10:26:08,180.0,exakt,influx_switch
Reihe 3,2026-08-10 12:31:08,2026-08-10 10:31:08,180.0,exakt,influx_switch
Reihe 1,2026-08-10 12:34:38,2026-08-10 10:34:38,12.0,exakt,influx_switch
Randreihe,2026-08-10 12:50:08,2026-08-10 10:50:08,180.0,exakt,influx_switch
Reihe 3,2026-08-10 12:51:08,2026-08-10 10:51:08,180.0,exakt,influx_switch
Reihe 2,2026-08-10 12:56:08,2026-08-10 10:56:08,180.0,exakt,influx_switch
Reihe 1,2026-08-10 13:05:08,2026-08-10 11:05:08,12.0,exakt,influx_switch
Reihe 3,2026-08-10 13:09:08,2026-08-10 11:09:08,180.0,exakt,influx_switch
Randreihe,2026-08-10 13:20:08,2026-08-10 11:20:08,180.0,exakt,influx_switch
Reihe 2,2026-08-10 13:26:08,2026-08-10 11:26:08,180.0,exakt,influx_switch
Reihe 1,2026-08-10 13:35:38,2026-08-10 11:35:38,12.0,exakt,influx_switch
Reihe 3,2026-08-10 13:42:38,2026-08-10 11:42:38,180.0,exakt,influx_switch
Randreihe,2026-08-10 13:59:38,2026-08-10 11:59:38,180.0,exakt,influx_switch
Reihe 2,2026-08-10 14:03:08,2026-08-10 12:03:08,180.0,exakt,influx_switch
Reihe 1,2026-08-10 14:05:38,2026-08-10 12:05:38,12.0,exakt,influx_switch
Reihe 3,2026-08-10 14:17:38,2026-08-10 12:17:38,180.0,exakt,influx_switch
Reihe 1,2026-08-10 14:36:08,2026-08-10 12:36:08,12.0,exakt,influx_switch
Randreihe,2026-08-10 14:37:08,2026-08-10 12:37:08,180.0,exakt,influx_switch
Reihe 3,2026-08-10 14:37:38,2026-08-10 12:37:38,180.0,exakt,influx_switch
Reihe 2,2026-08-10 14:38:08,2026-08-10 12:38:08,180.0,exakt,influx_switch
Reihe 1,2026-08-10 15:06:08,2026-08-10 13:06:08,12.0,exakt,influx_switch
Reihe 3,2026-08-10 15:11:08,2026-08-10 13:11:08,180.0,exakt,influx_switch
Randreihe,2026-08-10 15:15:38,2026-08-10 13:15:38,180.0,exakt,influx_switch
Reihe 2,2026-08-10 15:16:38,2026-08-10 13:16:38,180.0,exakt,influx_switch
Reihe 3,2026-08-10 15:35:08,2026-08-10 13:35:08,180.0,exakt,influx_switch
Reihe 1,2026-08-10 15:36:38,2026-08-10 13:36:38,12.0,exakt,influx_switch
Randreihe,2026-08-10 15:48:08,2026-08-10 13:48:08,180.0,exakt,influx_switch
Reihe 2,2026-08-10 15:49:08,2026-08-10 13:49:08,180.0,exakt,influx_switch
Reihe 3,2026-08-10 15:59:08,2026-08-10 13:59:08,180.0,exakt,influx_switch
Reihe 1,2026-08-10 16:06:38,2026-08-10 14:06:38,12.0,exakt,influx_switch
Randreihe,2026-08-10 16:26:08,2026-08-10 14:26:08,180.0,exakt,influx_switch
Reihe 2,2026-08-10 16:27:38,2026-08-10 14:27:38,180.0,exakt,influx_switch
Reihe 3,2026-08-10 16:35:08,2026-08-10 14:35:08,180.0,exakt,influx_switch
Reihe 1,2026-08-10 16:37:08,2026-08-10 14:37:08,12.0,exakt,influx_switch
Randreihe,2026-08-10 16:59:38,2026-08-10 14:59:38,180.0,exakt,influx_switch
Reihe 2,2026-08-10 17:00:38,2026-08-10 15:00:38,180.0,exakt,influx_switch
Reihe 3,2026-08-10 17:00:38,2026-08-10 15:00:38,180.0,exakt,influx_switch
Reihe 1,2026-08-10 17:07:08,2026-08-10 15:07:08,12.0,exakt,influx_switch
Reihe 3,2026-08-10 17:30:08,2026-08-10 15:30:08,180.0,exakt,influx_switch
Randreihe,2026-08-10 17:36:38,2026-08-10 15:36:38,180.0,exakt,influx_switch
Reihe 1,2026-08-10 17:37:38,2026-08-10 15:37:38,12.0,exakt,influx_switch
Reihe 2,2026-08-10 17:38:08,2026-08-10 15:38:08,180.0,exakt,influx_switch
Reihe 1,2026-08-10 18:08:08,2026-08-10 16:08:08,12.0,exakt,influx_switch
Reihe 1,2026-08-10 18:38:38,2026-08-10 16:38:38,12.0,exakt,influx_switch
Reihe 1,2026-08-10 19:09:08,2026-08-10 17:09:08,12.0,exakt,influx_switch
Reihe 1,2026-08-10 19:39:38,2026-08-10 17:39:38,12.0,exakt,influx_switch
Reihe 1,2026-08-10 20:09:38,2026-08-10 18:09:38,12.0,exakt,influx_switch
Reihe 1,2026-08-10 20:40:08,2026-08-10 18:40:08,12.0,exakt,influx_switch
Reihe 1,2026-08-11 06:00:08,2026-08-11 04:00:08,12.0,exakt,influx_switch
Reihe 1,2026-08-11 06:30:38,2026-08-11 04:30:38,12.0,exakt,influx_switch
Randreihe,2026-08-11 07:00:08,2026-08-11 05:00:08,180.0,exakt,influx_switch
Reihe 2,2026-08-11 07:00:08,2026-08-11 05:00:08,180.0,exakt,influx_switch
Reihe 3,2026-08-11 07:00:08,2026-08-11 05:00:08,180.0,exakt,influx_switch
Reihe 1,2026-08-11 07:01:08,2026-08-11 05:01:08,12.0,exakt,influx_switch
Reihe 1,2026-08-11 07:31:08,2026-08-11 05:31:08,12.0,exakt,influx_switch
Reihe 1,2026-08-11 08:01:38,2026-08-11 06:01:38,12.0,exakt,influx_switch
Reihe 1,2026-08-11 08:31:38,2026-08-11 06:31:38,12.0,exakt,influx_switch
Randreihe,2026-08-11 09:00:38,2026-08-11 07:00:38,180.0,exakt,influx_switch
Reihe 2,2026-08-11 09:00:38,2026-08-11 07:00:38,180.0,exakt,influx_switch
Reihe 3,2026-08-11 09:00:38,2026-08-11 07:00:38,180.0,exakt,influx_switch
Reihe 1,2026-08-11 09:02:08,2026-08-11 07:02:08,12.0,exakt,influx_switch
Reihe 1,2026-08-11 09:32:38,2026-08-11 07:32:38,12.0,exakt,influx_switch
Reihe 1,2026-08-11 10:02:38,2026-08-11 08:02:38,12.0,exakt,influx_switch
Reihe 3,2026-08-11 10:07:38,2026-08-11 08:07:38,180.0,exakt,influx_switch
Randreihe,2026-08-11 10:16:08,2026-08-11 08:16:08,180.0,exakt,influx_switch
Reihe 2,2026-08-11 10:16:08,2026-08-11 08:16:08,180.0,exakt,influx_switch
Reihe 1,2026-08-11 10:33:08,2026-08-11 08:33:08,12.0,exakt,influx_switch
Reihe 3,2026-08-11 10:40:08,2026-08-11 08:40:08,180.0,exakt,influx_switch
Randreihe,2026-08-11 10:54:08,2026-08-11 08:54:08,180.0,exakt,influx_switch
Reihe 2,2026-08-11 10:54:08,2026-08-11 08:54:08,180.0,exakt,influx_switch
Reihe 1,2026-08-11 11:03:38,2026-08-11 09:03:38,12.0,exakt,influx_switch
Reihe 3,2026-08-11 11:08:08,2026-08-11 09:08:08,180.0,exakt,influx_switch
Randreihe,2026-08-11 11:26:38,2026-08-11 09:26:38,180.0,exakt,influx_switch
Reihe 2,2026-08-11 11:26:38,2026-08-11 09:26:38,180.0,exakt,influx_switch
Reihe 3,2026-08-11 11:33:38,2026-08-11 09:33:38,180.0,exakt,influx_switch
Reihe 1,2026-08-11 11:34:08,2026-08-11 09:34:08,12.0,exakt,influx_switch
Randreihe,2026-08-11 11:57:08,2026-08-11 09:57:08,180.0,exakt,influx_switch
Reihe 2,2026-08-11 11:57:08,2026-08-11 09:57:08,180.0,exakt,influx_switch
Reihe 3,2026-08-11 11:57:08,2026-08-11 09:57:08,180.0,exakt,influx_switch
Reihe 1,2026-08-11 12:04:38,2026-08-11 10:04:38,12.0,exakt,influx_switch
Reihe 3,2026-08-11 12:19:08,2026-08-11 10:19:08,180.0,exakt,influx_switch
Randreihe,2026-08-11 12:27:08,2026-08-11 10:27:08,180.0,exakt,influx_switch
Reihe 2,2026-08-11 12:27:38,2026-08-11 10:27:38,180.0,exakt,influx_switch
Reihe 1,2026-08-11 12:34:38,2026-08-11 10:34:38,12.0,exakt,influx_switch
Reihe 3,2026-08-11 12:40:08,2026-08-11 10:40:08,180.0,exakt,influx_switch
Randreihe,2026-08-11 12:57:38,2026-08-11 10:57:38,180.0,exakt,influx_switch
Reihe 2,2026-08-11 12:57:38,2026-08-11 10:57:38,180.0,exakt,influx_switch
Reihe 3,2026-08-11 13:00:08,2026-08-11 11:00:08,180.0,exakt,influx_switch
Reihe 1,2026-08-11 13:04:38,2026-08-11 11:04:38,12.0,exakt,influx_switch
Reihe 3,2026-08-11 13:19:38,2026-08-11 11:19:38,180.0,exakt,influx_switch
Randreihe,2026-08-11 13:28:08,2026-08-11 11:28:08,180.0,exakt,influx_switch
Reihe 2,2026-08-11 13:28:08,2026-08-11 11:28:08,180.0,exakt,influx_switch
Reihe 1,2026-08-11 13:35:08,2026-08-11 11:35:08,12.0,exakt,influx_switch
Reihe 3,2026-08-11 13:38:38,2026-08-11 11:38:38,180.0,exakt,influx_switch
Reihe 3,2026-08-11 13:57:38,2026-08-11 11:57:38,180.0,exakt,influx_switch
Randreihe,2026-08-11 13:58:08,2026-08-11 11:58:08,180.0,exakt,influx_switch
Reihe 2,2026-08-11 13:58:38,2026-08-11 11:58:38,180.0,exakt,influx_switch
Reihe 1,2026-08-11 14:05:08,2026-08-11 12:05:08,12.0,exakt,influx_switch
Reihe 3,2026-08-11 14:16:38,2026-08-11 12:16:38,180.0,exakt,influx_switch
Randreihe,2026-08-11 14:28:38,2026-08-11 12:28:38,180.0,exakt,influx_switch
Reihe 2,2026-08-11 14:28:38,2026-08-11 12:28:38,180.0,exakt,influx_switch
Reihe 1,2026-08-11 14:35:38,2026-08-11 12:35:38,12.0,exakt,influx_switch
Reihe 3,2026-08-11 14:35:38,2026-08-11 12:35:38,180.0,exakt,influx_switch
Reihe 3,2026-08-11 14:54:38,2026-08-11 12:54:38,180.0,exakt,influx_switch
Randreihe,2026-08-11 14:59:08,2026-08-11 12:59:08,180.0,exakt,influx_switch
Reihe 2,2026-08-11 14:59:08,2026-08-11 12:59:08,180.0,exakt,influx_switch
Reihe 1,2026-08-11 15:06:08,2026-08-11 13:06:08,12.0,exakt,influx_switch
Reihe 3,2026-08-11 15:14:08,2026-08-11 13:14:08,180.0,exakt,influx_switch
Randreihe,2026-08-11 15:29:08,2026-08-11 13:29:08,180.0,exakt,influx_switch
Reihe 2,2026-08-11 15:29:38,2026-08-11 13:29:38,180.0,exakt,influx_switch
Reihe 3,2026-08-11 15:34:38,2026-08-11 13:34:38,180.0,exakt,influx_switch
Reihe 1,2026-08-11 15:36:08,2026-08-11 13:36:08,12.0,exakt,influx_switch
Reihe 3,2026-08-11 15:55:38,2026-08-11 13:55:38,180.0,exakt,influx_switch
Randreihe,2026-08-11 15:59:08,2026-08-11 13:59:08,180.0,exakt,influx_switch
Reihe 2,2026-08-11 16:00:08,2026-08-11 14:00:08,180.0,exakt,influx_switch
Reihe 1,2026-08-11 16:06:38,2026-08-11 14:06:38,12.0,exakt,influx_switch
Reihe 3,2026-08-11 16:18:08,2026-08-11 14:18:08,180.0,exakt,influx_switch
Randreihe,2026-08-11 16:29:38,2026-08-11 14:29:38,180.0,exakt,influx_switch
Reihe 2,2026-08-11 16:30:08,2026-08-11 14:30:08,180.0,exakt,influx_switch
Reihe 1,2026-08-11 16:37:08,2026-08-11 14:37:08,12.0,exakt,influx_switch
Reihe 3,2026-08-11 16:42:08,2026-08-11 14:42:08,180.0,exakt,influx_switch
Randreihe,2026-08-11 17:01:38,2026-08-11 15:01:38,180.0,exakt,influx_switch
Reihe 2,2026-08-11 17:02:08,2026-08-11 15:02:08,180.0,exakt,influx_switch
Reihe 1,2026-08-11 17:07:08,2026-08-11 15:07:08,12.0,exakt,influx_switch
Reihe 3,2026-08-11 17:08:38,2026-08-11 15:08:38,180.0,exakt,influx_switch
Reihe 1,2026-08-11 17:37:38,2026-08-11 15:37:38,12.0,exakt,influx_switch
Randreihe,2026-08-11 17:39:38,2026-08-11 15:39:38,180.0,exakt,influx_switch
Reihe 3,2026-08-11 17:39:38,2026-08-11 15:39:38,180.0,exakt,influx_switch
Reihe 2,2026-08-11 17:40:08,2026-08-11 15:40:08,180.0,exakt,influx_switch
Reihe 1,2026-08-11 18:07:38,2026-08-11 16:07:38,12.0,exakt,influx_switch
Reihe 1,2026-08-11 18:38:08,2026-08-11 16:38:08,12.0,exakt,influx_switch
Reihe 1,2026-08-11 19:08:38,2026-08-11 17:08:38,12.0,exakt,influx_switch
Reihe 1,2026-08-11 19:38:38,2026-08-11 17:38:38,12.0,exakt,influx_switch
Reihe 1,2026-08-11 20:09:08,2026-08-11 18:09:08,12.0,exakt,influx_switch
Reihe 1,2026-08-11 20:39:38,2026-08-11 18:39:38,12.0,exakt,influx_switch
Reihe 1,2026-08-12 06:00:08,2026-08-12 04:00:08,12.0,exakt,influx_switch
Reihe 1,2026-08-12 06:30:38,2026-08-12 04:30:38,12.0,exakt,influx_switch
Randreihe,2026-08-12 07:00:08,2026-08-12 05:00:08,180.0,exakt,influx_switch
Reihe 2,2026-08-12 07:00:08,2026-08-12 05:00:08,180.0,exakt,influx_switch
Reihe 3,2026-08-12 07:00:08,2026-08-12 05:00:08,180.0,exakt,influx_switch
Reihe 1,2026-08-12 07:01:08,2026-08-12 05:01:08,12.0,exakt,influx_switch
Reihe 1,2026-08-12 07:31:38,2026-08-12 05:31:38,12.0,exakt,influx_switch
Reihe 1,2026-08-12 08:01:38,2026-08-12 06:01:38,12.0,exakt,influx_switch
Reihe 1,2026-08-12 08:32:08,2026-08-12 06:32:08,12.0,exakt,influx_switch
Randreihe,2026-08-12 09:00:38,2026-08-12 07:00:38,180.0,exakt,influx_switch
Reihe 2,2026-08-12 09:00:38,2026-08-12 07:00:38,180.0,exakt,influx_switch
Reihe 3,2026-08-12 09:00:38,2026-08-12 07:00:38,180.0,exakt,influx_switch
Reihe 1,2026-08-12 09:02:08,2026-08-12 07:02:08,12.0,exakt,influx_switch
Reihe 1,2026-08-12 09:32:38,2026-08-12 07:32:38,12.0,exakt,influx_switch
Reihe 1,2026-08-12 10:03:08,2026-08-12 08:03:08,12.0,exakt,influx_switch
Reihe 3,2026-08-12 10:07:38,2026-08-12 08:07:38,180.0,exakt,influx_switch
Randreihe,2026-08-12 10:16:08,2026-08-12 08:16:08,180.0,exakt,influx_switch
Reihe 2,2026-08-12 10:16:08,2026-08-12 08:16:08,180.0,exakt,influx_switch
Reihe 1,2026-08-12 10:33:38,2026-08-12 08:33:38,12.0,exakt,influx_switch
Reihe 3,2026-08-12 10:40:08,2026-08-12 08:40:08,180.0,exakt,influx_switch
Randreihe,2026-08-12 10:54:08,2026-08-12 08:54:08,180.0,exakt,influx_switch
Reihe 2,2026-08-12 10:54:08,2026-08-12 08:54:08,180.0,exakt,influx_switch
Reihe 1,2026-08-12 11:04:08,2026-08-12 09:04:08,12.0,exakt,influx_switch
Reihe 3,2026-08-12 11:08:08,2026-08-12 09:08:08,180.0,exakt,influx_switch
Randreihe,2026-08-12 11:26:38,2026-08-12 09:26:38,180.0,exakt,influx_switch
Reihe 2,2026-08-12 11:26:38,2026-08-12 09:26:38,180.0,exakt,influx_switch
Reihe 3,2026-08-12 11:33:08,2026-08-12 09:33:08,180.0,exakt,influx_switch
Reihe 1,2026-08-12 11:34:08,2026-08-12 09:34:08,12.0,exakt,influx_switch
Reihe 3,2026-08-12 11:56:08,2026-08-12 09:56:08,180.0,exakt,influx_switch
Randreihe,2026-08-12 11:57:08,2026-08-12 09:57:08,180.0,exakt,influx_switch
Reihe 2,2026-08-12 11:57:08,2026-08-12 09:57:08,180.0,exakt,influx_switch
Reihe 1,2026-08-12 12:04:38,2026-08-12 10:04:38,12.0,exakt,influx_switch
Reihe 3,2026-08-12 12:18:08,2026-08-12 10:18:08,180.0,exakt,influx_switch
Randreihe,2026-08-12 12:27:38,2026-08-12 10:27:38,180.0,exakt,influx_switch
Reihe 2,2026-08-12 12:27:38,2026-08-12 10:27:38,180.0,exakt,influx_switch
Reihe 1,2026-08-12 12:34:38,2026-08-12 10:34:38,12.0,exakt,influx_switch
Reihe 3,2026-08-12 12:38:38,2026-08-12 10:38:38,180.0,exakt,influx_switch
Randreihe,2026-08-12 12:58:08,2026-08-12 10:58:08,180.0,exakt,influx_switch
Reihe 2,2026-08-12 12:58:08,2026-08-12 10:58:08,180.0,exakt,influx_switch
Reihe 3,2026-08-12 12:58:38,2026-08-12 10:58:38,180.0,exakt,influx_switch
Reihe 1,2026-08-12 13:05:08,2026-08-12 11:05:08,12.0,exakt,influx_switch
Reihe 3,2026-08-12 13:18:08,2026-08-12 11:18:08,180.0,exakt,influx_switch
Randreihe,2026-08-12 13:28:38,2026-08-12 11:28:38,180.0,exakt,influx_switch
Reihe 2,2026-08-12 13:28:38,2026-08-12 11:28:38,180.0,exakt,influx_switch
Reihe 1,2026-08-12 13:35:38,2026-08-12 11:35:38,12.0,exakt,influx_switch
Reihe 3,2026-08-12 13:37:08,2026-08-12 11:37:08,180.0,exakt,influx_switch
Reihe 3,2026-08-12 13:56:08,2026-08-12 11:56:08,180.0,exakt,influx_switch
Randreihe,2026-08-12 13:59:08,2026-08-12 11:59:08,180.0,exakt,influx_switch
Reihe 2,2026-08-12 13:59:08,2026-08-12 11:59:08,180.0,exakt,influx_switch
Reihe 1,2026-08-12 14:06:08,2026-08-12 12:06:08,12.0,exakt,influx_switch
Reihe 3,2026-08-12 14:14:38,2026-08-12 12:14:38,180.0,exakt,influx_switch
Randreihe,2026-08-12 14:29:08,2026-08-12 12:29:08,180.0,exakt,influx_switch
Reihe 2,2026-08-12 14:29:38,2026-08-12 12:29:38,180.0,exakt,influx_switch
Reihe 3,2026-08-12 14:33:38,2026-08-12 12:33:38,180.0,exakt,influx_switch
Reihe 1,2026-08-12 14:36:08,2026-08-12 12:36:08,12.0,exakt,influx_switch
Reihe 3,2026-08-12 14:52:38,2026-08-12 12:52:38,180.0,exakt,influx_switch
Randreihe,2026-08-12 14:59:38,2026-08-12 12:59:38,180.0,exakt,influx_switch
Reihe 2,2026-08-12 15:00:08,2026-08-12 13:00:08,180.0,exakt,influx_switch
Reihe 1,2026-08-12 15:06:38,2026-08-12 13:06:38,12.0,exakt,influx_switch
Reihe 3,2026-08-12 15:12:08,2026-08-12 13:12:08,180.0,exakt,influx_switch
Randreihe,2026-08-12 15:29:38,2026-08-12 13:29:38,180.0,exakt,influx_switch
Reihe 2,2026-08-12 15:30:38,2026-08-12 13:30:38,180.0,exakt,influx_switch
Reihe 3,2026-08-12 15:32:08,2026-08-12 13:32:08,180.0,exakt,influx_switch
Reihe 1,2026-08-12 15:37:08,2026-08-12 13:37:08,12.0,exakt,influx_switch
Reihe 3,2026-08-12 15:53:08,2026-08-12 13:53:08,180.0,exakt,influx_switch
Randreihe,2026-08-12 16:00:08,2026-08-12 14:00:08,180.0,exakt,influx_switch
Reihe 2,2026-08-12 16:00:38,2026-08-12 14:00:38,180.0,exakt,influx_switch
Reihe 1,2026-08-12 16:07:38,2026-08-12 14:07:38,12.0,exakt,influx_switch
Reihe 3,2026-08-12 16:15:08,2026-08-12 14:15:08,180.0,exakt,influx_switch
Randreihe,2026-08-12 16:30:38,2026-08-12 14:30:38,180.0,exakt,influx_switch
Reihe 2,2026-08-12 16:30:38,2026-08-12 14:30:38,180.0,exakt,influx_switch
Reihe 1,2026-08-12 16:37:38,2026-08-12 14:37:38,12.0,exakt,influx_switch
Reihe 3,2026-08-12 16:38:38,2026-08-12 14:38:38,180.0,exakt,influx_switch
Randreihe,2026-08-12 17:02:38,2026-08-12 15:02:38,180.0,exakt,influx_switch
Reihe 2,2026-08-12 17:02:38,2026-08-12 15:02:38,180.0,exakt,influx_switch
Reihe 3,2026-08-12 17:04:38,2026-08-12 15:04:38,180.0,exakt,influx_switch
Reihe 1,2026-08-12 17:08:08,2026-08-12 15:08:08,12.0,exakt,influx_switch
Reihe 3,2026-08-12 17:35:08,2026-08-12 15:35:08,180.0,exakt,influx_switch
Reihe 1,2026-08-12 17:38:08,2026-08-12 15:38:08,12.0,exakt,influx_switch
Randreihe,2026-08-12 17:41:08,2026-08-12 15:41:08,180.0,exakt,influx_switch
Reihe 2,2026-08-12 17:41:08,2026-08-12 15:41:08,180.0,exakt,influx_switch
Reihe 1,2026-08-12 18:08:38,2026-08-12 16:08:38,12.0,exakt,influx_switch
Reihe 1,2026-08-12 18:39:08,2026-08-12 16:39:08,12.0,exakt,influx_switch
Reihe 1,2026-08-12 19:09:38,2026-08-12 17:09:38,12.0,exakt,influx_switch
Reihe 1,2026-08-12 19:40:08,2026-08-12 17:40:08,12.0,exakt,influx_switch
Reihe 1,2026-08-12 20:10:08,2026-08-12 18:10:08,12.0,exakt,influx_switch
Reihe 1,2026-08-12 20:40:38,2026-08-12 18:40:38,12.0,exakt,influx_switch
Reihe 1,2026-08-13 06:00:08,2026-08-13 04:00:08,12.0,exakt,influx_switch
Reihe 1,2026-08-13 06:30:38,2026-08-13 04:30:38,12.0,exakt,influx_switch
Randreihe,2026-08-13 07:00:08,2026-08-13 05:00:08,180.0,exakt,influx_switch
Reihe 2,2026-08-13 07:00:08,2026-08-13 05:00:08,180.0,exakt,influx_switch
Reihe 3,2026-08-13 07:00:08,2026-08-13 05:00:08,180.0,exakt,influx_switch
Reihe 1,2026-08-13 07:01:08,2026-08-13 05:01:08,12.0,exakt,influx_switch
Reihe 1,2026-08-13 07:31:38,2026-08-13 05:31:38,12.0,exakt,influx_switch
Reihe 1,2026-08-13 08:01:38,2026-08-13 06:01:38,12.0,exakt,influx_switch
Reihe 1,2026-08-13 08:32:08,2026-08-13 06:32:08,12.0,exakt,influx_switch
Randreihe,2026-08-13 09:00:38,2026-08-13 07:00:38,180.0,exakt,influx_switch
Reihe 2,2026-08-13 09:00:38,2026-08-13 07:00:38,180.0,exakt,influx_switch
Reihe 3,2026-08-13 09:00:38,2026-08-13 07:00:38,180.0,exakt,influx_switch
Reihe 1,2026-08-13 09:02:38,2026-08-13 07:02:38,12.0,exakt,influx_switch
Reihe 1,2026-08-13 09:33:08,2026-08-13 07:33:08,12.0,exakt,influx_switch
Reihe 1,2026-08-13 10:03:38,2026-08-13 08:03:38,12.0,exakt,influx_switch
Reihe 3,2026-08-13 10:07:38,2026-08-13 08:07:38,180.0,exakt,influx_switch
Randreihe,2026-08-13 10:16:08,2026-08-13 08:16:08,180.0,exakt,influx_switch
Reihe 2,2026-08-13 10:16:08,2026-08-13 08:16:08,180.0,exakt,influx_switch
Reihe 1,2026-08-13 10:34:08,2026-08-13 08:34:08,12.0,exakt,influx_switch
Reihe 3,2026-08-13 10:40:08,2026-08-13 08:40:08,180.0,exakt,influx_switch
Randreihe,2026-08-13 10:54:08,2026-08-13 08:54:08,180.0,exakt,influx_switch
Reihe 2,2026-08-13 10:54:08,2026-08-13 08:54:08,180.0,exakt,influx_switch
Reihe 1,2026-08-13 11:04:08,2026-08-13 09:04:08,12.0,exakt,influx_switch
Reihe 3,2026-08-13 11:08:08,2026-08-13 09:08:08,180.0,exakt,influx_switch
Randreihe,2026-08-13 11:26:38,2026-08-13 09:26:38,180.0,exakt,influx_switch
Reihe 2,2026-08-13 11:26:38,2026-08-13 09:26:38,180.0,exakt,influx_switch
Reihe 3,2026-08-13 11:33:08,2026-08-13 09:33:08,180.0,exakt,influx_switch
Reihe 1,2026-08-13 11:34:38,2026-08-13 09:34:38,12.0,exakt,influx_switch
Reihe 3,2026-08-13 11:56:08,2026-08-13 09:56:08,180.0,exakt,influx_switch
Randreihe,2026-08-13 11:56:38,2026-08-13 09:56:38,180.0,exakt,influx_switch
Reihe 2,2026-08-13 11:57:08,2026-08-13 09:57:08,180.0,exakt,influx_switch
Reihe 1,2026-08-13 12:05:08,2026-08-13 10:05:08,12.0,exakt,influx_switch
Reihe 3,2026-08-13 12:18:08,2026-08-13 10:18:08,180.0,exakt,influx_switch
Randreihe,2026-08-13 12:27:08,2026-08-13 10:27:08,180.0,exakt,influx_switch
Reihe 2,2026-08-13 12:27:38,2026-08-13 10:27:38,180.0,exakt,influx_switch
Reihe 1,2026-08-13 12:35:38,2026-08-13 10:35:38,12.0,exakt,influx_switch
Reihe 3,2026-08-13 12:39:08,2026-08-13 10:39:08,180.0,exakt,influx_switch
Randreihe,2026-08-13 12:57:08,2026-08-13 10:57:08,180.0,exakt,influx_switch
Reihe 2,2026-08-13 12:58:08,2026-08-13 10:58:08,180.0,exakt,influx_switch
Reihe 3,2026-08-13 12:59:08,2026-08-13 10:59:08,180.0,exakt,influx_switch
Reihe 1,2026-08-13 13:06:08,2026-08-13 11:06:08,12.0,exakt,influx_switch
Reihe 3,2026-08-13 13:18:38,2026-08-13 11:18:38,180.0,exakt,influx_switch
Randreihe,2026-08-13 13:27:08,2026-08-13 11:27:08,180.0,exakt,influx_switch
Reihe 2,2026-08-13 13:28:38,2026-08-13 11:28:38,180.0,exakt,influx_switch
Reihe 1,2026-08-13 13:36:38,2026-08-13 11:36:38,12.0,exakt,influx_switch
Reihe 3,2026-08-13 13:37:38,2026-08-13 11:37:38,180.0,exakt,influx_switch
Reihe 3,2026-08-13 13:56:38,2026-08-13 11:56:38,180.0,exakt,influx_switch
Randreihe,2026-08-13 13:57:38,2026-08-13 11:57:38,180.0,exakt,influx_switch
Reihe 2,2026-08-13 13:59:08,2026-08-13 11:59:08,180.0,exakt,influx_switch
Reihe 1,2026-08-13 14:06:38,2026-08-13 12:06:38,12.0,exakt,influx_switch
Reihe 3,2026-08-13 14:15:08,2026-08-13 12:15:08,180.0,exakt,influx_switch
Randreihe,2026-08-13 14:28:08,2026-08-13 12:28:08,180.0,exakt,influx_switch
Reihe 2,2026-08-13 14:29:38,2026-08-13 12:29:38,180.0,exakt,influx_switch
Reihe 3,2026-08-13 14:34:08,2026-08-13 12:34:08,180.0,exakt,influx_switch
Reihe 1,2026-08-13 14:37:08,2026-08-13 12:37:08,12.0,exakt,influx_switch
Reihe 3,2026-08-13 14:53:08,2026-08-13 12:53:08,180.0,exakt,influx_switch
Randreihe,2026-08-13 14:58:08,2026-08-13 12:58:08,180.0,exakt,influx_switch
Reihe 2,2026-08-13 15:00:08,2026-08-13 13:00:08,180.0,exakt,influx_switch
Reihe 1,2026-08-13 15:07:08,2026-08-13 13:07:08,12.0,exakt,influx_switch
Reihe 3,2026-08-13 15:12:38,2026-08-13 13:12:38,180.0,exakt,influx_switch
Randreihe,2026-08-13 15:28:38,2026-08-13 13:28:38,180.0,exakt,influx_switch
Reihe 2,2026-08-13 15:30:38,2026-08-13 13:30:38,180.0,exakt,influx_switch
Reihe 3,2026-08-13 15:32:38,2026-08-13 13:32:38,180.0,exakt,influx_switch
Reihe 1,2026-08-13 15:37:38,2026-08-13 13:37:38,12.0,exakt,influx_switch
Reihe 3,2026-08-13 15:53:38,2026-08-13 13:53:38,180.0,exakt,influx_switch
Randreihe,2026-08-13 15:58:38,2026-08-13 13:58:38,180.0,exakt,influx_switch
Reihe 2,2026-08-13 16:00:38,2026-08-13 14:00:38,180.0,exakt,influx_switch
Reihe 1,2026-08-13 16:07:38,2026-08-13 14:07:38,12.0,exakt,influx_switch
Reihe 3,2026-08-13 16:15:38,2026-08-13 14:15:38,180.0,exakt,influx_switch
Randreihe,2026-08-13 16:29:08,2026-08-13 14:29:08,180.0,exakt,influx_switch
Reihe 2,2026-08-13 16:30:38,2026-08-13 14:30:38,180.0,exakt,influx_switch
Reihe 1,2026-08-13 16:38:08,2026-08-13 14:38:08,12.0,exakt,influx_switch
Reihe 3,2026-08-13 16:39:38,2026-08-13 14:39:38,180.0,exakt,influx_switch
Randreihe,2026-08-13 17:01:08,2026-08-13 15:01:08,180.0,exakt,influx_switch
Reihe 2,2026-08-13 17:03:08,2026-08-13 15:03:08,180.0,exakt,influx_switch
Reihe 3,2026-08-13 17:06:08,2026-08-13 15:06:08,180.0,exakt,influx_switch
Reihe 1,2026-08-13 17:08:38,2026-08-13 15:08:38,12.0,exakt,influx_switch
Reihe 3,2026-08-13 17:37:08,2026-08-13 15:37:08,180.0,exakt,influx_switch
Reihe 1,2026-08-13 17:39:08,2026-08-13 15:39:08,12.0,exakt,influx_switch
Randreihe,2026-08-13 17:39:38,2026-08-13 15:39:38,180.0,exakt,influx_switch
Reihe 2,2026-08-13 17:42:38,2026-08-13 15:42:38,180.0,exakt,influx_switch
Reihe 1,2026-08-13 18:09:08,2026-08-13 16:09:08,12.0,exakt,influx_switch
Reihe 1,2026-08-13 18:39:38,2026-08-13 16:39:38,12.0,exakt,influx_switch
Reihe 1,2026-08-13 19:10:08,2026-08-13 17:10:08,12.0,exakt,influx_switch
Reihe 1,2026-08-13 19:40:38,2026-08-13 17:40:38,12.0,exakt,influx_switch
Reihe 1,2026-08-13 20:11:08,2026-08-13 18:11:08,12.0,exakt,influx_switch
Reihe 1,2026-08-13 20:41:08,2026-08-13 18:41:08,12.0,exakt,influx_switch
Reihe 1,2026-08-14 06:00:08,2026-08-14 04:00:08,12.0,exakt,influx_switch
Reihe 1,2026-08-14 06:30:38,2026-08-14 04:30:38,12.0,exakt,influx_switch
Randreihe,2026-08-14 07:00:08,2026-08-14 05:00:08,180.0,exakt,influx_switch
Reihe 2,2026-08-14 07:00:08,2026-08-14 05:00:08,180.0,exakt,influx_switch
Reihe 3,2026-08-14 07:00:08,2026-08-14 05:00:08,180.0,exakt,influx_switch
Reihe 1,2026-08-14 07:00:38,2026-08-14 05:00:38,12.0,exakt,influx_switch
Reihe 1,2026-08-14 07:31:08,2026-08-14 05:31:08,12.0,exakt,influx_switch
Reihe 1,2026-08-14 08:01:38,2026-08-14 06:01:38,12.0,exakt,influx_switch
Reihe 1,2026-08-14 08:32:08,2026-08-14 06:32:08,12.0,exakt,influx_switch
Randreihe,2026-08-14 09:00:38,2026-08-14 07:00:38,180.0,exakt,influx_switch
Reihe 2,2026-08-14 09:00:38,2026-08-14 07:00:38,180.0,exakt,influx_switch
Reihe 3,2026-08-14 09:00:38,2026-08-14 07:00:38,180.0,exakt,influx_switch
Reihe 1,2026-08-14 09:02:08,2026-08-14 07:02:08,12.0,exakt,influx_switch
Reihe 1,2026-08-14 09:32:38,2026-08-14 07:32:38,12.0,exakt,influx_switch
Reihe 1,2026-08-14 10:03:08,2026-08-14 08:03:08,12.0,exakt,influx_switch
Reihe 3,2026-08-14 10:09:08,2026-08-14 08:09:08,180.0,exakt,influx_switch
Randreihe,2026-08-14 10:17:38,2026-08-14 08:17:38,180.0,exakt,influx_switch
Reihe 2,2026-08-14 10:17:38,2026-08-14 08:17:38,180.0,exakt,influx_switch
Reihe 1,2026-08-14 10:33:38,2026-08-14 08:33:38,12.0,exakt,influx_switch
Reihe 3,2026-08-14 10:41:08,2026-08-14 08:41:08,180.0,exakt,influx_switch
Randreihe,2026-08-14 10:55:38,2026-08-14 08:55:38,180.0,exakt,influx_switch
Reihe 2,2026-08-14 10:55:38,2026-08-14 08:55:38,180.0,exakt,influx_switch
Reihe 1,2026-08-14 11:03:38,2026-08-14 09:03:38,12.0,exakt,influx_switch
Reihe 3,2026-08-14 11:09:08,2026-08-14 09:09:08,180.0,exakt,influx_switch
Randreihe,2026-08-14 11:28:08,2026-08-14 09:28:08,180.0,exakt,influx_switch
Reihe 2,2026-08-14 11:28:08,2026-08-14 09:28:08,180.0,exakt,influx_switch
Reihe 1,2026-08-14 11:34:08,2026-08-14 09:34:08,12.0,exakt,influx_switch
Reihe 3,2026-08-14 11:34:08,2026-08-14 09:34:08,180.0,exakt,influx_switch
Reihe 3,2026-08-14 11:57:08,2026-08-14 09:57:08,180.0,exakt,influx_switch
Randreihe,2026-08-14 11:58:38,2026-08-14 09:58:38,180.0,exakt,influx_switch
Reihe 2,2026-08-14 11:58:38,2026-08-14 09:58:38,180.0,exakt,influx_switch
Reihe 1,2026-08-14 12:04:38,2026-08-14 10:04:38,12.0,exakt,influx_switch
Reihe 3,2026-08-14 12:19:08,2026-08-14 10:19:08,180.0,exakt,influx_switch
Randreihe,2026-08-14 12:29:08,2026-08-14 10:29:08,180.0,exakt,influx_switch
Reihe 2,2026-08-14 12:29:08,2026-08-14 10:29:08,180.0,exakt,influx_switch
Reihe 1,2026-08-14 12:34:38,2026-08-14 10:34:38,12.0,exakt,influx_switch
Reihe 3,2026-08-14 12:40:08,2026-08-14 10:40:08,180.0,exakt,influx_switch
Randreihe,2026-08-14 12:59:38,2026-08-14 10:59:38,180.0,exakt,influx_switch
Reihe 2,2026-08-14 12:59:38,2026-08-14 10:59:38,180.0,exakt,influx_switch
Reihe 3,2026-08-14 13:00:08,2026-08-14 11:00:08,180.0,exakt,influx_switch
Reihe 1,2026-08-14 13:05:08,2026-08-14 11:05:08,12.0,exakt,influx_switch
Reihe 3,2026-08-14 13:19:38,2026-08-14 11:19:38,180.0,exakt,influx_switch
Randreihe,2026-08-14 13:30:08,2026-08-14 11:30:08,180.0,exakt,influx_switch
Reihe 2,2026-08-14 13:30:08,2026-08-14 11:30:08,180.0,exakt,influx_switch
Reihe 1,2026-08-14 13:35:08,2026-08-14 11:35:08,12.0,exakt,influx_switch
Reihe 3,2026-08-14 13:38:38,2026-08-14 11:38:38,180.0,exakt,influx_switch
Reihe 3,2026-08-14 13:57:38,2026-08-14 11:57:38,180.0,exakt,influx_switch
Randreihe,2026-08-14 14:00:38,2026-08-14 12:00:38,180.0,exakt,influx_switch
Reihe 2,2026-08-14 14:00:38,2026-08-14 12:00:38,180.0,exakt,influx_switch
Reihe 1,2026-08-14 14:05:08,2026-08-14 12:05:08,12.0,exakt,influx_switch
Reihe 3,2026-08-14 14:16:38,2026-08-14 12:16:38,180.0,exakt,influx_switch
Randreihe,2026-08-14 14:30:38,2026-08-14 12:30:38,180.0,exakt,influx_switch
Reihe 2,2026-08-14 14:31:08,2026-08-14 12:31:08,180.0,exakt,influx_switch
Reihe 1,2026-08-14 14:35:38,2026-08-14 12:35:38,12.0,exakt,influx_switch
Reihe 3,2026-08-14 14:35:38,2026-08-14 12:35:38,180.0,exakt,influx_switch
Reihe 3,2026-08-14 14:54:38,2026-08-14 12:54:38,180.0,exakt,influx_switch
Randreihe,2026-08-14 15:00:38,2026-08-14 13:00:38,180.0,exakt,influx_switch
Reihe 2,2026-08-14 15:01:38,2026-08-14 13:01:38,180.0,exakt,influx_switch
Reihe 1,2026-08-14 15:05:38,2026-08-14 13:05:38,12.0,exakt,influx_switch
Reihe 3,2026-08-14 15:14:08,2026-08-14 13:14:08,180.0,exakt,influx_switch
Randreihe,2026-08-14 15:31:08,2026-08-14 13:31:08,180.0,exakt,influx_switch
Reihe 2,2026-08-14 15:32:08,2026-08-14 13:32:08,180.0,exakt,influx_switch
Reihe 3,2026-08-14 15:34:08,2026-08-14 13:34:08,180.0,exakt,influx_switch
Reihe 1,2026-08-14 15:36:08,2026-08-14 13:36:08,12.0,exakt,influx_switch
Reihe 3,2026-08-14 15:55:08,2026-08-14 13:55:08,180.0,exakt,influx_switch
Randreihe,2026-08-14 16:01:38,2026-08-14 14:01:38,180.0,exakt,influx_switch
Reihe 2,2026-08-14 16:02:08,2026-08-14 14:02:08,180.0,exakt,influx_switch
Reihe 1,2026-08-14 16:06:38,2026-08-14 14:06:38,12.0,exakt,influx_switch
Reihe 3,2026-08-14 16:17:08,2026-08-14 14:17:08,180.0,exakt,influx_switch
Randreihe,2026-08-14 16:32:08,2026-08-14 14:32:08,180.0,exakt,influx_switch
Reihe 2,2026-08-14 16:32:38,2026-08-14 14:32:38,180.0,exakt,influx_switch
Reihe 1,2026-08-14 16:37:08,2026-08-14 14:37:08,12.0,exakt,influx_switch
Reihe 3,2026-08-14 16:41:08,2026-08-14 14:41:08,180.0,exakt,influx_switch
Randreihe,2026-08-14 17:04:38,2026-08-14 15:04:38,180.0,exakt,influx_switch
Reihe 2,2026-08-14 17:05:08,2026-08-14 15:05:08,180.0,exakt,influx_switch
Reihe 1,2026-08-14 17:07:38,2026-08-14 15:07:38,12.0,exakt,influx_switch
Reihe 3,2026-08-14 17:08:08,2026-08-14 15:08:08,180.0,exakt,influx_switch
Reihe 1,2026-08-14 17:37:38,2026-08-14 15:37:38,12.0,exakt,influx_switch
Reihe 3,2026-08-14 17:39:38,2026-08-14 15:39:38,180.0,exakt,influx_switch
Randreihe,2026-08-14 17:44:08,2026-08-14 15:44:08,180.0,exakt,influx_switch
Reihe 2,2026-08-14 17:45:08,2026-08-14 15:45:08,180.0,exakt,influx_switch
Reihe 1,2026-08-14 18:08:08,2026-08-14 16:08:08,12.0,exakt,influx_switch
Reihe 1,2026-08-14 18:38:38,2026-08-14 16:38:38,12.0,exakt,influx_switch
Reihe 1,2026-08-14 19:09:08,2026-08-14 17:09:08,12.0,exakt,influx_switch
Reihe 1,2026-08-14 19:39:38,2026-08-14 17:39:38,12.0,exakt,influx_switch
Reihe 1,2026-08-14 20:09:38,2026-08-14 18:09:38,12.0,exakt,influx_switch
Reihe 1,2026-08-14 20:40:08,2026-08-14 18:40:08,12.0,exakt,influx_switch
Reihe 1,2026-08-15 06:00:03,2026-08-15 04:00:03,12.0,exakt,influx_switch
Reihe 1,2026-08-15 06:30:33,2026-08-15 04:30:33,12.0,exakt,influx_switch
Randreihe,2026-08-15 07:00:03,2026-08-15 05:00:03,180.0,exakt,influx_switch
Reihe 2,2026-08-15 07:00:03,2026-08-15 05:00:03,180.0,exakt,influx_switch
Reihe 3,2026-08-15 07:00:03,2026-08-15 05:00:03,180.0,exakt,influx_switch
Reihe 1,2026-08-15 07:01:03,2026-08-15 05:01:03,12.0,exakt,influx_switch
Reihe 1,2026-08-15 07:31:33,2026-08-15 05:31:33,12.0,exakt,influx_switch
Reihe 1,2026-08-15 08:01:33,2026-08-15 06:01:33,12.0,exakt,influx_switch
Reihe 1,2026-08-15 08:32:03,2026-08-15 06:32:03,12.0,exakt,influx_switch
Randreihe,2026-08-15 09:00:33,2026-08-15 07:00:33,180.0,exakt,influx_switch
Reihe 2,2026-08-15 09:00:33,2026-08-15 07:00:33,180.0,exakt,influx_switch
Reihe 3,2026-08-15 09:00:33,2026-08-15 07:00:33,180.0,exakt,influx_switch
Reihe 1,2026-08-15 09:02:33,2026-08-15 07:02:33,12.0,exakt,influx_switch
Reihe 1,2026-08-15 09:33:03,2026-08-15 07:33:03,12.0,exakt,influx_switch
Reihe 1,2026-08-15 10:03:33,2026-08-15 08:03:33,12.0,exakt,influx_switch
Reihe 3,2026-08-15 10:28:03,2026-08-15 08:28:03,180.0,exakt,influx_switch
Reihe 1,2026-08-15 10:33:33,2026-08-15 08:33:33,12.0,exakt,influx_switch
Randreihe,2026-08-15 10:39:33,2026-08-15 08:39:33,180.0,exakt,influx_switch
Reihe 2,2026-08-15 10:39:33,2026-08-15 08:39:33,180.0,exakt,influx_switch
Reihe 1,2026-08-15 11:04:03,2026-08-15 09:04:03,12.0,exakt,influx_switch
Reihe 3,2026-08-15 11:11:33,2026-08-15 09:11:33,180.0,exakt,influx_switch
Randreihe,2026-08-15 11:30:33,2026-08-15 09:30:33,180.0,exakt,influx_switch
Reihe 2,2026-08-15 11:30:33,2026-08-15 09:30:33,180.0,exakt,influx_switch
Reihe 1,2026-08-15 11:34:03,2026-08-15 09:34:03,12.0,exakt,influx_switch
Reihe 3,2026-08-15 11:48:33,2026-08-15 09:48:33,180.0,exakt,influx_switch
Reihe 1,2026-08-15 12:04:03,2026-08-15 10:04:03,12.0,exakt,influx_switch
Randreihe,2026-08-15 12:14:03,2026-08-15 10:14:03,180.0,exakt,influx_switch
Reihe 2,2026-08-15 12:14:03,2026-08-15 10:14:03,180.0,exakt,influx_switch
Reihe 3,2026-08-15 12:22:03,2026-08-15 10:22:03,180.0,exakt,influx_switch
Reihe 1,2026-08-15 12:34:33,2026-08-15 10:34:33,12.0,exakt,influx_switch
Randreihe,2026-08-15 12:53:03,2026-08-15 10:53:03,180.0,exakt,influx_switch
Reihe 2,2026-08-15 12:53:03,2026-08-15 10:53:03,180.0,exakt,influx_switch
Reihe 3,2026-08-15 12:53:03,2026-08-15 10:53:03,180.0,exakt,influx_switch
Reihe 1,2026-08-15 13:04:33,2026-08-15 11:04:33,12.0,exakt,influx_switch
Reihe 3,2026-08-15 13:22:33,2026-08-15 11:22:33,180.0,exakt,influx_switch
Randreihe,2026-08-15 13:30:03,2026-08-15 11:30:03,180.0,exakt,influx_switch
Reihe 2,2026-08-15 13:30:03,2026-08-15 11:30:03,180.0,exakt,influx_switch
Reihe 1,2026-08-15 13:34:33,2026-08-15 11:34:33,12.0,exakt,influx_switch
Reihe 3,2026-08-15 13:51:33,2026-08-15 11:51:33,180.0,exakt,influx_switch
Reihe 1,2026-08-15 14:04:33,2026-08-15 12:04:33,12.0,exakt,influx_switch
Randreihe,2026-08-15 14:06:03,2026-08-15 12:06:03,180.0,exakt,influx_switch
Reihe 2,2026-08-15 14:06:03,2026-08-15 12:06:03,180.0,exakt,influx_switch
Reihe 3,2026-08-15 14:20:33,2026-08-15 12:20:33,180.0,exakt,influx_switch
Reihe 1,2026-08-15 14:35:03,2026-08-15 12:35:03,12.0,exakt,influx_switch
Randreihe,2026-08-15 14:42:33,2026-08-15 12:42:33,180.0,exakt,influx_switch
Reihe 2,2026-08-15 14:42:33,2026-08-15 12:42:33,180.0,exakt,influx_switch
Reihe 3,2026-08-15 14:50:03,2026-08-15 12:50:03,180.0,exakt,influx_switch
Reihe 1,2026-08-15 15:05:33,2026-08-15 13:05:33,12.0,exakt,influx_switch
Randreihe,2026-08-15 15:20:33,2026-08-15 13:20:33,180.0,exakt,influx_switch
Reihe 2,2026-08-15 15:20:33,2026-08-15 13:20:33,180.0,exakt,influx_switch
Reihe 3,2026-08-15 15:20:33,2026-08-15 13:20:33,180.0,exakt,influx_switch
Reihe 1,2026-08-15 15:35:33,2026-08-15 13:35:33,12.0,exakt,influx_switch
Reihe 3,2026-08-15 15:53:33,2026-08-15 13:53:33,180.0,exakt,influx_switch
Randreihe,2026-08-15 16:02:33,2026-08-15 14:02:33,180.0,exakt,influx_switch
Reihe 2,2026-08-15 16:02:33,2026-08-15 14:02:33,180.0,exakt,influx_switch
Reihe 1,2026-08-15 16:06:03,2026-08-15 14:06:03,12.0,exakt,influx_switch
Reihe 3,2026-08-15 16:31:03,2026-08-15 14:31:03,180.0,exakt,influx_switch
Reihe 1,2026-08-15 16:36:33,2026-08-15 14:36:33,12.0,exakt,influx_switch
Randreihe,2026-08-15 16:55:03,2026-08-15 14:55:03,180.0,exakt,influx_switch
Reihe 2,2026-08-15 16:55:03,2026-08-15 14:55:03,180.0,exakt,influx_switch
Reihe 1,2026-08-15 17:06:33,2026-08-15 15:06:33,12.0,exakt,influx_switch
Reihe 3,2026-08-15 17:19:33,2026-08-15 15:19:33,180.0,exakt,influx_switch
Reihe 1,2026-08-15 17:36:33,2026-08-15 15:36:33,12.0,exakt,influx_switch
Reihe 1,2026-08-15 18:06:33,2026-08-15 16:06:33,12.0,exakt,influx_switch
Reihe 1,2026-08-15 18:37:03,2026-08-15 16:37:03,12.0,exakt,influx_switch
Reihe 1,2026-08-15 19:07:33,2026-08-15 17:07:33,12.0,exakt,influx_switch
Reihe 1,2026-08-15 19:38:03,2026-08-15 17:38:03,12.0,exakt,influx_switch
Reihe 1,2026-08-15 20:08:03,2026-08-15 18:08:03,12.0,exakt,influx_switch
Reihe 1,2026-08-15 20:38:03,2026-08-15 18:38:03,12.0,exakt,influx_switch
Reihe 1,2026-08-16 06:00:03,2026-08-16 04:00:03,12.0,exakt,influx_switch
Reihe 1,2026-08-16 06:30:33,2026-08-16 04:30:33,12.0,exakt,influx_switch
Randreihe,2026-08-16 07:00:03,2026-08-16 05:00:03,180.0,exakt,influx_switch
Reihe 2,2026-08-16 07:00:03,2026-08-16 05:00:03,180.0,exakt,influx_switch
Reihe 3,2026-08-16 07:00:03,2026-08-16 05:00:03,180.0,exakt,influx_switch
Reihe 1,2026-08-16 07:00:33,2026-08-16 05:00:33,12.0,exakt,influx_switch
Reihe 1,2026-08-16 07:31:03,2026-08-16 05:31:03,12.0,exakt,influx_switch
Reihe 1,2026-08-16 08:01:33,2026-08-16 06:01:33,12.0,exakt,influx_switch
Reihe 1,2026-08-16 08:31:33,2026-08-16 06:31:33,12.0,exakt,influx_switch
Randreihe,2026-08-16 09:00:33,2026-08-16 07:00:33,180.0,exakt,influx_switch
Reihe 2,2026-08-16 09:00:33,2026-08-16 07:00:33,180.0,exakt,influx_switch
Reihe 3,2026-08-16 09:00:33,2026-08-16 07:00:33,180.0,exakt,influx_switch
Reihe 1,2026-08-16 09:02:03,2026-08-16 07:02:03,12.0,exakt,influx_switch
Reihe 1,2026-08-16 09:32:33,2026-08-16 07:32:33,12.0,exakt,influx_switch
Reihe 1,2026-08-16 10:02:33,2026-08-16 08:02:33,12.0,exakt,influx_switch
Reihe 3,2026-08-16 10:24:33,2026-08-16 08:24:33,180.0,exakt,influx_switch
Reihe 1,2026-08-16 10:33:03,2026-08-16 08:33:03,12.0,exakt,influx_switch
Randreihe,2026-08-16 10:37:03,2026-08-16 08:37:03,180.0,exakt,influx_switch
Reihe 2,2026-08-16 10:37:03,2026-08-16 08:37:03,180.0,exakt,influx_switch
Reihe 1,2026-08-16 11:03:33,2026-08-16 09:03:33,12.0,exakt,influx_switch
Reihe 3,2026-08-16 11:11:33,2026-08-16 09:11:33,180.0,exakt,influx_switch
Randreihe,2026-08-16 11:31:03,2026-08-16 09:31:03,180.0,exakt,influx_switch
Reihe 2,2026-08-16 11:31:03,2026-08-16 09:31:03,180.0,exakt,influx_switch
Reihe 1,2026-08-16 11:33:33,2026-08-16 09:33:33,12.0,exakt,influx_switch
Reihe 3,2026-08-16 11:49:03,2026-08-16 09:49:03,180.0,exakt,influx_switch
Reihe 1,2026-08-16 12:04:03,2026-08-16 10:04:03,12.0,exakt,influx_switch
Randreihe,2026-08-16 12:15:03,2026-08-16 10:15:03,180.0,exakt,influx_switch
Reihe 2,2026-08-16 12:15:03,2026-08-16 10:15:03,180.0,exakt,influx_switch
Reihe 3,2026-08-16 12:23:03,2026-08-16 10:23:03,180.0,exakt,influx_switch
Reihe 1,2026-08-16 12:34:33,2026-08-16 10:34:33,12.0,exakt,influx_switch
Randreihe,2026-08-16 12:54:03,2026-08-16 10:54:03,180.0,exakt,influx_switch
Reihe 2,2026-08-16 12:54:03,2026-08-16 10:54:03,180.0,exakt,influx_switch
Reihe 3,2026-08-16 12:54:03,2026-08-16 10:54:03,180.0,exakt,influx_switch
Reihe 1,2026-08-16 13:04:33,2026-08-16 11:04:33,12.0,exakt,influx_switch
Reihe 3,2026-08-16 13:33:33,2026-08-16 11:33:33,180.0,exakt,influx_switch
Reihe 1,2026-08-16 13:35:03,2026-08-16 11:35:03,12.0,exakt,influx_switch
Randreihe,2026-08-16 13:41:33,2026-08-16 11:41:33,180.0,exakt,influx_switch
Reihe 2,2026-08-16 13:41:33,2026-08-16 11:41:33,180.0,exakt,influx_switch
Reihe 1,2026-08-16 14:05:33,2026-08-16 12:05:33,12.0,exakt,influx_switch
Reihe 3,2026-08-16 14:05:33,2026-08-16 12:05:33,180.0,exakt,influx_switch
Randreihe,2026-08-16 14:20:33,2026-08-16 12:20:33,180.0,exakt,influx_switch
Reihe 2,2026-08-16 14:20:33,2026-08-16 12:20:33,180.0,exakt,influx_switch
Reihe 1,2026-08-16 14:36:03,2026-08-16 12:36:03,12.0,exakt,influx_switch
Reihe 3,2026-08-16 14:40:03,2026-08-16 12:40:03,180.0,exakt,influx_switch
Randreihe,2026-08-16 15:05:33,2026-08-16 13:05:33,180.0,exakt,influx_switch
Reihe 2,2026-08-16 15:05:33,2026-08-16 13:05:33,180.0,exakt,influx_switch
Reihe 1,2026-08-16 15:06:03,2026-08-16 13:06:03,12.0,exakt,influx_switch
Reihe 3,2026-08-16 15:15:33,2026-08-16 13:15:33,180.0,exakt,influx_switch
Reihe 1,2026-08-16 15:36:03,2026-08-16 13:36:03,12.0,exakt,influx_switch
Reihe 3,2026-08-16 15:58:03,2026-08-16 13:58:03,180.0,exakt,influx_switch
Randreihe,2026-08-16 15:58:33,2026-08-16 13:58:33,180.0,exakt,influx_switch
Reihe 2,2026-08-16 15:58:33,2026-08-16 13:58:33,180.0,exakt,influx_switch
Randreihe,2026-08-16 16:00:00,2026-08-16 14:00:00,151,stunde_rekonstruiert,ha_lts_power_energy
Reihe 2,2026-08-16 16:00:00,2026-08-16 14:00:00,152,stunde_rekonstruiert,ha_lts_power_energy
Reihe 3,2026-08-16 16:00:00,2026-08-16 14:00:00,122,stunde_rekonstruiert,ha_lts_power_energy
Reihe 1,2026-08-16 16:06:33,2026-08-16 14:06:33,12.0,exakt,influx_switch
Reihe 1,2026-08-16 16:37:03,2026-08-16 14:37:03,12.0,exakt,influx_switch
Reihe 3,2026-08-16 17:03:03,2026-08-16 15:03:03,180.0,exakt,influx_switch
Reihe 1,2026-08-16 17:07:33,2026-08-16 15:07:33,12.0,exakt,influx_switch
Randreihe,2026-08-16 17:22:33,2026-08-16 15:22:33,180.0,exakt,influx_switch
Reihe 2,2026-08-16 17:22:33,2026-08-16 15:22:33,180.0,exakt,influx_switch
Reihe 1,2026-08-16 17:37:33,2026-08-16 15:37:33,12.0,exakt,influx_switch
Reihe 1,2026-08-16 18:07:33,2026-08-16 16:07:33,12.0,exakt,influx_switch
Reihe 1,2026-08-16 18:38:03,2026-08-16 16:38:03,12.0,exakt,influx_switch
Reihe 1,2026-08-16 19:08:03,2026-08-16 17:08:03,12.0,exakt,influx_switch
Reihe 1,2026-08-16 19:38:33,2026-08-16 17:38:33,12.0,exakt,influx_switch
Reihe 1,2026-08-16 20:09:03,2026-08-16 18:09:03,12.0,exakt,influx_switch
Reihe 1,2026-08-16 20:39:33,2026-08-16 18:39:33,12.0,exakt,influx_switch
Reihe 1,2026-08-17 06:00:04,2026-08-17 04:00:04,12.0,exakt,influx_switch
Reihe 1,2026-08-17 06:30:34,2026-08-17 04:30:34,12.0,exakt,influx_switch
Randreihe,2026-08-17 07:00:04,2026-08-17 05:00:04,180.0,exakt,influx_switch
Reihe 2,2026-08-17 07:00:04,2026-08-17 05:00:04,180.0,exakt,influx_switch
Reihe 3,2026-08-17 07:00:04,2026-08-17 05:00:04,180.0,exakt,influx_switch
Reihe 1,2026-08-17 07:00:34,2026-08-17 05:00:34,12.0,exakt,influx_switch
Reihe 1,2026-08-17 07:31:04,2026-08-17 05:31:04,12.0,exakt,influx_switch
Reihe 1,2026-08-17 08:01:34,2026-08-17 06:01:34,12.0,exakt,influx_switch
Reihe 1,2026-08-17 08:32:04,2026-08-17 06:32:04,12.0,exakt,influx_switch
Randreihe,2026-08-17 09:00:34,2026-08-17 07:00:34,180.0,exakt,influx_switch
Reihe 2,2026-08-17 09:00:34,2026-08-17 07:00:34,180.0,exakt,influx_switch
Reihe 3,2026-08-17 09:00:34,2026-08-17 07:00:34,180.0,exakt,influx_switch
Reihe 1,2026-08-17 09:02:04,2026-08-17 07:02:04,12.0,exakt,influx_switch
Reihe 1,2026-08-17 09:32:34,2026-08-17 07:32:34,12.0,exakt,influx_switch
Reihe 1,2026-08-17 10:02:34,2026-08-17 08:02:34,12.0,exakt,influx_switch
Reihe 1,2026-08-17 10:33:04,2026-08-17 08:33:04,12.0,exakt,influx_switch
Reihe 3,2026-08-17 10:38:34,2026-08-17 08:38:34,180.0,exakt,influx_switch
Randreihe,2026-08-17 11:01:04,2026-08-17 09:01:04,180.0,exakt,influx_switch
Reihe 2,2026-08-17 11:01:04,2026-08-17 09:01:04,180.0,exakt,influx_switch
Reihe 1,2026-08-17 11:03:04,2026-08-17 09:03:04,12.0,exakt,influx_switch
Reihe 1,2026-08-17 11:33:04,2026-08-17 09:33:04,12.0,exakt,influx_switch
Reihe 1,2026-08-17 12:03:34,2026-08-17 10:03:34,12.0,exakt,influx_switch
Reihe 3,2026-08-17 12:08:04,2026-08-17 10:08:04,180.0,exakt,influx_switch
Randreihe,2026-08-17 12:22:34,2026-08-17 10:22:34,180.0,exakt,influx_switch
Reihe 2,2026-08-17 12:22:34,2026-08-17 10:22:34,180.0,exakt,influx_switch
Reihe 1,2026-08-17 12:34:04,2026-08-17 10:34:04,12.0,exakt,influx_switch
Reihe 3,2026-08-17 12:54:34,2026-08-17 10:54:34,180.0,exakt,influx_switch
Reihe 1,2026-08-17 13:04:34,2026-08-17 11:04:34,12.0,exakt,influx_switch
Randreihe,2026-08-17 13:22:04,2026-08-17 11:22:04,180.0,exakt,influx_switch
Reihe 2,2026-08-17 13:22:04,2026-08-17 11:22:04,180.0,exakt,influx_switch
Reihe 1,2026-08-17 13:35:04,2026-08-17 11:35:04,12.0,exakt,influx_switch
Reihe 3,2026-08-17 13:47:34,2026-08-17 11:47:34,180.0,exakt,influx_switch
Reihe 1,2026-08-17 14:05:04,2026-08-17 12:05:04,12.0,exakt,influx_switch
Reihe 1,2026-08-17 14:35:04,2026-08-17 12:35:04,12.0,exakt,influx_switch
Randreihe,2026-08-17 14:38:34,2026-08-17 12:38:34,180.0,exakt,influx_switch
Reihe 2,2026-08-17 14:38:34,2026-08-17 12:38:34,180.0,exakt,influx_switch
Reihe 3,2026-08-17 14:42:04,2026-08-17 12:42:04,180.0,exakt,influx_switch
Reihe 1,2026-08-17 15:05:04,2026-08-17 13:05:04,12.0,exakt,influx_switch
Reihe 3,2026-08-17 15:21:04,2026-08-17 13:21:04,180.0,exakt,influx_switch
Randreihe,2026-08-17 15:25:04,2026-08-17 13:25:04,180.0,exakt,influx_switch
Reihe 2,2026-08-17 15:25:04,2026-08-17 13:25:04,180.0,exakt,influx_switch
Reihe 1,2026-08-17 15:35:34,2026-08-17 13:35:34,12.0,exakt,influx_switch
Reihe 3,2026-08-17 16:02:34,2026-08-17 14:02:34,180.0,exakt,influx_switch
Reihe 1,2026-08-17 16:06:04,2026-08-17 14:06:04,12.0,exakt,influx_switch
Randreihe,2026-08-17 16:28:34,2026-08-17 14:28:34,180.0,exakt,influx_switch
Reihe 2,2026-08-17 16:28:34,2026-08-17 14:28:34,180.0,exakt,influx_switch
Reihe 1,2026-08-17 16:36:34,2026-08-17 14:36:34,12.0,exakt,influx_switch
Reihe 1,2026-08-17 17:07:04,2026-08-17 15:07:04,12.0,exakt,influx_switch
Reihe 3,2026-08-17 17:12:04,2026-08-17 15:12:04,180.0,exakt,influx_switch
Reihe 1,2026-08-17 17:37:04,2026-08-17 15:37:04,12.0,exakt,influx_switch
Reihe 1,2026-08-17 18:07:34,2026-08-17 16:07:34,12.0,exakt,influx_switch
Reihe 1,2026-08-17 18:38:04,2026-08-17 16:38:04,12.0,exakt,influx_switch
Reihe 1,2026-08-17 19:08:34,2026-08-17 17:08:34,12.0,exakt,influx_switch
Reihe 1,2026-08-17 19:38:34,2026-08-17 17:38:34,12.0,exakt,influx_switch
Reihe 1,2026-08-17 20:09:04,2026-08-17 18:09:04,12.0,exakt,influx_switch
Reihe 1,2026-08-17 20:39:04,2026-08-17 18:39:04,12.0,exakt,influx_switch
Reihe 1,2026-08-18 06:00:04,2026-08-18 04:00:04,12.0,exakt,influx_switch
Reihe 1,2026-08-18 06:30:04,2026-08-18 04:30:04,12.0,exakt,influx_switch
Randreihe,2026-08-18 07:00:04,2026-08-18 05:00:04,180.0,exakt,influx_switch
Reihe 1,2026-08-18 07:00:04,2026-08-18 05:00:04,12.0,exakt,influx_switch
Reihe 2,2026-08-18 07:00:04,2026-08-18 05:00:04,180.0,exakt,influx_switch
Reihe 3,2026-08-18 07:00:04,2026-08-18 05:00:04,180.0,exakt,influx_switch
Reihe 1,2026-08-18 07:30:34,2026-08-18 05:30:34,12.0,exakt,influx_switch
Reihe 1,2026-08-18 08:00:34,2026-08-18 06:00:34,12.0,exakt,influx_switch
Reihe 1,2026-08-18 08:31:04,2026-08-18 06:31:04,12.0,exakt,influx_switch
Randreihe,2026-08-18 09:00:34,2026-08-18 07:00:34,180.0,exakt,influx_switch
Reihe 2,2026-08-18 09:00:34,2026-08-18 07:00:34,180.0,exakt,influx_switch
Reihe 3,2026-08-18 09:00:34,2026-08-18 07:00:34,180.0,exakt,influx_switch
Reihe 1,2026-08-18 09:01:04,2026-08-18 07:01:04,12.0,exakt,influx_switch
Reihe 1,2026-08-18 09:31:34,2026-08-18 07:31:34,12.0,exakt,influx_switch
Reihe 1,2026-08-18 10:02:04,2026-08-18 08:02:04,12.0,exakt,influx_switch
Reihe 1,2026-08-18 10:32:34,2026-08-18 08:32:34,12.0,exakt,influx_switch
Randreihe,2026-08-18 11:01:04,2026-08-18 09:01:04,180.0,exakt,influx_switch
Reihe 2,2026-08-18 11:01:04,2026-08-18 09:01:04,180.0,exakt,influx_switch
Reihe 3,2026-08-18 11:01:04,2026-08-18 09:01:04,180.0,exakt,influx_switch
Reihe 1,2026-08-18 11:03:04,2026-08-18 09:03:04,12.0,exakt,influx_switch
Reihe 1,2026-08-18 11:33:34,2026-08-18 09:33:34,12.0,exakt,influx_switch
Reihe 1,2026-08-18 12:03:34,2026-08-18 10:03:34,12.0,exakt,influx_switch
Reihe 1,2026-08-18 12:33:34,2026-08-18 10:33:34,12.0,exakt,influx_switch
Randreihe,2026-08-18 13:01:34,2026-08-18 11:01:34,180.0,exakt,influx_switch
Reihe 2,2026-08-18 13:01:34,2026-08-18 11:01:34,180.0,exakt,influx_switch
Reihe 3,2026-08-18 13:01:34,2026-08-18 11:01:34,180.0,exakt,influx_switch
Reihe 1,2026-08-18 13:03:34,2026-08-18 11:03:34,12.0,exakt,influx_switch
Reihe 1,2026-08-18 13:34:04,2026-08-18 11:34:04,12.0,exakt,influx_switch
Reihe 1,2026-08-18 14:04:04,2026-08-18 12:04:04,12.0,exakt,influx_switch
Reihe 1,2026-08-18 14:34:34,2026-08-18 12:34:34,12.0,exakt,influx_switch
Reihe 3,2026-08-18 14:56:34,2026-08-18 12:56:34,180.0,exakt,influx_switch
Randreihe,2026-08-18 15:02:04,2026-08-18 13:02:04,180.0,exakt,influx_switch
Reihe 2,2026-08-18 15:02:04,2026-08-18 13:02:04,180.0,exakt,influx_switch
Reihe 1,2026-08-18 15:04:34,2026-08-18 13:04:34,12.0,exakt,influx_switch
Reihe 1,2026-08-18 15:35:04,2026-08-18 13:35:04,12.0,exakt,influx_switch
Reihe 3,2026-08-18 16:05:04,2026-08-18 14:05:04,180.0,exakt,influx_switch
Reihe 1,2026-08-18 16:05:34,2026-08-18 14:05:34,12.0,exakt,influx_switch
Reihe 1,2026-08-18 16:35:34,2026-08-18 14:35:34,12.0,exakt,influx_switch
Randreihe,2026-08-18 17:02:04,2026-08-18 15:02:04,180.0,exakt,influx_switch
Reihe 2,2026-08-18 17:02:34,2026-08-18 15:02:34,180.0,exakt,influx_switch
Reihe 1,2026-08-18 17:06:04,2026-08-18 15:06:04,12.0,exakt,influx_switch
Reihe 1,2026-08-18 17:36:34,2026-08-18 15:36:34,12.0,exakt,influx_switch
Reihe 1,2026-08-18 18:07:04,2026-08-18 16:07:04,12.0,exakt,influx_switch
Reihe 1,2026-08-18 18:37:34,2026-08-18 16:37:34,12.0,exakt,influx_switch
Reihe 1,2026-08-18 19:08:04,2026-08-18 17:08:04,12.0,exakt,influx_switch
Reihe 1,2026-08-18 19:38:34,2026-08-18 17:38:34,12.0,exakt,influx_switch
Reihe 1,2026-08-18 20:09:04,2026-08-18 18:09:04,12.0,exakt,influx_switch
Reihe 1,2026-08-18 20:39:04,2026-08-18 18:39:04,12.0,exakt,influx_switch
Reihe 1,2026-08-19 06:00:04,2026-08-19 04:00:04,12.0,exakt,influx_switch
Reihe 1,2026-08-19 06:30:34,2026-08-19 04:30:34,12.0,exakt,influx_switch
Randreihe,2026-08-19 07:00:04,2026-08-19 05:00:04,180.0,exakt,influx_switch
Reihe 2,2026-08-19 07:00:04,2026-08-19 05:00:04,180.0,exakt,influx_switch
Reihe 3,2026-08-19 07:00:04,2026-08-19 05:00:04,180.0,exakt,influx_switch
Reihe 1,2026-08-19 07:01:04,2026-08-19 05:01:04,12.0,exakt,influx_switch
Reihe 1,2026-08-19 07:31:34,2026-08-19 05:31:34,12.0,exakt,influx_switch
Reihe 1,2026-08-19 08:02:04,2026-08-19 06:02:04,12.0,exakt,influx_switch
Reihe 1,2026-08-19 08:32:34,2026-08-19 06:32:34,12.0,exakt,influx_switch
Randreihe,2026-08-19 09:00:34,2026-08-19 07:00:34,180.0,exakt,influx_switch
Reihe 2,2026-08-19 09:00:34,2026-08-19 07:00:34,180.0,exakt,influx_switch
Reihe 3,2026-08-19 09:00:34,2026-08-19 07:00:34,180.0,exakt,influx_switch
Reihe 1,2026-08-19 09:03:04,2026-08-19 07:03:04,12.0,exakt,influx_switch
Reihe 1,2026-08-19 09:33:34,2026-08-19 07:33:34,12.0,exakt,influx_switch
Reihe 1,2026-08-19 10:04:04,2026-08-19 08:04:04,12.0,exakt,influx_switch
Reihe 1,2026-08-19 10:34:04,2026-08-19 08:34:04,12.0,exakt,influx_switch
Reihe 3,2026-08-19 10:46:04,2026-08-19 08:46:04,180.0,exakt,influx_switch
Randreihe,2026-08-19 10:56:34,2026-08-19 08:56:34,180.0,exakt,influx_switch
Reihe 2,2026-08-19 10:56:34,2026-08-19 08:56:34,180.0,exakt,influx_switch
Reihe 1,2026-08-19 11:04:34,2026-08-19 09:04:34,12.0,exakt,influx_switch
Reihe 3,2026-08-19 11:34:34,2026-08-19 09:34:34,180.0,exakt,influx_switch
Reihe 1,2026-08-19 11:35:04,2026-08-19 09:35:04,12.0,exakt,influx_switch
Randreihe,2026-08-19 11:55:04,2026-08-19 09:55:04,180.0,exakt,influx_switch
Reihe 2,2026-08-19 11:55:04,2026-08-19 09:55:04,180.0,exakt,influx_switch
Reihe 1,2026-08-19 12:05:04,2026-08-19 10:05:04,12.0,exakt,influx_switch
Reihe 3,2026-08-19 12:23:34,2026-08-19 10:23:34,180.0,exakt,influx_switch
Reihe 1,2026-08-19 12:35:34,2026-08-19 10:35:34,12.0,exakt,influx_switch
Randreihe,2026-08-19 12:51:34,2026-08-19 10:51:34,180.0,exakt,influx_switch
Reihe 2,2026-08-19 12:51:34,2026-08-19 10:51:34,180.0,exakt,influx_switch
Reihe 3,2026-08-19 13:04:04,2026-08-19 11:04:04,180.0,exakt,influx_switch
Reihe 1,2026-08-19 13:05:34,2026-08-19 11:05:34,12.0,exakt,influx_switch
Reihe 1,2026-08-19 13:36:04,2026-08-19 11:36:04,12.0,exakt,influx_switch
Reihe 1,2026-08-19 14:06:34,2026-08-19 12:06:34,12.0,exakt,influx_switch
Reihe 3,2026-08-19 14:07:04,2026-08-19 12:07:04,180.0,exakt,influx_switch
Randreihe,2026-08-19 14:08:34,2026-08-19 12:08:34,180.0,exakt,influx_switch
Reihe 2,2026-08-19 14:08:34,2026-08-19 12:08:34,180.0,exakt,influx_switch
Reihe 1,2026-08-19 14:37:04,2026-08-19 12:37:04,12.0,exakt,influx_switch
Reihe 3,2026-08-19 14:53:34,2026-08-19 12:53:34,180.0,exakt,influx_switch
Randreihe,2026-08-19 15:01:04,2026-08-19 13:01:04,180.0,exakt,influx_switch
Reihe 2,2026-08-19 15:01:04,2026-08-19 13:01:04,180.0,exakt,influx_switch
Reihe 1,2026-08-19 15:07:04,2026-08-19 13:07:04,12.0,exakt,influx_switch
Reihe 3,2026-08-19 15:23:04,2026-08-19 13:23:04,180.0,exakt,influx_switch
Reihe 1,2026-08-19 15:37:34,2026-08-19 13:37:34,12.0,exakt,influx_switch
Randreihe,2026-08-19 15:51:04,2026-08-19 13:51:04,180.0,exakt,influx_switch
Reihe 2,2026-08-19 15:51:04,2026-08-19 13:51:04,180.0,exakt,influx_switch
Reihe 1,2026-08-19 16:07:34,2026-08-19 14:07:34,12.0,exakt,influx_switch
Reihe 3,2026-08-19 16:36:04,2026-08-19 14:36:04,180.0,exakt,influx_switch
Reihe 1,2026-08-19 16:38:04,2026-08-19 14:38:04,12.0,exakt,influx_switch
Reihe 1,2026-08-19 17:08:34,2026-08-19 15:08:34,12.0,exakt,influx_switch
Randreihe,2026-08-19 17:11:04,2026-08-19 15:11:04,180.0,exakt,influx_switch
Reihe 2,2026-08-19 17:11:04,2026-08-19 15:11:04,180.0,exakt,influx_switch
Reihe 3,2026-08-19 17:22:04,2026-08-19 15:22:04,180.0,exakt,influx_switch
Reihe 1,2026-08-19 17:38:34,2026-08-19 15:38:34,12.0,exakt,influx_switch
Reihe 1,2026-08-19 18:09:04,2026-08-19 16:09:04,12.0,exakt,influx_switch
Reihe 1,2026-08-19 18:39:04,2026-08-19 16:39:04,12.0,exakt,influx_switch
Reihe 1,2026-08-19 19:09:34,2026-08-19 17:09:34,12.0,exakt,influx_switch
Reihe 1,2026-08-19 19:40:04,2026-08-19 17:40:04,12.0,exakt,influx_switch
Reihe 1,2026-08-19 20:10:34,2026-08-19 18:10:34,12.0,exakt,influx_switch
Reihe 1,2026-08-19 20:40:34,2026-08-19 18:40:34,12.0,exakt,influx_switch
Reihe 1,2026-08-20 06:00:04,2026-08-20 04:00:04,12.0,exakt,influx_switch
Reihe 1,2026-08-20 06:30:34,2026-08-20 04:30:34,12.0,exakt,influx_switch
Randreihe,2026-08-20 07:00:04,2026-08-20 05:00:04,180.0,exakt,influx_switch
Reihe 2,2026-08-20 07:00:04,2026-08-20 05:00:04,180.0,exakt,influx_switch
Reihe 3,2026-08-20 07:00:04,2026-08-20 05:00:04,180.0,exakt,influx_switch
Reihe 1,2026-08-20 07:00:34,2026-08-20 05:00:34,12.0,exakt,influx_switch
Reihe 1,2026-08-20 07:31:04,2026-08-20 05:31:04,12.0,exakt,influx_switch
Reihe 1,2026-08-20 08:01:34,2026-08-20 06:01:34,12.0,exakt,influx_switch
Reihe 1,2026-08-20 08:31:34,2026-08-20 06:31:34,12.0,exakt,influx_switch
Randreihe,2026-08-20 09:00:34,2026-08-20 07:00:34,180.0,exakt,influx_switch
Reihe 2,2026-08-20 09:00:34,2026-08-20 07:00:34,180.0,exakt,influx_switch
Reihe 3,2026-08-20 09:00:34,2026-08-20 07:00:34,180.0,exakt,influx_switch
Reihe 1,2026-08-20 09:02:04,2026-08-20 07:02:04,12.0,exakt,influx_switch
Reihe 1,2026-08-20 09:32:34,2026-08-20 07:32:34,12.0,exakt,influx_switch
Reihe 1,2026-08-20 10:03:04,2026-08-20 08:03:04,12.0,exakt,influx_switch
Reihe 3,2026-08-20 10:27:04,2026-08-20 08:27:04,180.0,exakt,influx_switch
Reihe 1,2026-08-20 10:33:34,2026-08-20 08:33:34,12.0,exakt,influx_switch
Randreihe,2026-08-20 10:49:34,2026-08-20 08:49:34,180.0,exakt,influx_switch
Reihe 2,2026-08-20 10:49:34,2026-08-20 08:49:34,180.0,exakt,influx_switch
Reihe 1,2026-08-20 11:03:34,2026-08-20 09:03:34,12.0,exakt,influx_switch
Reihe 1,2026-08-20 11:34:04,2026-08-20 09:34:04,12.0,exakt,influx_switch
Reihe 3,2026-08-20 11:40:34,2026-08-20 09:40:34,180.0,exakt,influx_switch
Reihe 1,2026-08-20 12:04:34,2026-08-20 10:04:34,12.0,exakt,influx_switch
Randreihe,2026-08-20 12:19:04,2026-08-20 10:19:04,180.0,exakt,influx_switch
Reihe 2,2026-08-20 12:19:04,2026-08-20 10:19:04,180.0,exakt,influx_switch
Reihe 1,2026-08-20 12:35:04,2026-08-20 10:35:04,12.0,exakt,influx_switch
Reihe 3,2026-08-20 12:36:34,2026-08-20 10:36:34,180.0,exakt,influx_switch
Randreihe,2026-08-20 13:01:04,2026-08-20 11:01:04,180.0,exakt,influx_switch
Reihe 2,2026-08-20 13:01:04,2026-08-20 11:01:04,180.0,exakt,influx_switch
Reihe 1,2026-08-20 13:05:04,2026-08-20 11:05:04,12.0,exakt,influx_switch
Reihe 3,2026-08-20 13:07:04,2026-08-20 11:07:04,180.0,exakt,influx_switch
Randreihe,2026-08-20 13:33:34,2026-08-20 11:33:34,180.0,exakt,influx_switch
Reihe 2,2026-08-20 13:33:34,2026-08-20 11:33:34,180.0,exakt,influx_switch
Reihe 3,2026-08-20 13:34:04,2026-08-20 11:34:04,180.0,exakt,influx_switch
Reihe 1,2026-08-20 13:35:04,2026-08-20 11:35:04,12.0,exakt,influx_switch
Reihe 1,2026-08-20 14:05:34,2026-08-20 12:05:34,12.0,exakt,influx_switch
Reihe 3,2026-08-20 14:06:34,2026-08-20 12:06:34,180.0,exakt,influx_switch
Randreihe,2026-08-20 14:12:34,2026-08-20 12:12:34,180.0,exakt,influx_switch
Reihe 2,2026-08-20 14:12:34,2026-08-20 12:12:34,180.0,exakt,influx_switch
Reihe 1,2026-08-20 14:36:04,2026-08-20 12:36:04,12.0,exakt,influx_switch
Reihe 3,2026-08-20 14:38:34,2026-08-20 12:38:34,180.0,exakt,influx_switch
Randreihe,2026-08-20 14:54:34,2026-08-20 12:54:34,180.0,exakt,influx_switch
Reihe 2,2026-08-20 14:54:34,2026-08-20 12:54:34,180.0,exakt,influx_switch
Reihe 1,2026-08-20 15:06:04,2026-08-20 13:06:04,12.0,exakt,influx_switch
Reihe 3,2026-08-20 15:22:34,2026-08-20 13:22:34,180.0,exakt,influx_switch
Reihe 1,2026-08-20 15:36:04,2026-08-20 13:36:04,12.0,exakt,influx_switch
Randreihe,2026-08-20 16:00:04,2026-08-20 14:00:04,180.0,exakt,influx_switch
Reihe 2,2026-08-20 16:00:04,2026-08-20 14:00:04,180.0,exakt,influx_switch
Reihe 1,2026-08-20 16:06:34,2026-08-20 14:06:34,12.0,exakt,influx_switch
Reihe 3,2026-08-20 16:10:04,2026-08-20 14:10:04,180.0,exakt,influx_switch
Reihe 1,2026-08-20 16:36:34,2026-08-20 14:36:34,12.0,exakt,influx_switch
Randreihe,2026-08-20 16:45:34,2026-08-20 14:45:34,180.0,exakt,influx_switch
Reihe 2,2026-08-20 16:45:34,2026-08-20 14:45:34,180.0,exakt,influx_switch
Reihe 3,2026-08-20 16:46:34,2026-08-20 14:46:34,180.0,exakt,influx_switch
Reihe 1,2026-08-20 17:07:04,2026-08-20 15:07:04,12.0,exakt,influx_switch
Reihe 3,2026-08-20 17:35:04,2026-08-20 15:35:04,180.0,exakt,influx_switch
Reihe 1,2026-08-20 17:37:34,2026-08-20 15:37:34,12.0,exakt,influx_switch
Randreihe,2026-08-20 17:57:34,2026-08-20 15:57:34,180.0,exakt,influx_switch
Reihe 2,2026-08-20 17:57:34,2026-08-20 15:57:34,180.0,exakt,influx_switch
Randreihe,2026-08-20 18:00:00,2026-08-20 16:00:00,93,stunde_rekonstruiert,ha_lts_power_energy
Reihe 2,2026-08-20 18:00:00,2026-08-20 16:00:00,94,stunde_rekonstruiert,ha_lts_power_energy
Reihe 1,2026-08-20 18:08:04,2026-08-20 16:08:04,12.0,exakt,influx_switch
Reihe 1,2026-08-20 18:38:34,2026-08-20 16:38:34,12.0,exakt,influx_switch
Reihe 1,2026-08-20 19:09:04,2026-08-20 17:09:04,12.0,exakt,influx_switch
Reihe 1,2026-08-20 19:39:34,2026-08-20 17:39:34,12.0,exakt,influx_switch
Reihe 1,2026-08-20 20:09:34,2026-08-20 18:09:34,12.0,exakt,influx_switch
Reihe 1,2026-08-20 20:40:04,2026-08-20 18:40:04,12.0,exakt,influx_switch
Reihe 1,2026-08-21 06:00:04,2026-08-21 04:00:04,12.0,exakt,influx_switch
Reihe 1,2026-08-21 06:30:34,2026-08-21 04:30:34,12.0,exakt,influx_switch
Randreihe,2026-08-21 07:00:04,2026-08-21 05:00:04,180.0,exakt,influx_switch
Reihe 2,2026-08-21 07:00:04,2026-08-21 05:00:04,180.0,exakt,influx_switch
Reihe 3,2026-08-21 07:00:04,2026-08-21 05:00:04,180.0,exakt,influx_switch
Reihe 1,2026-08-21 07:01:04,2026-08-21 05:01:04,12.0,exakt,influx_switch
Reihe 1,2026-08-21 07:31:34,2026-08-21 05:31:34,12.0,exakt,influx_switch
Reihe 1,2026-08-21 08:02:04,2026-08-21 06:02:04,12.0,exakt,influx_switch
Reihe 1,2026-08-21 08:32:04,2026-08-21 06:32:04,12.0,exakt,influx_switch
Randreihe,2026-08-21 09:00:34,2026-08-21 07:00:34,180.0,exakt,influx_switch
Reihe 2,2026-08-21 09:00:34,2026-08-21 07:00:34,180.0,exakt,influx_switch
Reihe 3,2026-08-21 09:00:34,2026-08-21 07:00:34,180.0,exakt,influx_switch
Reihe 1,2026-08-21 09:02:04,2026-08-21 07:02:04,12.0,exakt,influx_switch
Reihe 1,2026-08-21 09:32:34,2026-08-21 07:32:34,12.0,exakt,influx_switch
Reihe 1,2026-08-21 10:02:34,2026-08-21 08:02:34,12.0,exakt,influx_switch
Reihe 1,2026-08-21 10:32:34,2026-08-21 08:32:34,12.0,exakt,influx_switch
Randreihe,2026-08-21 11:01:04,2026-08-21 09:01:04,180.0,exakt,influx_switch
Reihe 2,2026-08-21 11:01:04,2026-08-21 09:01:04,180.0,exakt,influx_switch
Reihe 3,2026-08-21 11:01:04,2026-08-21 09:01:04,180.0,exakt,influx_switch
Reihe 1,2026-08-21 11:03:04,2026-08-21 09:03:04,12.0,exakt,influx_switch
Reihe 1,2026-08-21 11:33:34,2026-08-21 09:33:34,12.0,exakt,influx_switch
Reihe 1,2026-08-21 12:04:04,2026-08-21 10:04:04,12.0,exakt,influx_switch
Reihe 1,2026-08-21 12:34:04,2026-08-21 10:34:04,12.0,exakt,influx_switch
Randreihe,2026-08-21 13:01:34,2026-08-21 11:01:34,180.0,exakt,influx_switch
Reihe 2,2026-08-21 13:01:34,2026-08-21 11:01:34,180.0,exakt,influx_switch
Reihe 3,2026-08-21 13:01:34,2026-08-21 11:01:34,180.0,exakt,influx_switch
Reihe 1,2026-08-21 13:04:04,2026-08-21 11:04:04,12.0,exakt,influx_switch
Reihe 1,2026-08-21 13:34:34,2026-08-21 11:34:34,12.0,exakt,influx_switch
Reihe 1,2026-08-21 14:04:34,2026-08-21 12:04:34,12.0,exakt,influx_switch
Reihe 1,2026-08-21 14:35:04,2026-08-21 12:35:04,12.0,exakt,influx_switch
Randreihe,2026-08-21 15:02:04,2026-08-21 13:02:04,180.0,exakt,influx_switch
Reihe 2,2026-08-21 15:02:04,2026-08-21 13:02:04,180.0,exakt,influx_switch
Reihe 3,2026-08-21 15:02:04,2026-08-21 13:02:04,180.0,exakt,influx_switch
Reihe 1,2026-08-21 15:05:34,2026-08-21 13:05:34,12.0,exakt,influx_switch
Reihe 1,2026-08-21 15:36:04,2026-08-21 13:36:04,12.0,exakt,influx_switch
Reihe 1,2026-08-21 16:06:34,2026-08-21 14:06:34,12.0,exakt,influx_switch
Reihe 1,2026-08-21 16:37:04,2026-08-21 14:37:04,12.0,exakt,influx_switch
Randreihe,2026-08-21 17:02:34,2026-08-21 15:02:34,180.0,exakt,influx_switch
Reihe 2,2026-08-21 17:02:34,2026-08-21 15:02:34,180.0,exakt,influx_switch
Reihe 3,2026-08-21 17:02:34,2026-08-21 15:02:34,180.0,exakt,influx_switch
Reihe 1,2026-08-21 17:07:34,2026-08-21 15:07:34,12.0,exakt,influx_switch
Reihe 1,2026-08-21 17:38:04,2026-08-21 15:38:04,12.0,exakt,influx_switch
Reihe 1,2026-08-21 18:08:04,2026-08-21 16:08:04,12.0,exakt,influx_switch
Reihe 1,2026-08-21 18:38:04,2026-08-21 16:38:04,12.0,exakt,influx_switch
Reihe 1,2026-08-21 19:08:34,2026-08-21 17:08:34,12.0,exakt,influx_switch
Reihe 1,2026-08-21 19:38:34,2026-08-21 17:38:34,12.0,exakt,influx_switch
Reihe 1,2026-08-21 20:09:04,2026-08-21 18:09:04,12.0,exakt,influx_switch
Reihe 1,2026-08-21 20:39:34,2026-08-21 18:39:34,12.0,exakt,influx_switch
Reihe 1,2026-08-22 06:00:04,2026-08-22 04:00:04,12.0,exakt,influx_switch
Reihe 1,2026-08-22 06:30:34,2026-08-22 04:30:34,12.0,exakt,influx_switch
Randreihe,2026-08-22 07:00:04,2026-08-22 05:00:04,180.0,exakt,influx_switch
Reihe 2,2026-08-22 07:00:04,2026-08-22 05:00:04,180.0,exakt,influx_switch
Reihe 3,2026-08-22 07:00:04,2026-08-22 05:00:04,180.0,exakt,influx_switch
Reihe 1,2026-08-22 07:01:04,2026-08-22 05:01:04,12.0,exakt,influx_switch
Reihe 1,2026-08-22 07:31:34,2026-08-22 05:31:34,12.0,exakt,influx_switch
Reihe 1,2026-08-22 08:02:04,2026-08-22 06:02:04,12.0,exakt,influx_switch
Reihe 1,2026-08-22 08:32:34,2026-08-22 06:32:34,12.0,exakt,influx_switch
Randreihe,2026-08-22 09:00:34,2026-08-22 07:00:34,180.0,exakt,influx_switch
Reihe 2,2026-08-22 09:00:34,2026-08-22 07:00:34,180.0,exakt,influx_switch
Reihe 3,2026-08-22 09:00:34,2026-08-22 07:00:34,180.0,exakt,influx_switch
Reihe 1,2026-08-22 09:02:34,2026-08-22 07:02:34,12.0,exakt,influx_switch
Reihe 1,2026-08-22 09:32:34,2026-08-22 07:32:34,12.0,exakt,influx_switch
Reihe 1,2026-08-22 10:03:04,2026-08-22 08:03:04,12.0,exakt,influx_switch
Reihe 1,2026-08-22 10:33:34,2026-08-22 08:33:34,12.0,exakt,influx_switch
Reihe 3,2026-08-22 10:42:04,2026-08-22 08:42:04,180.0,exakt,influx_switch
Randreihe,2026-08-22 11:01:04,2026-08-22 09:01:04,180.0,exakt,influx_switch
Reihe 2,2026-08-22 11:01:04,2026-08-22 09:01:04,180.0,exakt,influx_switch
Reihe 1,2026-08-22 11:03:34,2026-08-22 09:03:34,12.0,exakt,influx_switch
Reihe 1,2026-08-22 11:34:04,2026-08-22 09:34:04,12.0,exakt,influx_switch
Reihe 3,2026-08-22 11:52:34,2026-08-22 09:52:34,180.0,exakt,influx_switch
Reihe 1,2026-08-22 12:04:34,2026-08-22 10:04:34,12.0,exakt,influx_switch
Randreihe,2026-08-22 12:09:34,2026-08-22 10:09:34,180.0,exakt,influx_switch
Reihe 2,2026-08-22 12:09:34,2026-08-22 10:09:34,180.0,exakt,influx_switch
Reihe 1,2026-08-22 12:35:04,2026-08-22 10:35:04,12.0,exakt,influx_switch
Reihe 3,2026-08-22 13:01:34,2026-08-22 11:01:34,180.0,exakt,influx_switch
Reihe 1,2026-08-22 13:05:34,2026-08-22 11:05:34,12.0,exakt,influx_switch
Reihe 1,2026-08-22 13:36:04,2026-08-22 11:36:04,12.0,exakt,influx_switch
Reihe 1,2026-08-22 14:06:04,2026-08-22 12:06:04,12.0,exakt,influx_switch
Randreihe,2026-08-22 14:08:04,2026-08-22 12:08:04,180.0,exakt,influx_switch
Reihe 2,2026-08-22 14:08:04,2026-08-22 12:08:04,180.0,exakt,influx_switch
Reihe 3,2026-08-22 14:33:04,2026-08-22 12:33:04,180.0,exakt,influx_switch
Reihe 1,2026-08-22 14:36:04,2026-08-22 12:36:04,12.0,exakt,influx_switch
Reihe 1,2026-08-22 15:06:34,2026-08-22 13:06:34,12.0,exakt,influx_switch
Randreihe,2026-08-22 15:08:34,2026-08-22 13:08:34,180.0,exakt,influx_switch
Reihe 2,2026-08-22 15:08:34,2026-08-22 13:08:34,180.0,exakt,influx_switch
Reihe 3,2026-08-22 15:09:04,2026-08-22 13:09:04,180.0,exakt,influx_switch
Reihe 1,2026-08-22 15:36:34,2026-08-22 13:36:34,12.0,exakt,influx_switch
Reihe 3,2026-08-22 16:03:04,2026-08-22 14:03:04,180.0,exakt,influx_switch
Reihe 1,2026-08-22 16:07:04,2026-08-22 14:07:04,12.0,exakt,influx_switch
Randreihe,2026-08-22 16:18:34,2026-08-22 14:18:34,180.0,exakt,influx_switch
Reihe 2,2026-08-22 16:18:34,2026-08-22 14:18:34,180.0,exakt,influx_switch
Reihe 1,2026-08-22 16:37:34,2026-08-22 14:37:34,12.0,exakt,influx_switch
Reihe 1,2026-08-22 17:08:04,2026-08-22 15:08:04,12.0,exakt,influx_switch
Reihe 3,2026-08-22 17:28:04,2026-08-22 15:28:04,180.0,exakt,influx_switch
Reihe 1,2026-08-22 17:38:34,2026-08-22 15:38:34,12.0,exakt,influx_switch
Reihe 1,2026-08-22 18:08:34,2026-08-22 16:08:34,12.0,exakt,influx_switch
Reihe 1,2026-08-22 18:39:04,2026-08-22 16:39:04,12.0,exakt,influx_switch
Reihe 1,2026-08-22 19:09:34,2026-08-22 17:09:34,12.0,exakt,influx_switch
Reihe 1,2026-08-22 19:40:04,2026-08-22 17:40:04,12.0,exakt,influx_switch
Reihe 1,2026-08-22 20:10:34,2026-08-22 18:10:34,12.0,exakt,influx_switch
Reihe 1,2026-08-22 20:41:04,2026-08-22 18:41:04,12.0,exakt,influx_switch
Reihe 1,2026-08-23 06:00:04,2026-08-23 04:00:04,12.0,exakt,influx_switch
Reihe 1,2026-08-23 06:30:34,2026-08-23 04:30:34,12.0,exakt,influx_switch
Randreihe,2026-08-23 07:00:04,2026-08-23 05:00:04,180.0,exakt,influx_switch
Reihe 2,2026-08-23 07:00:04,2026-08-23 05:00:04,180.0,exakt,influx_switch
Reihe 3,2026-08-23 07:00:04,2026-08-23 05:00:04,180.0,exakt,influx_switch
Reihe 1,2026-08-23 07:01:04,2026-08-23 05:01:04,12.0,exakt,influx_switch
Reihe 1,2026-08-23 07:31:34,2026-08-23 05:31:34,12.0,exakt,influx_switch
Reihe 1,2026-08-23 08:02:04,2026-08-23 06:02:04,12.0,exakt,influx_switch
Reihe 1,2026-08-23 08:32:34,2026-08-23 06:32:34,12.0,exakt,influx_switch
Randreihe,2026-08-23 09:00:04,2026-08-23 07:00:04,180.0,exakt,influx_switch
Reihe 2,2026-08-23 09:00:34,2026-08-23 07:00:34,180.0,exakt,influx_switch
Reihe 3,2026-08-23 09:00:34,2026-08-23 07:00:34,180.0,exakt,influx_switch
Reihe 1,2026-08-23 09:03:04,2026-08-23 07:03:04,12.0,exakt,influx_switch
Reihe 1,2026-08-23 09:33:04,2026-08-23 07:33:04,12.0,exakt,influx_switch
Reihe 1,2026-08-23 10:03:34,2026-08-23 08:03:34,12.0,exakt,influx_switch
Reihe 1,2026-08-23 10:33:34,2026-08-23 08:33:34,12.0,exakt,influx_switch
Reihe 3,2026-08-23 10:47:34,2026-08-23 08:47:34,180.0,exakt,influx_switch
Randreihe,2026-08-23 10:58:05,2026-08-23 08:58:05,180.0,exakt,influx_switch
Reihe 2,2026-08-23 10:58:05,2026-08-23 08:58:05,180.0,exakt,influx_switch
Reihe 1,2026-08-23 11:03:35,2026-08-23 09:03:35,12.0,exakt,influx_switch
Reihe 1,2026-08-23 11:34:05,2026-08-23 09:34:05,12.0,exakt,influx_switch
Reihe 3,2026-08-23 11:37:05,2026-08-23 09:37:05,180.0,exakt,influx_switch
Randreihe,2026-08-23 11:54:05,2026-08-23 09:54:05,180.0,exakt,influx_switch
Reihe 2,2026-08-23 11:54:05,2026-08-23 09:54:05,180.0,exakt,influx_switch
Reihe 1,2026-08-23 12:04:35,2026-08-23 10:04:35,12.0,exakt,influx_switch
Reihe 3,2026-08-23 12:14:05,2026-08-23 10:14:05,180.0,exakt,influx_switch
Reihe 1,2026-08-23 12:35:05,2026-08-23 10:35:05,12.0,exakt,influx_switch
Randreihe,2026-08-23 12:45:05,2026-08-23 10:45:05,180.0,exakt,influx_switch
Reihe 2,2026-08-23 12:45:05,2026-08-23 10:45:05,180.0,exakt,influx_switch
Reihe 3,2026-08-23 13:01:05,2026-08-23 11:01:05,180.0,exakt,influx_switch
Reihe 1,2026-08-23 13:05:35,2026-08-23 11:05:35,12.0,exakt,influx_switch
Reihe 1,2026-08-23 13:35:35,2026-08-23 11:35:35,12.0,exakt,influx_switch
Randreihe,2026-08-23 13:43:05,2026-08-23 11:43:05,180.0,exakt,influx_switch
Reihe 2,2026-08-23 13:43:05,2026-08-23 11:43:05,180.0,exakt,influx_switch
Reihe 3,2026-08-23 13:43:35,2026-08-23 11:43:35,180.0,exakt,influx_switch
Reihe 1,2026-08-23 14:06:05,2026-08-23 12:06:05,12.0,exakt,influx_switch
Reihe 3,2026-08-23 14:30:35,2026-08-23 12:30:35,180.0,exakt,influx_switch
Randreihe,2026-08-23 14:36:05,2026-08-23 12:36:05,180.0,exakt,influx_switch
Reihe 2,2026-08-23 14:36:05,2026-08-23 12:36:05,180.0,exakt,influx_switch
Reihe 1,2026-08-23 14:36:35,2026-08-23 12:36:35,12.0,exakt,influx_switch
Reihe 3,2026-08-23 14:57:05,2026-08-23 12:57:05,180.0,exakt,influx_switch
Reihe 1,2026-08-23 15:07:05,2026-08-23 13:07:05,12.0,exakt,influx_switch
Randreihe,2026-08-23 15:10:05,2026-08-23 13:10:05,180.0,exakt,influx_switch
Reihe 2,2026-08-23 15:10:05,2026-08-23 13:10:05,180.0,exakt,influx_switch
Reihe 1,2026-08-23 15:37:35,2026-08-23 13:37:35,12.0,exakt,influx_switch
Reihe 3,2026-08-23 15:47:35,2026-08-23 13:47:35,180.0,exakt,influx_switch
Reihe 1,2026-08-23 16:08:05,2026-08-23 14:08:05,12.0,exakt,influx_switch
Randreihe,2026-08-23 16:36:05,2026-08-23 14:36:05,180.0,exakt,influx_switch
Reihe 2,2026-08-23 16:36:05,2026-08-23 14:36:05,180.0,exakt,influx_switch
Reihe 1,2026-08-23 16:38:35,2026-08-23 14:38:35,12.0,exakt,influx_switch
Reihe 3,2026-08-23 16:48:35,2026-08-23 14:48:35,180.0,exakt,influx_switch
Reihe 1,2026-08-23 17:08:35,2026-08-23 15:08:35,12.0,exakt,influx_switch
Randreihe,2026-08-23 17:36:35,2026-08-23 15:36:35,180.0,exakt,influx_switch
Reihe 2,2026-08-23 17:36:35,2026-08-23 15:36:35,180.0,exakt,influx_switch
Reihe 1,2026-08-23 17:38:35,2026-08-23 15:38:35,12.0,exakt,influx_switch
Reihe 3,2026-08-23 17:39:35,2026-08-23 15:39:35,180.0,exakt,influx_switch
Reihe 1,2026-08-23 18:08:35,2026-08-23 16:08:35,12.0,exakt,influx_switch
Reihe 1,2026-08-23 18:39:05,2026-08-23 16:39:05,12.0,exakt,influx_switch
Reihe 1,2026-08-23 19:09:35,2026-08-23 17:09:35,12.0,exakt,influx_switch
Reihe 1,2026-08-23 19:40:05,2026-08-23 17:40:05,12.0,exakt,influx_switch
Reihe 1,2026-08-23 20:10:05,2026-08-23 18:10:05,12.0,exakt,influx_switch
Reihe 1,2026-08-23 20:40:05,2026-08-23 18:40:05,12.0,exakt,influx_switch
Reihe 1,2026-08-24 06:00:05,2026-08-24 04:00:05,12.0,exakt,influx_switch
Reihe 1,2026-08-24 06:30:35,2026-08-24 04:30:35,12.0,exakt,influx_switch
Randreihe,2026-08-24 07:00:05,2026-08-24 05:00:05,180.0,exakt,influx_switch
Reihe 2,2026-08-24 07:00:05,2026-08-24 05:00:05,180.0,exakt,influx_switch
Reihe 3,2026-08-24 07:00:05,2026-08-24 05:00:05,180.0,exakt,influx_switch
Reihe 1,2026-08-24 07:00:35,2026-08-24 05:00:35,12.0,exakt,influx_switch
Reihe 1,2026-08-24 07:31:05,2026-08-24 05:31:05,12.0,exakt,influx_switch
Reihe 1,2026-08-24 08:01:05,2026-08-24 06:01:05,12.0,exakt,influx_switch
Reihe 1,2026-08-24 08:31:05,2026-08-24 06:31:05,12.0,exakt,influx_switch
Randreihe,2026-08-24 09:00:35,2026-08-24 07:00:35,180.0,exakt,influx_switch
Reihe 2,2026-08-24 09:00:35,2026-08-24 07:00:35,180.0,exakt,influx_switch
Reihe 3,2026-08-24 09:00:35,2026-08-24 07:00:35,180.0,exakt,influx_switch
Reihe 1,2026-08-24 09:01:35,2026-08-24 07:01:35,12.0,exakt,influx_switch
Reihe 1,2026-08-24 09:32:05,2026-08-24 07:32:05,12.0,exakt,influx_switch
Reihe 1,2026-08-24 10:02:05,2026-08-24 08:02:05,12.0,exakt,influx_switch
Reihe 3,2026-08-24 10:30:05,2026-08-24 08:30:05,180.0,exakt,influx_switch
Reihe 1,2026-08-24 10:32:05,2026-08-24 08:32:05,12.0,exakt,influx_switch
Randreihe,2026-08-24 10:42:35,2026-08-24 08:42:35,180.0,exakt,influx_switch
Reihe 2,2026-08-24 10:42:35,2026-08-24 08:42:35,180.0,exakt,influx_switch
Reihe 1,2026-08-24 11:02:35,2026-08-24 09:02:35,12.0,exakt,influx_switch
Reihe 3,2026-08-24 11:14:35,2026-08-24 09:14:35,180.0,exakt,influx_switch
Reihe 1,2026-08-24 11:33:05,2026-08-24 09:33:05,12.0,exakt,influx_switch
Randreihe,2026-08-24 11:33:35,2026-08-24 09:33:35,180.0,exakt,influx_switch
Reihe 2,2026-08-24 11:33:35,2026-08-24 09:33:35,180.0,exakt,influx_switch
Reihe 3,2026-08-24 11:52:05,2026-08-24 09:52:05,180.0,exakt,influx_switch
Reihe 1,2026-08-24 12:03:35,2026-08-24 10:03:35,12.0,exakt,influx_switch
Randreihe,2026-08-24 12:17:35,2026-08-24 10:17:35,180.0,exakt,influx_switch
Reihe 2,2026-08-24 12:17:35,2026-08-24 10:17:35,180.0,exakt,influx_switch
Reihe 3,2026-08-24 12:27:35,2026-08-24 10:27:35,180.0,exakt,influx_switch
Reihe 1,2026-08-24 12:34:05,2026-08-24 10:34:05,12.0,exakt,influx_switch
Reihe 1,2026-08-24 13:04:35,2026-08-24 11:04:35,12.0,exakt,influx_switch
Randreihe,2026-08-24 13:14:35,2026-08-24 11:14:35,180.0,exakt,influx_switch
Reihe 2,2026-08-24 13:14:35,2026-08-24 11:14:35,180.0,exakt,influx_switch
Reihe 3,2026-08-24 13:14:35,2026-08-24 11:14:35,180.0,exakt,influx_switch
Reihe 1,2026-08-24 13:35:05,2026-08-24 11:35:05,12.0,exakt,influx_switch
Reihe 3,2026-08-24 13:57:35,2026-08-24 11:57:35,180.0,exakt,influx_switch
Reihe 1,2026-08-24 14:05:05,2026-08-24 12:05:05,12.0,exakt,influx_switch
Randreihe,2026-08-24 14:09:05,2026-08-24 12:09:05,180.0,exakt,influx_switch
Reihe 2,2026-08-24 14:09:05,2026-08-24 12:09:05,180.0,exakt,influx_switch
Reihe 1,2026-08-24 14:35:35,2026-08-24 12:35:35,12.0,exakt,influx_switch
Reihe 3,2026-08-24 14:38:35,2026-08-24 12:38:35,180.0,exakt,influx_switch
Randreihe,2026-08-24 14:53:05,2026-08-24 12:53:05,180.0,exakt,influx_switch
Reihe 2,2026-08-24 14:53:05,2026-08-24 12:53:05,180.0,exakt,influx_switch
Reihe 1,2026-08-24 15:06:05,2026-08-24 13:06:05,12.0,exakt,influx_switch
Reihe 3,2026-08-24 15:09:05,2026-08-24 13:09:05,180.0,exakt,influx_switch
Reihe 1,2026-08-24 15:36:35,2026-08-24 13:36:35,12.0,exakt,influx_switch
Randreihe,2026-08-24 15:51:05,2026-08-24 13:51:05,180.0,exakt,influx_switch
Reihe 2,2026-08-24 15:51:05,2026-08-24 13:51:05,180.0,exakt,influx_switch
Reihe 1,2026-08-24 16:06:35,2026-08-24 14:06:35,12.0,exakt,influx_switch
Reihe 3,2026-08-24 16:10:05,2026-08-24 14:10:05,180.0,exakt,influx_switch
Reihe 1,2026-08-24 16:36:35,2026-08-24 14:36:35,12.0,exakt,influx_switch
Reihe 1,2026-08-24 17:07:05,2026-08-24 15:07:05,12.0,exakt,influx_switch
Randreihe,2026-08-24 17:34:35,2026-08-24 15:34:35,180.0,exakt,influx_switch
Reihe 2,2026-08-24 17:34:35,2026-08-24 15:34:35,180.0,exakt,influx_switch
Reihe 3,2026-08-24 17:35:35,2026-08-24 15:35:35,180.0,exakt,influx_switch
Reihe 1,2026-08-24 17:37:05,2026-08-24 15:37:05,12.0,exakt,influx_switch
Reihe 1,2026-08-24 18:07:35,2026-08-24 16:07:35,12.0,exakt,influx_switch
Reihe 1,2026-08-24 18:38:05,2026-08-24 16:38:05,12.0,exakt,influx_switch
Reihe 1,2026-08-24 19:08:35,2026-08-24 17:08:35,12.0,exakt,influx_switch
Reihe 1,2026-08-24 19:38:35,2026-08-24 17:38:35,12.0,exakt,influx_switch
Reihe 1,2026-08-24 20:09:05,2026-08-24 18:09:05,12.0,exakt,influx_switch
Reihe 1,2026-08-24 20:39:35,2026-08-24 18:39:35,12.0,exakt,influx_switch
Reihe 1,2026-08-25 06:00:05,2026-08-25 04:00:05,12.0,exakt,influx_switch
Reihe 1,2026-08-25 06:30:35,2026-08-25 04:30:35,12.0,exakt,influx_switch
Randreihe,2026-08-25 07:00:05,2026-08-25 05:00:05,180.0,exakt,influx_switch
Reihe 2,2026-08-25 07:00:05,2026-08-25 05:00:05,180.0,exakt,influx_switch
Reihe 3,2026-08-25 07:00:05,2026-08-25 05:00:05,180.0,exakt,influx_switch
Reihe 1,2026-08-25 07:01:05,2026-08-25 05:01:05,12.0,exakt,influx_switch
Reihe 1,2026-08-25 07:31:35,2026-08-25 05:31:35,12.0,exakt,influx_switch
Reihe 1,2026-08-25 08:02:05,2026-08-25 06:02:05,12.0,exakt,influx_switch
Reihe 1,2026-08-25 08:32:05,2026-08-25 06:32:05,12.0,exakt,influx_switch
Randreihe,2026-08-25 09:00:35,2026-08-25 07:00:35,180.0,exakt,influx_switch
Reihe 2,2026-08-25 09:00:35,2026-08-25 07:00:35,180.0,exakt,influx_switch
Reihe 3,2026-08-25 09:00:35,2026-08-25 07:00:35,180.0,exakt,influx_switch
Reihe 1,2026-08-25 09:02:35,2026-08-25 07:02:35,12.0,exakt,influx_switch
Reihe 1,2026-08-25 09:33:05,2026-08-25 07:33:05,12.0,exakt,influx_switch
Reihe 1,2026-08-25 10:03:05,2026-08-25 08:03:05,12.0,exakt,influx_switch
Reihe 1,2026-08-25 10:33:35,2026-08-25 08:33:35,12.0,exakt,influx_switch
Randreihe,2026-08-25 11:00:35,2026-08-25 09:00:35,180.0,exakt,influx_switch
Reihe 2,2026-08-25 11:01:05,2026-08-25 09:01:05,180.0,exakt,influx_switch
Reihe 3,2026-08-25 11:01:05,2026-08-25 09:01:05,180.0,exakt,influx_switch
Reihe 1,2026-08-25 11:04:05,2026-08-25 09:04:05,12.0,exakt,influx_switch
Reihe 1,2026-08-25 11:34:35,2026-08-25 09:34:35,12.0,exakt,influx_switch
Reihe 1,2026-08-25 12:04:35,2026-08-25 10:04:35,12.0,exakt,influx_switch
Reihe 1,2026-08-25 12:35:05,2026-08-25 10:35:05,12.0,exakt,influx_switch
Randreihe,2026-08-25 13:01:05,2026-08-25 11:01:05,180.0,exakt,influx_switch
Reihe 2,2026-08-25 13:01:05,2026-08-25 11:01:05,180.0,exakt,influx_switch
Reihe 3,2026-08-25 13:01:35,2026-08-25 11:01:35,180.0,exakt,influx_switch
Reihe 1,2026-08-25 13:05:05,2026-08-25 11:05:05,12.0,exakt,influx_switch
Reihe 1,2026-08-25 13:35:35,2026-08-25 11:35:35,12.0,exakt,influx_switch
Reihe 1,2026-08-25 14:05:35,2026-08-25 12:05:35,12.0,exakt,influx_switch
Reihe 3,2026-08-25 14:34:05,2026-08-25 12:34:05,180.0,exakt,influx_switch
Reihe 1,2026-08-25 14:35:35,2026-08-25 12:35:35,12.0,exakt,influx_switch
Randreihe,2026-08-25 15:01:35,2026-08-25 13:01:35,180.0,exakt,influx_switch
Reihe 2,2026-08-25 15:01:35,2026-08-25 13:01:35,180.0,exakt,influx_switch
Reihe 1,2026-08-25 15:06:05,2026-08-25 13:06:05,12.0,exakt,influx_switch
Reihe 1,2026-08-25 15:36:35,2026-08-25 13:36:35,12.0,exakt,influx_switch
Reihe 1,2026-08-25 16:07:05,2026-08-25 14:07:05,12.0,exakt,influx_switch
Reihe 3,2026-08-25 16:34:05,2026-08-25 14:34:05,180.0,exakt,influx_switch
Reihe 1,2026-08-25 16:37:05,2026-08-25 14:37:05,12.0,exakt,influx_switch
Randreihe,2026-08-25 17:02:05,2026-08-25 15:02:05,180.0,exakt,influx_switch
Reihe 2,2026-08-25 17:02:05,2026-08-25 15:02:05,180.0,exakt,influx_switch
Reihe 1,2026-08-25 17:07:35,2026-08-25 15:07:35,12.0,exakt,influx_switch
Reihe 1,2026-08-25 17:37:35,2026-08-25 15:37:35,12.0,exakt,influx_switch
Reihe 1,2026-08-25 18:08:05,2026-08-25 16:08:05,12.0,exakt,influx_switch
Reihe 1,2026-08-25 18:38:05,2026-08-25 16:38:05,12.0,exakt,influx_switch
Reihe 1,2026-08-25 19:08:05,2026-08-25 17:08:05,12.0,exakt,influx_switch
Reihe 1,2026-08-25 19:38:35,2026-08-25 17:38:35,12.0,exakt,influx_switch
Reihe 1,2026-08-25 20:08:35,2026-08-25 18:08:35,12.0,exakt,influx_switch
Reihe 1,2026-08-25 20:39:05,2026-08-25 18:39:05,12.0,exakt,influx_switch
Reihe 1,2026-08-26 06:00:05,2026-08-26 04:00:05,12.0,exakt,influx_switch
Reihe 1,2026-08-26 06:30:35,2026-08-26 04:30:35,12.0,exakt,influx_switch
Randreihe,2026-08-26 07:00:05,2026-08-26 05:00:05,180.0,exakt,influx_switch
Reihe 2,2026-08-26 07:00:05,2026-08-26 05:00:05,180.0,exakt,influx_switch
Reihe 3,2026-08-26 07:00:05,2026-08-26 05:00:05,180.0,exakt,influx_switch
Reihe 1,2026-08-26 07:00:35,2026-08-26 05:00:35,12.0,exakt,influx_switch
Reihe 1,2026-08-26 07:31:05,2026-08-26 05:31:05,12.0,exakt,influx_switch
Reihe 1,2026-08-26 08:01:35,2026-08-26 06:01:35,12.0,exakt,influx_switch
Reihe 1,2026-08-26 08:32:05,2026-08-26 06:32:05,12.0,exakt,influx_switch
Randreihe,2026-08-26 09:00:35,2026-08-26 07:00:35,180.0,exakt,influx_switch
Reihe 2,2026-08-26 09:00:35,2026-08-26 07:00:35,180.0,exakt,influx_switch
Reihe 3,2026-08-26 09:00:35,2026-08-26 07:00:35,180.0,exakt,influx_switch
Reihe 1,2026-08-26 09:02:05,2026-08-26 07:02:05,12.0,exakt,influx_switch
Reihe 1,2026-08-26 09:32:35,2026-08-26 07:32:35,12.0,exakt,influx_switch
Reihe 1,2026-08-26 10:03:05,2026-08-26 08:03:05,12.0,exakt,influx_switch
Reihe 1,2026-08-26 10:33:05,2026-08-26 08:33:05,12.0,exakt,influx_switch
Reihe 3,2026-08-26 10:38:35,2026-08-26 08:38:35,180.0,exakt,influx_switch
Randreihe,2026-08-26 10:51:05,2026-08-26 08:51:05,180.0,exakt,influx_switch
Reihe 2,2026-08-26 10:51:05,2026-08-26 08:51:05,180.0,exakt,influx_switch
Reihe 1,2026-08-26 11:03:35,2026-08-26 09:03:35,12.0,exakt,influx_switch
Reihe 3,2026-08-26 11:21:05,2026-08-26 09:21:05,180.0,exakt,influx_switch
Reihe 1,2026-08-26 11:34:05,2026-08-26 09:34:05,12.0,exakt,influx_switch
Randreihe,2026-08-26 11:45:05,2026-08-26 09:45:05,180.0,exakt,influx_switch
Reihe 2,2026-08-26 11:45:05,2026-08-26 09:45:05,180.0,exakt,influx_switch
Reihe 1,2026-08-26 12:04:05,2026-08-26 10:04:05,12.0,exakt,influx_switch
Reihe 3,2026-08-26 12:07:05,2026-08-26 10:07:05,180.0,exakt,influx_switch
Randreihe,2026-08-26 12:31:35,2026-08-26 10:31:35,180.0,exakt,influx_switch
Reihe 2,2026-08-26 12:31:35,2026-08-26 10:31:35,180.0,exakt,influx_switch
Reihe 1,2026-08-26 12:34:05,2026-08-26 10:34:05,12.0,exakt,influx_switch
Reihe 3,2026-08-26 12:39:05,2026-08-26 10:39:05,180.0,exakt,influx_switch
Reihe 1,2026-08-26 13:04:35,2026-08-26 11:04:35,12.0,exakt,influx_switch
Randreihe,2026-08-26 13:09:05,2026-08-26 11:09:05,180.0,exakt,influx_switch
Reihe 2,2026-08-26 13:09:05,2026-08-26 11:09:05,180.0,exakt,influx_switch
Reihe 3,2026-08-26 13:09:05,2026-08-26 11:09:05,180.0,exakt,influx_switch
Reihe 1,2026-08-26 13:35:05,2026-08-26 11:35:05,12.0,exakt,influx_switch
Reihe 3,2026-08-26 13:37:35,2026-08-26 11:37:35,180.0,exakt,influx_switch
Randreihe,2026-08-26 13:47:05,2026-08-26 11:47:05,180.0,exakt,influx_switch
Reihe 2,2026-08-26 13:47:05,2026-08-26 11:47:05,180.0,exakt,influx_switch
Reihe 1,2026-08-26 14:05:35,2026-08-26 12:05:35,12.0,exakt,influx_switch
Reihe 3,2026-08-26 14:09:05,2026-08-26 12:09:05,180.0,exakt,influx_switch
Randreihe,2026-08-26 14:28:35,2026-08-26 12:28:35,180.0,exakt,influx_switch
Reihe 2,2026-08-26 14:28:35,2026-08-26 12:28:35,180.0,exakt,influx_switch
Reihe 1,2026-08-26 14:36:05,2026-08-26 12:36:05,12.0,exakt,influx_switch
Reihe 3,2026-08-26 14:43:35,2026-08-26 12:43:35,180.0,exakt,influx_switch
Randreihe,2026-08-26 15:05:05,2026-08-26 13:05:05,180.0,exakt,influx_switch
Reihe 2,2026-08-26 15:05:05,2026-08-26 13:05:05,180.0,exakt,influx_switch
Reihe 1,2026-08-26 15:06:35,2026-08-26 13:06:35,12.0,exakt,influx_switch
Reihe 3,2026-08-26 15:14:35,2026-08-26 13:14:35,180.0,exakt,influx_switch
Reihe 1,2026-08-26 15:37:05,2026-08-26 13:37:05,12.0,exakt,influx_switch
Reihe 1,2026-08-26 16:07:05,2026-08-26 14:07:05,12.0,exakt,influx_switch
Randreihe,2026-08-26 16:09:05,2026-08-26 14:09:05,180.0,exakt,influx_switch
Reihe 2,2026-08-26 16:09:05,2026-08-26 14:09:05,180.0,exakt,influx_switch
Reihe 3,2026-08-26 16:10:05,2026-08-26 14:10:05,180.0,exakt,influx_switch
Reihe 1,2026-08-26 16:37:05,2026-08-26 14:37:05,12.0,exakt,influx_switch
Reihe 3,2026-08-26 17:02:35,2026-08-26 15:02:35,180.0,exakt,influx_switch
Reihe 1,2026-08-26 17:07:35,2026-08-26 15:07:35,12.0,exakt,influx_switch
Randreihe,2026-08-26 17:13:35,2026-08-26 15:13:35,180.0,exakt,influx_switch
Reihe 2,2026-08-26 17:13:35,2026-08-26 15:13:35,180.0,exakt,influx_switch
Reihe 1,2026-08-26 17:38:05,2026-08-26 15:38:05,12.0,exakt,influx_switch
Reihe 1,2026-08-26 18:08:05,2026-08-26 16:08:05,12.0,exakt,influx_switch
Reihe 1,2026-08-26 18:38:35,2026-08-26 16:38:35,12.0,exakt,influx_switch
Reihe 1,2026-08-26 19:09:05,2026-08-26 17:09:05,12.0,exakt,influx_switch
Reihe 1,2026-08-26 19:39:05,2026-08-26 17:39:05,12.0,exakt,influx_switch
Reihe 1,2026-08-26 20:09:35,2026-08-26 18:09:35,12.0,exakt,influx_switch
Reihe 1,2026-08-26 20:40:05,2026-08-26 18:40:05,12.0,exakt,influx_switch
Reihe 1,2026-08-27 06:00:05,2026-08-27 04:00:05,12.0,exakt,influx_switch
Reihe 1,2026-08-27 06:30:05,2026-08-27 04:30:05,12.0,exakt,influx_switch
Randreihe,2026-08-27 07:00:05,2026-08-27 05:00:05,180.0,exakt,influx_switch
Reihe 1,2026-08-27 07:00:05,2026-08-27 05:00:05,12.0,exakt,influx_switch
Reihe 2,2026-08-27 07:00:05,2026-08-27 05:00:05,180.0,exakt,influx_switch
Reihe 3,2026-08-27 07:00:05,2026-08-27 05:00:05,180.0,exakt,influx_switch
Reihe 1,2026-08-27 07:30:35,2026-08-27 05:30:35,12.0,exakt,influx_switch
Reihe 1,2026-08-27 08:00:35,2026-08-27 06:00:35,12.0,exakt,influx_switch
Reihe 1,2026-08-27 08:31:05,2026-08-27 06:31:05,12.0,exakt,influx_switch
Randreihe,2026-08-27 09:00:35,2026-08-27 07:00:35,180.0,exakt,influx_switch
Reihe 2,2026-08-27 09:00:35,2026-08-27 07:00:35,180.0,exakt,influx_switch
Reihe 3,2026-08-27 09:00:35,2026-08-27 07:00:35,180.0,exakt,influx_switch
Reihe 1,2026-08-27 09:01:05,2026-08-27 07:01:05,12.0,exakt,influx_switch
Reihe 1,2026-08-27 09:31:35,2026-08-27 07:31:35,12.0,exakt,influx_switch
Reihe 1,2026-08-27 10:02:05,2026-08-27 08:02:05,12.0,exakt,influx_switch
Reihe 1,2026-08-27 10:32:05,2026-08-27 08:32:05,12.0,exakt,influx_switch
Reihe 3,2026-08-27 10:38:05,2026-08-27 08:38:05,180.0,exakt,influx_switch
Randreihe,2026-08-27 10:56:35,2026-08-27 08:56:35,180.0,exakt,influx_switch
Reihe 2,2026-08-27 10:56:35,2026-08-27 08:56:35,180.0,exakt,influx_switch
Reihe 1,2026-08-27 11:02:35,2026-08-27 09:02:35,12.0,exakt,influx_switch
Reihe 1,2026-08-27 11:32:35,2026-08-27 09:32:35,12.0,exakt,influx_switch
Reihe 3,2026-08-27 11:34:05,2026-08-27 09:34:05,180.0,exakt,influx_switch
Randreihe,2026-08-27 11:52:35,2026-08-27 09:52:35,180.0,exakt,influx_switch
Reihe 2,2026-08-27 11:52:35,2026-08-27 09:52:35,180.0,exakt,influx_switch
Reihe 1,2026-08-27 12:03:05,2026-08-27 10:03:05,12.0,exakt,influx_switch
Reihe 3,2026-08-27 12:12:35,2026-08-27 10:12:35,180.0,exakt,influx_switch
Reihe 1,2026-08-27 12:33:35,2026-08-27 10:33:35,12.0,exakt,influx_switch
Randreihe,2026-08-27 12:49:05,2026-08-27 10:49:05,180.0,exakt,influx_switch
Reihe 2,2026-08-27 12:49:05,2026-08-27 10:49:05,180.0,exakt,influx_switch
Reihe 3,2026-08-27 12:59:35,2026-08-27 10:59:35,180.0,exakt,influx_switch
Reihe 1,2026-08-27 13:03:35,2026-08-27 11:03:35,12.0,exakt,influx_switch
Reihe 1,2026-08-27 13:34:05,2026-08-27 11:34:05,12.0,exakt,influx_switch
Randreihe,2026-08-27 13:42:05,2026-08-27 11:42:05,180.0,exakt,influx_switch
Reihe 2,2026-08-27 13:42:05,2026-08-27 11:42:05,180.0,exakt,influx_switch
Reihe 3,2026-08-27 13:42:05,2026-08-27 11:42:05,180.0,exakt,influx_switch
Reihe 1,2026-08-27 14:04:35,2026-08-27 12:04:35,12.0,exakt,influx_switch
Reihe 3,2026-08-27 14:22:05,2026-08-27 12:22:05,180.0,exakt,influx_switch
Randreihe,2026-08-27 14:31:35,2026-08-27 12:31:35,180.0,exakt,influx_switch
Reihe 2,2026-08-27 14:31:35,2026-08-27 12:31:35,180.0,exakt,influx_switch
Reihe 1,2026-08-27 14:35:05,2026-08-27 12:35:05,12.0,exakt,influx_switch
Reihe 3,2026-08-27 14:58:35,2026-08-27 12:58:35,180.0,exakt,influx_switch
Reihe 1,2026-08-27 15:05:35,2026-08-27 13:05:35,12.0,exakt,influx_switch
Randreihe,2026-08-27 15:16:35,2026-08-27 13:16:35,180.0,exakt,influx_switch
Reihe 2,2026-08-27 15:16:35,2026-08-27 13:16:35,180.0,exakt,influx_switch
Reihe 1,2026-08-27 15:36:05,2026-08-27 13:36:05,12.0,exakt,influx_switch
Reihe 3,2026-08-27 15:53:35,2026-08-27 13:53:35,180.0,exakt,influx_switch
Reihe 1,2026-08-27 16:06:35,2026-08-27 14:06:35,12.0,exakt,influx_switch
Reihe 1,2026-08-27 16:37:05,2026-08-27 14:37:05,12.0,exakt,influx_switch
Randreihe,2026-08-27 16:47:35,2026-08-27 14:47:35,180.0,exakt,influx_switch
Reihe 2,2026-08-27 16:47:35,2026-08-27 14:47:35,180.0,exakt,influx_switch
Reihe 1,2026-08-27 17:07:05,2026-08-27 15:07:05,12.0,exakt,influx_switch
Reihe 3,2026-08-27 17:11:05,2026-08-27 15:11:05,180.0,exakt,influx_switch
Reihe 1,2026-08-27 17:37:35,2026-08-27 15:37:35,12.0,exakt,influx_switch
Reihe 1,2026-08-27 18:08:05,2026-08-27 16:08:05,12.0,exakt,influx_switch
Reihe 1,2026-08-27 18:38:05,2026-08-27 16:38:05,12.0,exakt,influx_switch
Reihe 1,2026-08-27 19:08:35,2026-08-27 17:08:35,12.0,exakt,influx_switch
Reihe 1,2026-08-27 19:38:35,2026-08-27 17:38:35,12.0,exakt,influx_switch
Reihe 1,2026-08-27 20:09:05,2026-08-27 18:09:05,12.0,exakt,influx_switch
Reihe 1,2026-08-27 20:39:05,2026-08-27 18:39:05,12.0,exakt,influx_switch
Reihe 1,2026-08-28 06:00:05,2026-08-28 04:00:05,12.0,exakt,influx_switch
Reihe 1,2026-08-28 06:30:35,2026-08-28 04:30:35,12.0,exakt,influx_switch
Randreihe,2026-08-28 07:00:05,2026-08-28 05:00:05,180.0,exakt,influx_switch
Reihe 2,2026-08-28 07:00:05,2026-08-28 05:00:05,180.0,exakt,influx_switch
Reihe 3,2026-08-28 07:00:05,2026-08-28 05:00:05,180.0,exakt,influx_switch
Reihe 1,2026-08-28 07:00:35,2026-08-28 05:00:35,12.0,exakt,influx_switch
Reihe 1,2026-08-28 07:31:05,2026-08-28 05:31:05,12.0,exakt,influx_switch
Reihe 1,2026-08-28 08:01:35,2026-08-28 06:01:35,12.0,exakt,influx_switch
Reihe 1,2026-08-28 08:31:35,2026-08-28 06:31:35,12.0,exakt,influx_switch
Randreihe,2026-08-28 09:00:35,2026-08-28 07:00:35,180.0,exakt,influx_switch
Reihe 2,2026-08-28 09:00:35,2026-08-28 07:00:35,180.0,exakt,influx_switch
Reihe 3,2026-08-28 09:00:35,2026-08-28 07:00:35,180.0,exakt,influx_switch
Reihe 1,2026-08-28 09:02:05,2026-08-28 07:02:05,12.0,exakt,influx_switch
Reihe 1,2026-08-28 09:32:35,2026-08-28 07:32:35,12.0,exakt,influx_switch
Reihe 1,2026-08-28 10:02:35,2026-08-28 08:02:35,12.0,exakt,influx_switch
Reihe 1,2026-08-28 10:32:35,2026-08-28 08:32:35,12.0,exakt,influx_switch
Reihe 3,2026-08-28 10:32:35,2026-08-28 08:32:35,180.0,exakt,influx_switch
Randreihe,2026-08-28 10:53:05,2026-08-28 08:53:05,180.0,exakt,influx_switch
Reihe 2,2026-08-28 10:53:05,2026-08-28 08:53:05,180.0,exakt,influx_switch
Reihe 1,2026-08-28 11:03:05,2026-08-28 09:03:05,12.0,exakt,influx_switch
Reihe 1,2026-08-28 11:33:35,2026-08-28 09:33:35,12.0,exakt,influx_switch
Reihe 1,2026-08-28 12:04:05,2026-08-28 10:04:05,12.0,exakt,influx_switch
Reihe 3,2026-08-28 12:33:05,2026-08-28 10:33:05,180.0,exakt,influx_switch
Reihe 1,2026-08-28 12:34:05,2026-08-28 10:34:05,12.0,exakt,influx_switch
Randreihe,2026-08-28 12:53:05,2026-08-28 10:53:05,180.0,exakt,influx_switch
Reihe 2,2026-08-28 12:53:35,2026-08-28 10:53:35,180.0,exakt,influx_switch
Reihe 1,2026-08-28 13:04:35,2026-08-28 11:04:35,12.0,exakt,influx_switch
Reihe 1,2026-08-28 13:35:05,2026-08-28 11:35:05,12.0,exakt,influx_switch
Reihe 1,2026-08-28 14:05:35,2026-08-28 12:05:35,12.0,exakt,influx_switch
Reihe 3,2026-08-28 14:33:05,2026-08-28 12:33:05,180.0,exakt,influx_switch
Reihe 1,2026-08-28 14:36:05,2026-08-28 12:36:05,12.0,exakt,influx_switch
Randreihe,2026-08-28 14:53:35,2026-08-28 12:53:35,180.0,exakt,influx_switch
Reihe 2,2026-08-28 14:54:05,2026-08-28 12:54:05,180.0,exakt,influx_switch
Reihe 1,2026-08-28 15:06:05,2026-08-28 13:06:05,12.0,exakt,influx_switch
Reihe 1,2026-08-28 15:36:35,2026-08-28 13:36:35,12.0,exakt,influx_switch
Reihe 1,2026-08-28 16:06:35,2026-08-28 14:06:35,12.0,exakt,influx_switch
Reihe 3,2026-08-28 16:33:35,2026-08-28 14:33:35,180.0,exakt,influx_switch
Reihe 1,2026-08-28 16:36:35,2026-08-28 14:36:35,12.0,exakt,influx_switch
Randreihe,2026-08-28 16:53:35,2026-08-28 14:53:35,180.0,exakt,influx_switch
Reihe 2,2026-08-28 16:54:05,2026-08-28 14:54:05,180.0,exakt,influx_switch
Reihe 1,2026-08-28 17:07:05,2026-08-28 15:07:05,12.0,exakt,influx_switch
Reihe 1,2026-08-28 17:37:35,2026-08-28 15:37:35,12.0,exakt,influx_switch
Reihe 1,2026-08-28 18:08:05,2026-08-28 16:08:05,12.0,exakt,influx_switch
Reihe 1,2026-08-28 18:38:05,2026-08-28 16:38:05,12.0,exakt,influx_switch
Reihe 1,2026-08-28 19:08:35,2026-08-28 17:08:35,12.0,exakt,influx_switch
Reihe 1,2026-08-28 19:39:05,2026-08-28 17:39:05,12.0,exakt,influx_switch
Reihe 1,2026-08-28 20:09:05,2026-08-28 18:09:05,12.0,exakt,influx_switch
Reihe 1,2026-08-28 20:39:35,2026-08-28 18:39:35,12.0,exakt,influx_switch
Reihe 1,2026-08-29 06:00:05,2026-08-29 04:00:05,12.0,exakt,influx_switch
Reihe 1,2026-08-29 06:30:05,2026-08-29 04:30:05,12.0,exakt,influx_switch
Randreihe,2026-08-29 07:00:05,2026-08-29 05:00:05,180.0,exakt,influx_switch
Reihe 1,2026-08-29 07:00:05,2026-08-29 05:00:05,12.0,exakt,influx_switch
Reihe 2,2026-08-29 07:00:05,2026-08-29 05:00:05,180.0,exakt,influx_switch
Reihe 3,2026-08-29 07:00:05,2026-08-29 05:00:05,180.0,exakt,influx_switch
Reihe 1,2026-08-29 07:30:35,2026-08-29 05:30:35,12.0,exakt,influx_switch
Reihe 1,2026-08-29 08:01:05,2026-08-29 06:01:05,12.0,exakt,influx_switch
Reihe 1,2026-08-29 08:31:35,2026-08-29 06:31:35,12.0,exakt,influx_switch
Randreihe,2026-08-29 09:00:35,2026-08-29 07:00:35,180.0,exakt,influx_switch
Reihe 2,2026-08-29 09:00:35,2026-08-29 07:00:35,180.0,exakt,influx_switch
Reihe 3,2026-08-29 09:00:35,2026-08-29 07:00:35,180.0,exakt,influx_switch
Reihe 1,2026-08-29 09:02:05,2026-08-29 07:02:05,12.0,exakt,influx_switch
Reihe 1,2026-08-29 09:32:35,2026-08-29 07:32:35,12.0,exakt,influx_switch
Reihe 1,2026-08-29 10:03:05,2026-08-29 08:03:05,12.0,exakt,influx_switch
Reihe 1,2026-08-29 10:33:05,2026-08-29 08:33:05,12.0,exakt,influx_switch
Reihe 3,2026-08-29 10:44:05,2026-08-29 08:44:05,180.0,exakt,influx_switch
Randreihe,2026-08-29 10:56:05,2026-08-29 08:56:05,180.0,exakt,influx_switch
Reihe 2,2026-08-29 10:56:05,2026-08-29 08:56:05,180.0,exakt,influx_switch
Reihe 1,2026-08-29 11:03:35,2026-08-29 09:03:35,12.0,exakt,influx_switch
Reihe 3,2026-08-29 11:28:35,2026-08-29 09:28:35,180.0,exakt,influx_switch
Reihe 1,2026-08-29 11:33:35,2026-08-29 09:33:35,12.0,exakt,influx_switch
Randreihe,2026-08-29 11:49:35,2026-08-29 09:49:35,180.0,exakt,influx_switch
Reihe 2,2026-08-29 11:49:35,2026-08-29 09:49:35,180.0,exakt,influx_switch
Reihe 1,2026-08-29 12:04:05,2026-08-29 10:04:05,12.0,exakt,influx_switch
Reihe 3,2026-08-29 12:08:05,2026-08-29 10:08:05,180.0,exakt,influx_switch
Randreihe,2026-08-29 12:32:05,2026-08-29 10:32:05,180.0,exakt,influx_switch
Reihe 2,2026-08-29 12:32:05,2026-08-29 10:32:05,180.0,exakt,influx_switch
Reihe 1,2026-08-29 12:34:05,2026-08-29 10:34:05,12.0,exakt,influx_switch
Reihe 3,2026-08-29 12:40:35,2026-08-29 10:40:35,180.0,exakt,influx_switch
Reihe 1,2026-08-29 13:04:35,2026-08-29 11:04:35,12.0,exakt,influx_switch
Randreihe,2026-08-29 13:10:05,2026-08-29 11:10:05,180.0,exakt,influx_switch
Reihe 2,2026-08-29 13:10:05,2026-08-29 11:10:05,180.0,exakt,influx_switch
Reihe 3,2026-08-29 13:10:05,2026-08-29 11:10:05,180.0,exakt,influx_switch
Reihe 1,2026-08-29 13:35:05,2026-08-29 11:35:05,12.0,exakt,influx_switch
Reihe 3,2026-08-29 13:45:05,2026-08-29 11:45:05,180.0,exakt,influx_switch
Randreihe,2026-08-29 13:52:35,2026-08-29 11:52:35,180.0,exakt,influx_switch
Reihe 2,2026-08-29 13:52:35,2026-08-29 11:52:35,180.0,exakt,influx_switch
Reihe 1,2026-08-29 14:05:05,2026-08-29 12:05:05,12.0,exakt,influx_switch
Reihe 3,2026-08-29 14:21:05,2026-08-29 12:21:05,180.0,exakt,influx_switch
Reihe 1,2026-08-29 14:35:35,2026-08-29 12:35:35,12.0,exakt,influx_switch
Randreihe,2026-08-29 14:36:05,2026-08-29 12:36:05,180.0,exakt,influx_switch
Reihe 2,2026-08-29 14:36:05,2026-08-29 12:36:05,180.0,exakt,influx_switch
Reihe 3,2026-08-29 14:52:05,2026-08-29 12:52:05,180.0,exakt,influx_switch
Reihe 1,2026-08-29 15:06:05,2026-08-29 13:06:05,12.0,exakt,influx_switch
Randreihe,2026-08-29 15:15:35,2026-08-29 13:15:35,180.0,exakt,influx_switch
Reihe 2,2026-08-29 15:15:35,2026-08-29 13:15:35,180.0,exakt,influx_switch
Reihe 1,2026-08-29 15:36:05,2026-08-29 13:36:05,12.0,exakt,influx_switch
Reihe 3,2026-08-29 15:41:35,2026-08-29 13:41:35,180.0,exakt,influx_switch
Reihe 1,2026-08-29 16:06:35,2026-08-29 14:06:35,12.0,exakt,influx_switch
Reihe 1,2026-08-29 16:37:05,2026-08-29 14:37:05,12.0,exakt,influx_switch
Randreihe,2026-08-29 17:00:05,2026-08-29 15:00:05,180.0,exakt,influx_switch
Reihe 2,2026-08-29 17:00:05,2026-08-29 15:00:05,180.0,exakt,influx_switch
Reihe 3,2026-08-29 17:01:05,2026-08-29 15:01:05,180.0,exakt,influx_switch
Reihe 1,2026-08-29 17:07:05,2026-08-29 15:07:05,12.0,exakt,influx_switch
Reihe 1,2026-08-29 17:37:35,2026-08-29 15:37:35,12.0,exakt,influx_switch
Reihe 1,2026-08-29 18:08:05,2026-08-29 16:08:05,12.0,exakt,influx_switch
Reihe 1,2026-08-29 18:38:35,2026-08-29 16:38:35,12.0,exakt,influx_switch
Reihe 1,2026-08-29 19:08:35,2026-08-29 17:08:35,12.0,exakt,influx_switch
Reihe 1,2026-08-29 19:39:05,2026-08-29 17:39:05,12.0,exakt,influx_switch
Reihe 1,2026-08-29 20:09:35,2026-08-29 18:09:35,12.0,exakt,influx_switch
Reihe 1,2026-08-29 20:40:05,2026-08-29 18:40:05,12.0,exakt,influx_switch
Reihe 1,2026-08-30 06:00:05,2026-08-30 04:00:05,12.0,exakt,influx_switch
Reihe 1,2026-08-30 06:30:35,2026-08-30 04:30:35,12.0,exakt,influx_switch
Randreihe,2026-08-30 07:00:05,2026-08-30 05:00:05,180.0,exakt,influx_switch
Reihe 2,2026-08-30 07:00:05,2026-08-30 05:00:05,180.0,exakt,influx_switch
Reihe 3,2026-08-30 07:00:05,2026-08-30 05:00:05,180.0,exakt,influx_switch
Reihe 1,2026-08-30 07:00:35,2026-08-30 05:00:35,12.0,exakt,influx_switch
Reihe 1,2026-08-30 07:31:05,2026-08-30 05:31:05,12.0,exakt,influx_switch
Reihe 1,2026-08-30 08:01:05,2026-08-30 06:01:05,12.0,exakt,influx_switch
Reihe 1,2026-08-30 08:31:05,2026-08-30 06:31:05,12.0,exakt,influx_switch
Randreihe,2026-08-30 09:00:35,2026-08-30 07:00:35,180.0,exakt,influx_switch
Reihe 2,2026-08-30 09:00:35,2026-08-30 07:00:35,180.0,exakt,influx_switch
Reihe 3,2026-08-30 09:00:35,2026-08-30 07:00:35,180.0,exakt,influx_switch
Reihe 1,2026-08-30 09:01:05,2026-08-30 07:01:05,12.0,exakt,influx_switch
Reihe 1,2026-08-30 09:31:35,2026-08-30 07:31:35,12.0,exakt,influx_switch
Reihe 1,2026-08-30 10:02:05,2026-08-30 08:02:05,12.0,exakt,influx_switch
Reihe 1,2026-08-30 10:32:35,2026-08-30 08:32:35,12.0,exakt,influx_switch
Reihe 3,2026-08-30 10:35:05,2026-08-30 08:35:05,180.0,exakt,influx_switch
Randreihe,2026-08-30 10:46:35,2026-08-30 08:46:35,180.0,exakt,influx_switch
Reihe 2,2026-08-30 10:46:35,2026-08-30 08:46:35,180.0,exakt,influx_switch
Reihe 1,2026-08-30 11:03:05,2026-08-30 09:03:05,12.0,exakt,influx_switch
Reihe 3,2026-08-30 11:21:05,2026-08-30 09:21:05,180.0,exakt,influx_switch
Reihe 1,2026-08-30 11:33:35,2026-08-30 09:33:35,12.0,exakt,influx_switch
Randreihe,2026-08-30 11:51:35,2026-08-30 09:51:35,180.0,exakt,influx_switch
Reihe 2,2026-08-30 11:51:35,2026-08-30 09:51:35,180.0,exakt,influx_switch
Reihe 1,2026-08-30 12:03:35,2026-08-30 10:03:35,12.0,exakt,influx_switch
Reihe 3,2026-08-30 12:27:35,2026-08-30 10:27:35,180.0,exakt,influx_switch
Reihe 1,2026-08-30 12:34:05,2026-08-30 10:34:05,12.0,exakt,influx_switch
Reihe 1,2026-08-30 13:04:05,2026-08-30 11:04:05,12.0,exakt,influx_switch
Randreihe,2026-08-30 13:08:35,2026-08-30 11:08:35,180.0,exakt,influx_switch
Reihe 2,2026-08-30 13:08:35,2026-08-30 11:08:35,180.0,exakt,influx_switch
Reihe 3,2026-08-30 13:18:05,2026-08-30 11:18:05,180.0,exakt,influx_switch
Reihe 1,2026-08-30 13:34:05,2026-08-30 11:34:05,12.0,exakt,influx_switch
Reihe 1,2026-08-30 14:04:35,2026-08-30 12:04:35,12.0,exakt,influx_switch
Randreihe,2026-08-30 14:11:05,2026-08-30 12:11:05,180.0,exakt,influx_switch
Reihe 2,2026-08-30 14:11:05,2026-08-30 12:11:05,180.0,exakt,influx_switch
Reihe 3,2026-08-30 14:11:35,2026-08-30 12:11:35,180.0,exakt,influx_switch
Reihe 1,2026-08-30 14:35:05,2026-08-30 12:35:05,12.0,exakt,influx_switch
Reihe 3,2026-08-30 14:52:05,2026-08-30 12:52:05,180.0,exakt,influx_switch
Randreihe,2026-08-30 15:02:35,2026-08-30 13:02:35,180.0,exakt,influx_switch
Reihe 2,2026-08-30 15:02:35,2026-08-30 13:02:35,180.0,exakt,influx_switch
Reihe 1,2026-08-30 15:05:05,2026-08-30 13:05:05,12.0,exakt,influx_switch
Reihe 1,2026-08-30 15:35:35,2026-08-30 13:35:35,12.0,exakt,influx_switch
Reihe 3,2026-08-30 15:57:05,2026-08-30 13:57:05,180.0,exakt,influx_switch
Reihe 3,2026-08-30 16:00:00,2026-08-30 14:00:00,72,stunde_rekonstruiert,ha_lts_power_energy
Reihe 1,2026-08-30 16:05:35,2026-08-30 14:05:35,12.0,exakt,influx_switch
Randreihe,2026-08-30 16:29:35,2026-08-30 14:29:35,180.0,exakt,influx_switch
Reihe 2,2026-08-30 16:29:35,2026-08-30 14:29:35,180.0,exakt,influx_switch
Reihe 1,2026-08-30 16:36:05,2026-08-30 14:36:05,12.0,exakt,influx_switch
Reihe 3,2026-08-30 17:02:05,2026-08-30 15:02:05,180.0,exakt,influx_switch
Reihe 1,2026-08-30 17:06:35,2026-08-30 15:06:35,12.0,exakt,influx_switch
Reihe 1,2026-08-30 17:36:35,2026-08-30 15:36:35,12.0,exakt,influx_switch
Reihe 1,2026-08-30 18:07:05,2026-08-30 16:07:05,12.0,exakt,influx_switch
Reihe 1,2026-08-30 18:37:35,2026-08-30 16:37:35,12.0,exakt,influx_switch
Reihe 1,2026-08-30 19:08:05,2026-08-30 17:08:05,12.0,exakt,influx_switch
Reihe 1,2026-08-30 19:38:35,2026-08-30 17:38:35,12.0,exakt,influx_switch
Reihe 1,2026-08-30 20:08:35,2026-08-30 18:08:35,12.0,exakt,influx_switch
Reihe 1,2026-08-30 20:39:05,2026-08-30 18:39:05,12.0,exakt,influx_switch
Reihe 1,2026-08-31 06:00:05,2026-08-31 04:00:05,12.0,exakt,influx_switch
Reihe 1,2026-08-31 06:30:05,2026-08-31 04:30:05,12.0,exakt,influx_switch
Randreihe,2026-08-31 07:00:05,2026-08-31 05:00:05,180.0,exakt,influx_switch
Reihe 1,2026-08-31 07:00:05,2026-08-31 05:00:05,12.0,exakt,influx_switch
Reihe 2,2026-08-31 07:00:05,2026-08-31 05:00:05,180.0,exakt,influx_switch
Reihe 3,2026-08-31 07:00:05,2026-08-31 05:00:05,180.0,exakt,influx_switch
Reihe 1,2026-08-31 07:30:35,2026-08-31 05:30:35,12.0,exakt,influx_switch
Reihe 1,2026-08-31 08:01:05,2026-08-31 06:01:05,12.0,exakt,influx_switch
Reihe 1,2026-08-31 08:31:05,2026-08-31 06:31:05,12.0,exakt,influx_switch
Randreihe,2026-08-31 09:00:35,2026-08-31 07:00:35,180.0,exakt,influx_switch
Reihe 2,2026-08-31 09:00:35,2026-08-31 07:00:35,180.0,exakt,influx_switch
Reihe 3,2026-08-31 09:00:35,2026-08-31 07:00:35,180.0,exakt,influx_switch
Reihe 1,2026-08-31 09:01:05,2026-08-31 07:01:05,12.0,exakt,influx_switch
Reihe 1,2026-08-31 09:31:35,2026-08-31 07:31:35,12.0,exakt,influx_switch
Reihe 1,2026-08-31 10:01:35,2026-08-31 08:01:35,12.0,exakt,influx_switch
Reihe 1,2026-08-31 10:32:05,2026-08-31 08:32:05,12.0,exakt,influx_switch
Reihe 3,2026-08-31 10:59:35,2026-08-31 08:59:35,180.0,exakt,influx_switch
Randreihe,2026-08-31 11:01:05,2026-08-31 09:01:05,180.0,exakt,influx_switch
Reihe 2,2026-08-31 11:01:05,2026-08-31 09:01:05,180.0,exakt,influx_switch
Reihe 1,2026-08-31 11:02:05,2026-08-31 09:02:05,12.0,exakt,influx_switch
Reihe 1,2026-08-31 11:32:35,2026-08-31 09:32:35,12.0,exakt,influx_switch
Reihe 3,2026-08-31 11:38:05,2026-08-31 09:38:05,180.0,exakt,influx_switch
Randreihe,2026-08-31 11:48:05,2026-08-31 09:48:05,180.0,exakt,influx_switch
Reihe 2,2026-08-31 11:48:05,2026-08-31 09:48:05,180.0,exakt,influx_switch
Reihe 1,2026-08-31 12:02:35,2026-08-31 10:02:35,12.0,exakt,influx_switch
Reihe 3,2026-08-31 12:13:35,2026-08-31 10:13:35,180.0,exakt,influx_switch
Reihe 1,2026-08-31 12:33:05,2026-08-31 10:33:05,12.0,exakt,influx_switch
Randreihe,2026-08-31 12:34:05,2026-08-31 10:34:05,180.0,exakt,influx_switch
Reihe 2,2026-08-31 12:34:05,2026-08-31 10:34:05,180.0,exakt,influx_switch
Reihe 3,2026-08-31 12:50:05,2026-08-31 10:50:05,180.0,exakt,influx_switch
Reihe 1,2026-08-31 13:03:35,2026-08-31 11:03:35,12.0,exakt,influx_switch
Randreihe,2026-08-31 13:13:35,2026-08-31 11:13:35,180.0,exakt,influx_switch
Reihe 2,2026-08-31 13:13:35,2026-08-31 11:13:35,180.0,exakt,influx_switch
Reihe 3,2026-08-31 13:24:35,2026-08-31 11:24:35,180.0,exakt,influx_switch
Reihe 1,2026-08-31 13:33:35,2026-08-31 11:33:35,12.0,exakt,influx_switch
Reihe 1,2026-08-31 14:04:05,2026-08-31 12:04:05,12.0,exakt,influx_switch
Reihe 3,2026-08-31 14:10:35,2026-08-31 12:10:35,180.0,exakt,influx_switch
Randreihe,2026-08-31 14:11:35,2026-08-31 12:11:35,180.0,exakt,influx_switch
Reihe 2,2026-08-31 14:11:35,2026-08-31 12:11:35,180.0,exakt,influx_switch
Reihe 1,2026-08-31 14:34:35,2026-08-31 12:34:35,12.0,exakt,influx_switch
Reihe 3,2026-08-31 14:58:05,2026-08-31 12:58:05,180.0,exakt,influx_switch
Reihe 3,2026-08-31 15:00:00,2026-08-31 13:00:00,125,stunde_rekonstruiert,ha_lts_power_energy
Reihe 1,2026-08-31 15:04:35,2026-08-31 13:04:35,12.0,exakt,influx_switch
Randreihe,2026-08-31 15:07:05,2026-08-31 13:07:05,180.0,exakt,influx_switch
Reihe 2,2026-08-31 15:07:05,2026-08-31 13:07:05,180.0,exakt,influx_switch
Reihe 1,2026-08-31 15:35:05,2026-08-31 13:35:05,12.0,exakt,influx_switch
Reihe 1,2026-08-31 16:05:35,2026-08-31 14:05:35,12.0,exakt,influx_switch
Reihe 3,2026-08-31 16:05:35,2026-08-31 14:05:35,180.0,exakt,influx_switch
Reihe 1,2026-08-31 16:36:05,2026-08-31 14:36:05,12.0,exakt,influx_switch
Randreihe,2026-08-31 16:46:05,2026-08-31 14:46:05,180.0,exakt,influx_switch
Reihe 2,2026-08-31 16:46:05,2026-08-31 14:46:05,180.0,exakt,influx_switch
Reihe 1,2026-08-31 17:06:35,2026-08-31 15:06:35,12.0,exakt,influx_switch
Reihe 3,2026-08-31 17:08:35,2026-08-31 15:08:35,180.0,exakt,influx_switch
Reihe 1,2026-08-31 17:36:35,2026-08-31 15:36:35,12.0,exakt,influx_switch
Reihe 1,2026-08-31 18:07:05,2026-08-31 16:07:05,12.0,exakt,influx_switch
Reihe 1,2026-08-31 18:37:05,2026-08-31 16:37:05,12.0,exakt,influx_switch
Reihe 1,2026-08-31 19:07:35,2026-08-31 17:07:35,12.0,exakt,influx_switch
Reihe 1,2026-08-31 19:38:05,2026-08-31 17:38:05,12.0,exakt,influx_switch
Reihe 1,2026-08-31 20:08:05,2026-08-31 18:08:05,12.0,exakt,influx_switch
Reihe 1,2026-08-31 20:38:35,2026-08-31 18:38:35,12.0,exakt,influx_switch
Reihe 1,2026-09-01 06:00:05,2026-09-01 04:00:05,12.0,exakt,influx_switch
Reihe 1,2026-09-01 06:30:05,2026-09-01 04:30:05,12.0,exakt,influx_switch
Randreihe,2026-09-01 07:00:05,2026-09-01 05:00:05,180.0,exakt,influx_switch
Reihe 2,2026-09-01 07:00:05,2026-09-01 05:00:05,180.0,exakt,influx_switch
Reihe 3,2026-09-01 07:00:05,2026-09-01 05:00:05,180.0,exakt,influx_switch
Reihe 1,2026-09-01 07:00:35,2026-09-01 05:00:35,12.0,exakt,influx_switch
Reihe 1,2026-09-01 07:31:05,2026-09-01 05:31:05,12.0,exakt,influx_switch
Reihe 1,2026-09-01 08:01:35,2026-09-01 06:01:35,12.0,exakt,influx_switch
Reihe 1,2026-09-01 08:32:05,2026-09-01 06:32:05,12.0,exakt,influx_switch
Randreihe,2026-09-01 09:00:35,2026-09-01 07:00:35,180.0,exakt,influx_switch
Reihe 2,2026-09-01 09:00:35,2026-09-01 07:00:35,180.0,exakt,influx_switch
Reihe 3,2026-09-01 09:00:35,2026-09-01 07:00:35,180.0,exakt,influx_switch
Reihe 1,2026-09-01 09:02:05,2026-09-01 07:02:05,12.0,exakt,influx_switch
Reihe 1,2026-09-01 09:32:35,2026-09-01 07:32:35,12.0,exakt,influx_switch
Reihe 1,2026-09-01 10:03:05,2026-09-01 08:03:05,12.0,exakt,influx_switch
Reihe 1,2026-09-01 10:33:35,2026-09-01 08:33:35,12.0,exakt,influx_switch
Reihe 3,2026-09-01 10:35:05,2026-09-01 08:35:05,180.0,exakt,influx_switch
Randreihe,2026-09-01 10:49:05,2026-09-01 08:49:05,180.0,exakt,influx_switch
Reihe 2,2026-09-01 10:49:05,2026-09-01 08:49:05,180.0,exakt,influx_switch
Reihe 1,2026-09-01 11:04:05,2026-09-01 09:04:05,12.0,exakt,influx_switch
Reihe 3,2026-09-01 11:26:05,2026-09-01 09:26:05,180.0,exakt,influx_switch
Reihe 1,2026-09-01 11:34:05,2026-09-01 09:34:05,12.0,exakt,influx_switch
Randreihe,2026-09-01 11:47:05,2026-09-01 09:47:05,180.0,exakt,influx_switch
Reihe 2,2026-09-01 11:47:05,2026-09-01 09:47:05,180.0,exakt,influx_switch
Reihe 3,2026-09-01 12:04:05,2026-09-01 10:04:05,180.0,exakt,influx_switch
Reihe 1,2026-09-01 12:04:35,2026-09-01 10:04:35,12.0,exakt,influx_switch
Randreihe,2026-09-01 12:34:35,2026-09-01 10:34:35,180.0,exakt,influx_switch
Reihe 2,2026-09-01 12:34:35,2026-09-01 10:34:35,180.0,exakt,influx_switch
Reihe 1,2026-09-01 12:35:05,2026-09-01 10:35:05,12.0,exakt,influx_switch
Reihe 3,2026-09-01 12:42:35,2026-09-01 10:42:35,180.0,exakt,influx_switch
Reihe 1,2026-09-01 13:05:35,2026-09-01 11:05:35,12.0,exakt,influx_switch
Randreihe,2026-09-01 13:16:35,2026-09-01 11:16:35,180.0,exakt,influx_switch
Reihe 2,2026-09-01 13:16:35,2026-09-01 11:16:35,180.0,exakt,influx_switch
Reihe 3,2026-09-01 13:17:05,2026-09-01 11:17:05,180.0,exakt,influx_switch
Reihe 1,2026-09-01 13:36:05,2026-09-01 11:36:05,12.0,exakt,influx_switch
Reihe 3,2026-09-01 13:51:05,2026-09-01 11:51:05,180.0,exakt,influx_switch
Randreihe,2026-09-01 14:00:35,2026-09-01 12:00:35,180.0,exakt,influx_switch
Reihe 2,2026-09-01 14:00:35,2026-09-01 12:00:35,180.0,exakt,influx_switch
Reihe 1,2026-09-01 14:06:35,2026-09-01 12:06:35,12.0,exakt,influx_switch
Reihe 3,2026-09-01 14:31:35,2026-09-01 12:31:35,180.0,exakt,influx_switch
Reihe 1,2026-09-01 14:36:35,2026-09-01 12:36:35,12.0,exakt,influx_switch
Randreihe,2026-09-01 14:46:35,2026-09-01 12:46:35,180.0,exakt,influx_switch
Reihe 2,2026-09-01 14:46:35,2026-09-01 12:46:35,180.0,exakt,influx_switch
Reihe 3,2026-09-01 15:06:35,2026-09-01 13:06:35,180.0,exakt,influx_switch
Reihe 1,2026-09-01 15:07:05,2026-09-01 13:07:05,12.0,exakt,influx_switch
Reihe 1,2026-09-01 15:37:35,2026-09-01 13:37:35,12.0,exakt,influx_switch
Randreihe,2026-09-01 16:01:35,2026-09-01 14:01:35,180.0,exakt,influx_switch
Reihe 2,2026-09-01 16:01:35,2026-09-01 14:01:35,180.0,exakt,influx_switch
Reihe 1,2026-09-01 16:07:35,2026-09-01 14:07:35,12.0,exakt,influx_switch
Reihe 3,2026-09-01 16:24:05,2026-09-01 14:24:05,180.0,exakt,influx_switch
Reihe 1,2026-09-01 16:37:35,2026-09-01 14:37:35,12.0,exakt,influx_switch
Reihe 1,2026-09-01 17:07:35,2026-09-01 15:07:35,12.0,exakt,influx_switch
Randreihe,2026-09-01 17:18:35,2026-09-01 15:18:35,180.0,exakt,influx_switch
Reihe 2,2026-09-01 17:18:35,2026-09-01 15:18:35,180.0,exakt,influx_switch
Reihe 3,2026-09-01 17:20:35,2026-09-01 15:20:35,180.0,exakt,influx_switch
Reihe 1,2026-09-01 17:37:35,2026-09-01 15:37:35,12.0,exakt,influx_switch
Reihe 1,2026-09-01 18:08:05,2026-09-01 16:08:05,12.0,exakt,influx_switch
Reihe 1,2026-09-01 18:38:35,2026-09-01 16:38:35,12.0,exakt,influx_switch
Reihe 1,2026-09-01 19:09:05,2026-09-01 17:09:05,12.0,exakt,influx_switch
Reihe 1,2026-09-01 19:39:05,2026-09-01 17:39:05,12.0,exakt,influx_switch
Reihe 1,2026-09-01 20:09:35,2026-09-01 18:09:35,12.0,exakt,influx_switch
Reihe 1,2026-09-01 20:40:05,2026-09-01 18:40:05,12.0,exakt,influx_switch
Reihe 1,2026-09-02 06:00:05,2026-09-02 04:00:05,12.0,exakt,influx_switch
Reihe 1,2026-09-02 06:30:05,2026-09-02 04:30:05,12.0,exakt,influx_switch
Randreihe,2026-09-02 07:00:05,2026-09-02 05:00:05,180.0,exakt,influx_switch
Reihe 1,2026-09-02 07:00:05,2026-09-02 05:00:05,12.0,exakt,influx_switch
Reihe 2,2026-09-02 07:00:05,2026-09-02 05:00:05,180.0,exakt,influx_switch
Reihe 3,2026-09-02 07:00:05,2026-09-02 05:00:05,180.0,exakt,influx_switch
Reihe 1,2026-09-02 07:30:35,2026-09-02 05:30:35,12.0,exakt,influx_switch
Reihe 1,2026-09-02 08:01:05,2026-09-02 06:01:05,12.0,exakt,influx_switch
Reihe 1,2026-09-02 08:31:05,2026-09-02 06:31:05,12.0,exakt,influx_switch
Randreihe,2026-09-02 09:00:35,2026-09-02 07:00:35,180.0,exakt,influx_switch
Reihe 2,2026-09-02 09:00:35,2026-09-02 07:00:35,180.0,exakt,influx_switch
Reihe 3,2026-09-02 09:00:35,2026-09-02 07:00:35,180.0,exakt,influx_switch
Reihe 1,2026-09-02 09:01:05,2026-09-02 07:01:05,12.0,exakt,influx_switch
Reihe 1,2026-09-02 09:31:35,2026-09-02 07:31:35,12.0,exakt,influx_switch
Reihe 1,2026-09-02 10:02:05,2026-09-02 08:02:05,12.0,exakt,influx_switch
Reihe 1,2026-09-02 10:32:05,2026-09-02 08:32:05,12.0,exakt,influx_switch
Reihe 3,2026-09-02 10:45:05,2026-09-02 08:45:05,180.0,exakt,influx_switch
Randreihe,2026-09-02 11:00:35,2026-09-02 09:00:35,180.0,exakt,influx_switch
Reihe 2,2026-09-02 11:01:05,2026-09-02 09:01:05,180.0,exakt,influx_switch
Reihe 1,2026-09-02 11:02:35,2026-09-02 09:02:35,12.0,exakt,influx_switch
Reihe 1,2026-09-02 11:33:05,2026-09-02 09:33:05,12.0,exakt,influx_switch
Reihe 3,2026-09-02 11:55:35,2026-09-02 09:55:35,180.0,exakt,influx_switch
Reihe 1,2026-09-02 12:03:35,2026-09-02 10:03:35,12.0,exakt,influx_switch
Randreihe,2026-09-02 12:11:35,2026-09-02 10:11:35,180.0,exakt,influx_switch
Reihe 2,2026-09-02 12:11:35,2026-09-02 10:11:35,180.0,exakt,influx_switch
Reihe 1,2026-09-02 12:33:35,2026-09-02 10:33:35,12.0,exakt,influx_switch
Reihe 3,2026-09-02 12:34:35,2026-09-02 10:34:35,180.0,exakt,influx_switch
Randreihe,2026-09-02 12:58:05,2026-09-02 10:58:05,180.0,exakt,influx_switch
Reihe 2,2026-09-02 12:58:05,2026-09-02 10:58:05,180.0,exakt,influx_switch
Reihe 1,2026-09-02 13:03:35,2026-09-02 11:03:35,12.0,exakt,influx_switch
Reihe 3,2026-09-02 13:08:05,2026-09-02 11:08:05,180.0,exakt,influx_switch
Reihe 1,2026-09-02 13:33:35,2026-09-02 11:33:35,12.0,exakt,influx_switch
Randreihe,2026-09-02 13:41:05,2026-09-02 11:41:05,180.0,exakt,influx_switch
Reihe 2,2026-09-02 13:41:05,2026-09-02 11:41:05,180.0,exakt,influx_switch
Reihe 3,2026-09-02 13:43:05,2026-09-02 11:43:05,180.0,exakt,influx_switch
Reihe 1,2026-09-02 14:04:05,2026-09-02 12:04:05,12.0,exakt,influx_switch
Reihe 1,2026-09-02 14:34:05,2026-09-02 12:34:05,12.0,exakt,influx_switch
Reihe 3,2026-09-02 14:38:35,2026-09-02 12:38:35,180.0,exakt,influx_switch
Randreihe,2026-09-02 14:44:35,2026-09-02 12:44:35,180.0,exakt,influx_switch
Reihe 2,2026-09-02 14:44:35,2026-09-02 12:44:35,180.0,exakt,influx_switch
Reihe 1,2026-09-02 15:04:35,2026-09-02 13:04:35,12.0,exakt,influx_switch
Reihe 3,2026-09-02 15:19:05,2026-09-02 13:19:05,180.0,exakt,influx_switch
Reihe 1,2026-09-02 15:35:05,2026-09-02 13:35:05,12.0,exakt,influx_switch
Reihe 1,2026-09-02 16:05:35,2026-09-02 14:05:35,12.0,exakt,influx_switch
Randreihe,2026-09-02 16:06:05,2026-09-02 14:06:05,180.0,exakt,influx_switch
Reihe 2,2026-09-02 16:06:05,2026-09-02 14:06:05,180.0,exakt,influx_switch
Reihe 1,2026-09-02 16:36:05,2026-09-02 14:36:05,12.0,exakt,influx_switch
Reihe 3,2026-09-02 16:49:05,2026-09-02 14:49:05,180.0,exakt,influx_switch
Reihe 1,2026-09-02 17:06:05,2026-09-02 15:06:05,12.0,exakt,influx_switch
Reihe 1,2026-09-02 17:36:35,2026-09-02 15:36:35,12.0,exakt,influx_switch
Randreihe,2026-09-02 17:57:35,2026-09-02 15:57:35,180.0,exakt,influx_switch
Reihe 2,2026-09-02 17:57:35,2026-09-02 15:57:35,180.0,exakt,influx_switch
Randreihe,2026-09-02 18:00:00,2026-09-02 16:00:00,95,stunde_rekonstruiert,ha_lts_power_energy
Reihe 2,2026-09-02 18:00:00,2026-09-02 16:00:00,72,stunde_rekonstruiert,ha_lts_power_energy
Reihe 1,2026-09-02 18:07:05,2026-09-02 16:07:05,12.0,exakt,influx_switch
Reihe 1,2026-09-02 18:37:35,2026-09-02 16:37:35,12.0,exakt,influx_switch
Reihe 1,2026-09-02 19:08:05,2026-09-02 17:08:05,12.0,exakt,influx_switch
Reihe 1,2026-09-02 19:38:35,2026-09-02 17:38:35,12.0,exakt,influx_switch
Reihe 1,2026-09-02 20:08:35,2026-09-02 18:08:35,12.0,exakt,influx_switch
Reihe 1,2026-09-02 20:39:05,2026-09-02 18:39:05,12.0,exakt,influx_switch
Reihe 1,2026-09-03 06:00:05,2026-09-03 04:00:05,12.0,exakt,influx_switch
Reihe 1,2026-09-03 06:30:05,2026-09-03 04:30:05,12.0,exakt,influx_switch
Randreihe,2026-09-03 07:00:05,2026-09-03 05:00:05,180.0,exakt,influx_switch
Reihe 1,2026-09-03 07:00:05,2026-09-03 05:00:05,12.0,exakt,influx_switch
Reihe 2,2026-09-03 07:00:05,2026-09-03 05:00:05,180.0,exakt,influx_switch
Reihe 3,2026-09-03 07:00:05,2026-09-03 05:00:05,180.0,exakt,influx_switch
Reihe 1,2026-09-03 07:30:35,2026-09-03 05:30:35,12.0,exakt,influx_switch
Reihe 1,2026-09-03 08:01:05,2026-09-03 06:01:05,12.0,exakt,influx_switch
Reihe 1,2026-09-03 08:31:05,2026-09-03 06:31:05,12.0,exakt,influx_switch
Randreihe,2026-09-03 09:00:35,2026-09-03 07:00:35,180.0,exakt,influx_switch
Reihe 2,2026-09-03 09:00:35,2026-09-03 07:00:35,180.0,exakt,influx_switch
Reihe 3,2026-09-03 09:00:35,2026-09-03 07:00:35,180.0,exakt,influx_switch
Reihe 1,2026-09-03 09:01:05,2026-09-03 07:01:05,12.0,exakt,influx_switch
Reihe 1,2026-09-03 09:31:35,2026-09-03 07:31:35,12.0,exakt,influx_switch
Reihe 1,2026-09-03 10:01:35,2026-09-03 08:01:35,12.0,exakt,influx_switch
Reihe 1,2026-09-03 10:32:05,2026-09-03 08:32:05,12.0,exakt,influx_switch
Reihe 3,2026-09-03 10:33:05,2026-09-03 08:33:05,180.0,exakt,influx_switch
Randreihe,2026-09-03 10:45:35,2026-09-03 08:45:35,180.0,exakt,influx_switch
Reihe 2,2026-09-03 10:45:35,2026-09-03 08:45:35,180.0,exakt,influx_switch
Reihe 1,2026-09-03 11:02:35,2026-09-03 09:02:35,12.0,exakt,influx_switch
Reihe 1,2026-09-03 11:33:05,2026-09-03 09:33:05,12.0,exakt,influx_switch
Reihe 3,2026-09-03 11:33:05,2026-09-03 09:33:05,180.0,exakt,influx_switch
Randreihe,2026-09-03 12:02:35,2026-09-03 10:02:35,180.0,exakt,influx_switch
Reihe 2,2026-09-03 12:02:35,2026-09-03 10:02:35,180.0,exakt,influx_switch
Reihe 1,2026-09-03 12:03:35,2026-09-03 10:03:35,12.0,exakt,influx_switch
Reihe 3,2026-09-03 12:24:05,2026-09-03 10:24:05,180.0,exakt,influx_switch
Reihe 1,2026-09-03 12:33:35,2026-09-03 10:33:35,12.0,exakt,influx_switch
Reihe 1,2026-09-03 13:04:05,2026-09-03 11:04:05,12.0,exakt,influx_switch
Randreihe,2026-09-03 13:06:05,2026-09-03 11:06:05,180.0,exakt,influx_switch
Reihe 2,2026-09-03 13:06:05,2026-09-03 11:06:05,180.0,exakt,influx_switch
Reihe 3,2026-09-03 13:20:05,2026-09-03 11:20:05,180.0,exakt,influx_switch
Reihe 1,2026-09-03 13:34:35,2026-09-03 11:34:35,12.0,exakt,influx_switch
Reihe 1,2026-09-03 14:04:35,2026-09-03 12:04:35,12.0,exakt,influx_switch
Randreihe,2026-09-03 14:07:35,2026-09-03 12:07:35,180.0,exakt,influx_switch
Reihe 2,2026-09-03 14:07:35,2026-09-03 12:07:35,180.0,exakt,influx_switch
Reihe 3,2026-09-03 14:08:05,2026-09-03 12:08:05,180.0,exakt,influx_switch
Reihe 1,2026-09-03 14:34:35,2026-09-03 12:34:35,12.0,exakt,influx_switch
Reihe 3,2026-09-03 14:48:05,2026-09-03 12:48:05,180.0,exakt,influx_switch
Randreihe,2026-09-03 15:02:05,2026-09-03 13:02:05,180.0,exakt,influx_switch
Reihe 2,2026-09-03 15:02:05,2026-09-03 13:02:05,180.0,exakt,influx_switch
Reihe 1,2026-09-03 15:04:35,2026-09-03 13:04:35,12.0,exakt,influx_switch
Reihe 1,2026-09-03 15:35:05,2026-09-03 13:35:05,12.0,exakt,influx_switch
Reihe 1,2026-09-03 16:05:35,2026-09-03 14:05:35,12.0,exakt,influx_switch
Reihe 3,2026-09-03 16:10:05,2026-09-03 14:10:05,180.0,exakt,influx_switch
Reihe 1,2026-09-03 16:36:05,2026-09-03 14:36:05,12.0,exakt,influx_switch
Randreihe,2026-09-03 16:44:35,2026-09-03 14:44:35,180.0,exakt,influx_switch
Reihe 2,2026-09-03 16:44:35,2026-09-03 14:44:35,180.0,exakt,influx_switch
Reihe 1,2026-09-03 17:06:05,2026-09-03 15:06:05,12.0,exakt,influx_switch
Reihe 1,2026-09-03 17:36:35,2026-09-03 15:36:35,12.0,exakt,influx_switch
Reihe 1,2026-09-03 18:07:05,2026-09-03 16:07:05,12.0,exakt,influx_switch
Reihe 1,2026-09-03 18:37:05,2026-09-03 16:37:05,12.0,exakt,influx_switch
Reihe 1,2026-09-03 19:07:35,2026-09-03 17:07:35,12.0,exakt,influx_switch
Reihe 1,2026-09-03 19:38:05,2026-09-03 17:38:05,12.0,exakt,influx_switch
Reihe 1,2026-09-03 20:08:35,2026-09-03 18:08:35,12.0,exakt,influx_switch
Reihe 1,2026-09-03 20:39:05,2026-09-03 18:39:05,12.0,exakt,influx_switch
Reihe 1,2026-09-04 06:00:05,2026-09-04 04:00:05,12.0,exakt,influx_switch
Reihe 1,2026-09-04 06:30:05,2026-09-04 04:30:05,12.0,exakt,influx_switch
Randreihe,2026-09-04 07:00:05,2026-09-04 05:00:05,180.0,exakt,influx_switch
Reihe 1,2026-09-04 07:00:05,2026-09-04 05:00:05,12.0,exakt,influx_switch
Reihe 2,2026-09-04 07:00:05,2026-09-04 05:00:05,180.0,exakt,influx_switch
Reihe 3,2026-09-04 07:00:05,2026-09-04 05:00:05,180.0,exakt,influx_switch
Reihe 1,2026-09-04 07:30:35,2026-09-04 05:30:35,12.0,exakt,influx_switch
Reihe 1,2026-09-04 08:01:05,2026-09-04 06:01:05,12.0,exakt,influx_switch
Reihe 1,2026-09-04 08:31:35,2026-09-04 06:31:35,12.0,exakt,influx_switch
Randreihe,2026-09-04 09:00:35,2026-09-04 07:00:35,180.0,exakt,influx_switch
Reihe 2,2026-09-04 09:00:35,2026-09-04 07:00:35,180.0,exakt,influx_switch
Reihe 3,2026-09-04 09:00:35,2026-09-04 07:00:35,180.0,exakt,influx_switch
Reihe 1,2026-09-04 09:02:05,2026-09-04 07:02:05,12.0,exakt,influx_switch
Reihe 1,2026-09-04 09:32:35,2026-09-04 07:32:35,12.0,exakt,influx_switch
Reihe 1,2026-09-04 10:03:05,2026-09-04 08:03:05,12.0,exakt,influx_switch
Reihe 3,2026-09-04 10:29:05,2026-09-04 08:29:05,180.0,exakt,influx_switch
Reihe 1,2026-09-04 10:33:35,2026-09-04 08:33:35,12.0,exakt,influx_switch
Randreihe,2026-09-04 10:41:35,2026-09-04 08:41:35,180.0,exakt,influx_switch
Reihe 2,2026-09-04 10:41:35,2026-09-04 08:41:35,180.0,exakt,influx_switch
Reihe 1,2026-09-04 11:03:35,2026-09-04 09:03:35,12.0,exakt,influx_switch
Reihe 3,2026-09-04 11:15:35,2026-09-04 09:15:35,180.0,exakt,influx_switch
Reihe 1,2026-09-04 11:34:05,2026-09-04 09:34:05,12.0,exakt,influx_switch
Randreihe,2026-09-04 11:35:35,2026-09-04 09:35:35,180.0,exakt,influx_switch
Reihe 2,2026-09-04 11:35:35,2026-09-04 09:35:35,180.0,exakt,influx_switch
Reihe 3,2026-09-04 11:55:05,2026-09-04 09:55:05,180.0,exakt,influx_switch
Reihe 1,2026-09-04 12:04:35,2026-09-04 10:04:35,12.0,exakt,influx_switch
Randreihe,2026-09-04 12:21:05,2026-09-04 10:21:05,180.0,exakt,influx_switch
Reihe 2,2026-09-04 12:21:05,2026-09-04 10:21:05,180.0,exakt,influx_switch
Reihe 3,2026-09-04 12:30:05,2026-09-04 10:30:05,180.0,exakt,influx_switch
Reihe 1,2026-09-04 12:35:05,2026-09-04 10:35:05,12.0,exakt,influx_switch
Randreihe,2026-09-04 13:02:35,2026-09-04 11:02:35,180.0,exakt,influx_switch
Reihe 2,2026-09-04 13:02:35,2026-09-04 11:02:35,180.0,exakt,influx_switch
Reihe 3,2026-09-04 13:03:05,2026-09-04 11:03:05,180.0,exakt,influx_switch
Reihe 1,2026-09-04 13:05:05,2026-09-04 11:05:05,12.0,exakt,influx_switch
Reihe 3,2026-09-04 13:35:05,2026-09-04 11:35:05,180.0,exakt,influx_switch
Reihe 1,2026-09-04 13:35:35,2026-09-04 11:35:35,12.0,exakt,influx_switch
Randreihe,2026-09-04 13:42:35,2026-09-04 11:42:35,180.0,exakt,influx_switch
Reihe 2,2026-09-04 13:42:35,2026-09-04 11:42:35,180.0,exakt,influx_switch
Reihe 1,2026-09-04 14:06:05,2026-09-04 12:06:05,12.0,exakt,influx_switch
Reihe 3,2026-09-04 14:06:35,2026-09-04 12:06:35,180.0,exakt,influx_switch
Randreihe,2026-09-04 14:21:35,2026-09-04 12:21:35,180.0,exakt,influx_switch
Reihe 2,2026-09-04 14:21:35,2026-09-04 12:21:35,180.0,exakt,influx_switch
Reihe 1,2026-09-04 14:36:05,2026-09-04 12:36:05,12.0,exakt,influx_switch
Reihe 3,2026-09-04 14:39:05,2026-09-04 12:39:05,180.0,exakt,influx_switch
Randreihe,2026-09-04 15:02:35,2026-09-04 13:02:35,180.0,exakt,influx_switch
Reihe 2,2026-09-04 15:02:35,2026-09-04 13:02:35,180.0,exakt,influx_switch
Reihe 1,2026-09-04 15:06:05,2026-09-04 13:06:05,12.0,exakt,influx_switch
Reihe 3,2026-09-04 15:12:05,2026-09-04 13:12:05,180.0,exakt,influx_switch
Reihe 1,2026-09-04 15:36:35,2026-09-04 13:36:35,12.0,exakt,influx_switch
Reihe 1,2026-09-04 16:06:35,2026-09-04 14:06:35,12.0,exakt,influx_switch
Reihe 1,2026-09-04 16:37:05,2026-09-04 14:37:05,12.0,exakt,influx_switch
Randreihe,2026-09-04 16:45:05,2026-09-04 14:45:05,180.0,exakt,influx_switch
Reihe 2,2026-09-04 16:45:05,2026-09-04 14:45:05,180.0,exakt,influx_switch
Reihe 3,2026-09-04 16:46:35,2026-09-04 14:46:35,180.0,exakt,influx_switch
Reihe 1,2026-09-04 17:07:05,2026-09-04 15:07:05,12.0,exakt,influx_switch
Reihe 1,2026-09-04 17:37:35,2026-09-04 15:37:35,12.0,exakt,influx_switch
Reihe 3,2026-09-04 17:46:35,2026-09-04 15:46:35,180.0,exakt,influx_switch
Reihe 1,2026-09-04 18:08:05,2026-09-04 16:08:05,12.0,exakt,influx_switch
Reihe 1,2026-09-04 18:38:35,2026-09-04 16:38:35,12.0,exakt,influx_switch
Reihe 1,2026-09-04 19:09:05,2026-09-04 17:09:05,12.0,exakt,influx_switch
Reihe 1,2026-09-04 19:39:35,2026-09-04 17:39:35,12.0,exakt,influx_switch
Reihe 1,2026-09-04 20:09:35,2026-09-04 18:09:35,12.0,exakt,influx_switch
Reihe 1,2026-09-04 20:40:05,2026-09-04 18:40:05,12.0,exakt,influx_switch
Reihe 1,2026-09-05 06:00:05,2026-09-05 04:00:05,12.0,exakt,influx_switch
Reihe 1,2026-09-05 06:30:05,2026-09-05 04:30:05,12.0,exakt,influx_switch
Randreihe,2026-09-05 07:00:05,2026-09-05 05:00:05,180.0,exakt,influx_switch
Reihe 1,2026-09-05 07:00:05,2026-09-05 05:00:05,12.0,exakt,influx_switch
Reihe 2,2026-09-05 07:00:05,2026-09-05 05:00:05,180.0,exakt,influx_switch
Reihe 3,2026-09-05 07:00:05,2026-09-05 05:00:05,180.0,exakt,influx_switch
Reihe 1,2026-09-05 07:30:35,2026-09-05 05:30:35,12.0,exakt,influx_switch
Reihe 1,2026-09-05 08:01:05,2026-09-05 06:01:05,12.0,exakt,influx_switch
Reihe 1,2026-09-05 08:31:35,2026-09-05 06:31:35,12.0,exakt,influx_switch
Randreihe,2026-09-05 09:00:35,2026-09-05 07:00:35,180.0,exakt,influx_switch
Reihe 2,2026-09-05 09:00:35,2026-09-05 07:00:35,180.0,exakt,influx_switch
Reihe 3,2026-09-05 09:00:35,2026-09-05 07:00:35,180.0,exakt,influx_switch
Reihe 1,2026-09-05 09:01:35,2026-09-05 07:01:35,12.0,exakt,influx_switch
Reihe 1,2026-09-05 09:32:05,2026-09-05 07:32:05,12.0,exakt,influx_switch
Reihe 1,2026-09-05 10:02:35,2026-09-05 08:02:35,12.0,exakt,influx_switch
Reihe 3,2026-09-05 10:28:05,2026-09-05 08:28:05,180.0,exakt,influx_switch
Reihe 1,2026-09-05 10:32:35,2026-09-05 08:32:35,12.0,exakt,influx_switch
Randreihe,2026-09-05 10:42:35,2026-09-05 08:42:35,180.0,exakt,influx_switch
Reihe 2,2026-09-05 10:42:35,2026-09-05 08:42:35,180.0,exakt,influx_switch
Reihe 1,2026-09-05 11:03:05,2026-09-05 09:03:05,12.0,exakt,influx_switch
Reihe 3,2026-09-05 11:25:05,2026-09-05 09:25:05,180.0,exakt,influx_switch
Reihe 1,2026-09-05 11:33:35,2026-09-05 09:33:35,12.0,exakt,influx_switch
Randreihe,2026-09-05 11:47:05,2026-09-05 09:47:05,180.0,exakt,influx_switch
Reihe 2,2026-09-05 11:47:05,2026-09-05 09:47:05,180.0,exakt,influx_switch
Reihe 1,2026-09-05 12:03:35,2026-09-05 10:03:35,12.0,exakt,influx_switch
Reihe 3,2026-09-05 12:11:35,2026-09-05 10:11:35,180.0,exakt,influx_switch
Reihe 1,2026-09-05 12:34:05,2026-09-05 10:34:05,12.0,exakt,influx_switch
Randreihe,2026-09-05 12:50:05,2026-09-05 10:50:05,180.0,exakt,influx_switch
Reihe 2,2026-09-05 12:50:05,2026-09-05 10:50:05,180.0,exakt,influx_switch
Reihe 3,2026-09-05 13:00:35,2026-09-05 11:00:35,180.0,exakt,influx_switch
Reihe 1,2026-09-05 13:04:35,2026-09-05 11:04:35,12.0,exakt,influx_switch
Reihe 1,2026-09-05 13:34:35,2026-09-05 11:34:35,12.0,exakt,influx_switch
Randreihe,2026-09-05 13:48:05,2026-09-05 11:48:05,180.0,exakt,influx_switch
Reihe 2,2026-09-05 13:48:05,2026-09-05 11:48:05,180.0,exakt,influx_switch
Reihe 3,2026-09-05 13:48:05,2026-09-05 11:48:05,180.0,exakt,influx_switch
Reihe 1,2026-09-05 14:05:05,2026-09-05 12:05:05,12.0,exakt,influx_switch
Reihe 3,2026-09-05 14:25:05,2026-09-05 12:25:05,180.0,exakt,influx_switch
Randreihe,2026-09-05 14:33:05,2026-09-05 12:33:05,180.0,exakt,influx_switch
Reihe 2,2026-09-05 14:33:05,2026-09-05 12:33:05,180.0,exakt,influx_switch
Reihe 1,2026-09-05 14:35:05,2026-09-05 12:35:05,12.0,exakt,influx_switch
Reihe 3,2026-09-05 14:58:05,2026-09-05 12:58:05,180.0,exakt,influx_switch
Reihe 3,2026-09-05 15:00:00,2026-09-05 13:00:00,125,stunde_rekonstruiert,ha_lts_power_energy
Reihe 1,2026-09-05 15:05:35,2026-09-05 13:05:35,12.0,exakt,influx_switch
Randreihe,2026-09-05 15:15:05,2026-09-05 13:15:05,180.0,exakt,influx_switch
Reihe 2,2026-09-05 15:15:05,2026-09-05 13:15:05,180.0,exakt,influx_switch
Reihe 1,2026-09-05 15:36:05,2026-09-05 13:36:05,12.0,exakt,influx_switch
Reihe 1,2026-09-05 16:06:05,2026-09-05 14:06:05,12.0,exakt,influx_switch
Reihe 3,2026-09-05 16:23:35,2026-09-05 14:23:35,180.0,exakt,influx_switch
Reihe 1,2026-09-05 16:36:35,2026-09-05 14:36:35,12.0,exakt,influx_switch
Reihe 1,2026-09-05 17:07:05,2026-09-05 15:07:05,12.0,exakt,influx_switch
Randreihe,2026-09-05 17:11:05,2026-09-05 15:11:05,180.0,exakt,influx_switch
Reihe 2,2026-09-05 17:11:05,2026-09-05 15:11:05,180.0,exakt,influx_switch
Reihe 3,2026-09-05 17:27:35,2026-09-05 15:27:35,180.0,exakt,influx_switch
Reihe 1,2026-09-05 17:37:05,2026-09-05 15:37:05,12.0,exakt,influx_switch
Reihe 1,2026-09-05 18:07:35,2026-09-05 16:07:35,12.0,exakt,influx_switch
Reihe 1,2026-09-05 18:38:05,2026-09-05 16:38:05,12.0,exakt,influx_switch
Reihe 1,2026-09-05 19:08:35,2026-09-05 17:08:35,12.0,exakt,influx_switch
Reihe 1,2026-09-05 19:39:05,2026-09-05 17:39:05,12.0,exakt,influx_switch
Reihe 1,2026-09-05 20:09:05,2026-09-05 18:09:05,12.0,exakt,influx_switch
Reihe 1,2026-09-05 20:39:35,2026-09-05 18:39:35,12.0,exakt,influx_switch
Reihe 1,2026-09-06 06:00:05,2026-09-06 04:00:05,12.0,exakt,influx_switch
Reihe 1,2026-09-06 06:30:05,2026-09-06 04:30:05,12.0,exakt,influx_switch
Randreihe,2026-09-06 07:00:05,2026-09-06 05:00:05,180.0,exakt,influx_switch
Reihe 1,2026-09-06 07:00:05,2026-09-06 05:00:05,12.0,exakt,influx_switch
Reihe 2,2026-09-06 07:00:05,2026-09-06 05:00:05,180.0,exakt,influx_switch
Reihe 3,2026-09-06 07:00:05,2026-09-06 05:00:05,180.0,exakt,influx_switch
Reihe 1,2026-09-06 07:30:35,2026-09-06 05:30:35,12.0,exakt,influx_switch
Reihe 1,2026-09-06 08:01:05,2026-09-06 06:01:05,12.0,exakt,influx_switch
Reihe 1,2026-09-06 08:31:05,2026-09-06 06:31:05,12.0,exakt,influx_switch
Randreihe,2026-09-06 09:00:35,2026-09-06 07:00:35,180.0,exakt,influx_switch
Reihe 2,2026-09-06 09:00:35,2026-09-06 07:00:35,180.0,exakt,influx_switch
Reihe 3,2026-09-06 09:00:35,2026-09-06 07:00:35,180.0,exakt,influx_switch
Reihe 1,2026-09-06 09:01:05,2026-09-06 07:01:05,12.0,exakt,influx_switch
Reihe 1,2026-09-06 09:31:35,2026-09-06 07:31:35,12.0,exakt,influx_switch
Reihe 1,2026-09-06 10:02:05,2026-09-06 08:02:05,12.0,exakt,influx_switch
Reihe 1,2026-09-06 10:32:35,2026-09-06 08:32:35,12.0,exakt,influx_switch
Reihe 3,2026-09-06 10:38:05,2026-09-06 08:38:05,180.0,exakt,influx_switch
Randreihe,2026-09-06 10:50:35,2026-09-06 08:50:35,180.0,exakt,influx_switch
Reihe 2,2026-09-06 10:50:35,2026-09-06 08:50:35,180.0,exakt,influx_switch
Reihe 1,2026-09-06 11:02:35,2026-09-06 09:02:35,12.0,exakt,influx_switch
Reihe 3,2026-09-06 11:24:05,2026-09-06 09:24:05,180.0,exakt,influx_switch
Reihe 1,2026-09-06 11:33:05,2026-09-06 09:33:05,12.0,exakt,influx_switch
Randreihe,2026-09-06 11:44:05,2026-09-06 09:44:05,180.0,exakt,influx_switch
Reihe 2,2026-09-06 11:44:05,2026-09-06 09:44:05,180.0,exakt,influx_switch
Reihe 3,2026-09-06 12:03:05,2026-09-06 10:03:05,180.0,exakt,influx_switch
Reihe 1,2026-09-06 12:03:35,2026-09-06 10:03:35,12.0,exakt,influx_switch
Randreihe,2026-09-06 12:29:35,2026-09-06 10:29:35,180.0,exakt,influx_switch
Reihe 2,2026-09-06 12:29:35,2026-09-06 10:29:35,180.0,exakt,influx_switch
Reihe 1,2026-09-06 12:34:05,2026-09-06 10:34:05,12.0,exakt,influx_switch
Reihe 3,2026-09-06 12:38:35,2026-09-06 10:38:35,180.0,exakt,influx_switch
Reihe 1,2026-09-06 13:04:05,2026-09-06 11:04:05,12.0,exakt,influx_switch
Randreihe,2026-09-06 13:11:35,2026-09-06 11:11:35,180.0,exakt,influx_switch
Reihe 2,2026-09-06 13:11:35,2026-09-06 11:11:35,180.0,exakt,influx_switch
Reihe 3,2026-09-06 13:12:05,2026-09-06 11:12:05,180.0,exakt,influx_switch
Reihe 1,2026-09-06 13:34:05,2026-09-06 11:34:05,12.0,exakt,influx_switch
Reihe 3,2026-09-06 13:44:35,2026-09-06 11:44:35,180.0,exakt,influx_switch
Randreihe,2026-09-06 13:51:35,2026-09-06 11:51:35,180.0,exakt,influx_switch
Reihe 2,2026-09-06 13:51:35,2026-09-06 11:51:35,180.0,exakt,influx_switch
Reihe 1,2026-09-06 14:04:35,2026-09-06 12:04:35,12.0,exakt,influx_switch
Reihe 3,2026-09-06 14:16:35,2026-09-06 12:16:35,180.0,exakt,influx_switch
Randreihe,2026-09-06 14:32:05,2026-09-06 12:32:05,180.0,exakt,influx_switch
Reihe 2,2026-09-06 14:32:05,2026-09-06 12:32:05,180.0,exakt,influx_switch
Reihe 1,2026-09-06 14:34:35,2026-09-06 12:34:35,12.0,exakt,influx_switch
Reihe 3,2026-09-06 14:49:35,2026-09-06 12:49:35,180.0,exakt,influx_switch
Reihe 1,2026-09-06 15:04:35,2026-09-06 13:04:35,12.0,exakt,influx_switch
Randreihe,2026-09-06 15:14:05,2026-09-06 13:14:05,180.0,exakt,influx_switch
Reihe 2,2026-09-06 15:14:05,2026-09-06 13:14:05,180.0,exakt,influx_switch
Reihe 1,2026-09-06 15:35:05,2026-09-06 13:35:05,12.0,exakt,influx_switch
Reihe 3,2026-09-06 15:41:05,2026-09-06 13:41:05,180.0,exakt,influx_switch
Reihe 1,2026-09-06 16:05:05,2026-09-06 14:05:05,12.0,exakt,influx_switch
Reihe 1,2026-09-06 16:35:05,2026-09-06 14:35:05,12.0,exakt,influx_switch
Reihe 1,2026-09-06 17:05:05,2026-09-06 15:05:05,12.0,exakt,influx_switch
Randreihe,2026-09-06 17:14:35,2026-09-06 15:14:35,180.0,exakt,influx_switch
Reihe 2,2026-09-06 17:14:35,2026-09-06 15:14:35,180.0,exakt,influx_switch
Reihe 3,2026-09-06 17:21:05,2026-09-06 15:21:05,180.0,exakt,influx_switch
Reihe 1,2026-09-06 17:35:35,2026-09-06 15:35:35,12.0,exakt,influx_switch
Reihe 1,2026-09-06 18:06:05,2026-09-06 16:06:05,12.0,exakt,influx_switch
Reihe 1,2026-09-06 18:36:35,2026-09-06 16:36:35,12.0,exakt,influx_switch
Reihe 1,2026-09-06 19:06:35,2026-09-06 17:06:35,12.0,exakt,influx_switch
Reihe 1,2026-09-06 19:37:05,2026-09-06 17:37:05,12.0,exakt,influx_switch
Reihe 1,2026-09-06 20:07:05,2026-09-06 18:07:05,12.0,exakt,influx_switch
Reihe 1,2026-09-06 20:37:35,2026-09-06 18:37:35,12.0,exakt,influx_switch
Reihe 1,2026-09-07 06:00:05,2026-09-07 04:00:05,12.0,exakt,influx_switch
Reihe 1,2026-09-07 06:30:05,2026-09-07 04:30:05,12.0,exakt,influx_switch
Randreihe,2026-09-07 07:00:05,2026-09-07 05:00:05,180.0,exakt,influx_switch
Reihe 1,2026-09-07 07:00:05,2026-09-07 05:00:05,12.0,exakt,influx_switch
Reihe 2,2026-09-07 07:00:05,2026-09-07 05:00:05,180.0,exakt,influx_switch
Reihe 3,2026-09-07 07:00:05,2026-09-07 05:00:05,180.0,exakt,influx_switch
Reihe 1,2026-09-07 07:30:35,2026-09-07 05:30:35,12.0,exakt,influx_switch
Reihe 1,2026-09-07 08:01:05,2026-09-07 06:01:05,12.0,exakt,influx_switch
Reihe 1,2026-09-07 08:31:35,2026-09-07 06:31:35,12.0,exakt,influx_switch
Randreihe,2026-09-07 09:00:35,2026-09-07 07:00:35,180.0,exakt,influx_switch
Reihe 2,2026-09-07 09:00:35,2026-09-07 07:00:35,180.0,exakt,influx_switch
Reihe 3,2026-09-07 09:00:35,2026-09-07 07:00:35,180.0,exakt,influx_switch
Reihe 1,2026-09-07 09:02:05,2026-09-07 07:02:05,12.0,exakt,influx_switch
Reihe 1,2026-09-07 09:32:35,2026-09-07 07:32:35,12.0,exakt,influx_switch
Reihe 1,2026-09-07 10:03:05,2026-09-07 08:03:05,12.0,exakt,influx_switch
Reihe 1,2026-09-07 10:33:35,2026-09-07 08:33:35,12.0,exakt,influx_switch
Randreihe,2026-09-07 11:01:05,2026-09-07 09:01:05,180.0,exakt,influx_switch
Reihe 2,2026-09-07 11:01:05,2026-09-07 09:01:05,180.0,exakt,influx_switch
Reihe 3,2026-09-07 11:01:05,2026-09-07 09:01:05,180.0,exakt,influx_switch
Reihe 1,2026-09-07 11:04:05,2026-09-07 09:04:05,12.0,exakt,influx_switch
Reihe 1,2026-09-07 11:34:35,2026-09-07 09:34:35,12.0,exakt,influx_switch
Reihe 1,2026-09-07 12:04:35,2026-09-07 10:04:35,12.0,exakt,influx_switch
Reihe 3,2026-09-07 12:21:35,2026-09-07 10:21:35,180.0,exakt,influx_switch
Randreihe,2026-09-07 12:30:05,2026-09-07 10:30:05,180.0,exakt,influx_switch
Reihe 2,2026-09-07 12:30:05,2026-09-07 10:30:05,180.0,exakt,influx_switch
Reihe 1,2026-09-07 12:35:05,2026-09-07 10:35:05,12.0,exakt,influx_switch
Reihe 3,2026-09-07 12:56:05,2026-09-07 10:56:05,180.0,exakt,influx_switch
Reihe 1,2026-09-07 13:05:05,2026-09-07 11:05:05,12.0,exakt,influx_switch
Randreihe,2026-09-07 13:12:35,2026-09-07 11:12:35,180.0,exakt,influx_switch
Reihe 2,2026-09-07 13:12:35,2026-09-07 11:12:35,180.0,exakt,influx_switch
Reihe 3,2026-09-07 13:29:35,2026-09-07 11:29:35,180.0,exakt,influx_switch
Reihe 1,2026-09-07 13:35:05,2026-09-07 11:35:05,12.0,exakt,influx_switch
Randreihe,2026-09-07 13:54:05,2026-09-07 11:54:05,180.0,exakt,influx_switch
Reihe 2,2026-09-07 13:54:05,2026-09-07 11:54:05,180.0,exakt,influx_switch
Reihe 3,2026-09-07 14:02:35,2026-09-07 12:02:35,180.0,exakt,influx_switch
Reihe 1,2026-09-07 14:05:35,2026-09-07 12:05:35,12.0,exakt,influx_switch
Reihe 1,2026-09-07 14:35:35,2026-09-07 12:35:35,12.0,exakt,influx_switch
Randreihe,2026-09-07 14:38:35,2026-09-07 12:38:35,180.0,exakt,influx_switch
Reihe 2,2026-09-07 14:38:35,2026-09-07 12:38:35,180.0,exakt,influx_switch
Reihe 3,2026-09-07 14:39:05,2026-09-07 12:39:05,180.0,exakt,influx_switch
Reihe 1,2026-09-07 15:05:35,2026-09-07 13:05:35,12.0,exakt,influx_switch
Reihe 3,2026-09-07 15:24:35,2026-09-07 13:24:35,180.0,exakt,influx_switch
Reihe 1,2026-09-07 15:36:05,2026-09-07 13:36:05,12.0,exakt,influx_switch
Randreihe,2026-09-07 15:52:35,2026-09-07 13:52:35,180.0,exakt,influx_switch
Reihe 2,2026-09-07 15:52:35,2026-09-07 13:52:35,180.0,exakt,influx_switch
Reihe 1,2026-09-07 16:06:05,2026-09-07 14:06:05,12.0,exakt,influx_switch
Reihe 1,2026-09-07 16:36:05,2026-09-07 14:36:05,12.0,exakt,influx_switch
Reihe 3,2026-09-07 16:54:05,2026-09-07 14:54:05,180.0,exakt,influx_switch
Reihe 1,2026-09-07 17:06:05,2026-09-07 15:06:05,12.0,exakt,influx_switch
Randreihe,2026-09-07 17:28:05,2026-09-07 15:28:05,180.0,exakt,influx_switch
Reihe 2,2026-09-07 17:28:05,2026-09-07 15:28:05,180.0,exakt,influx_switch
Reihe 1,2026-09-07 17:36:35,2026-09-07 15:36:35,12.0,exakt,influx_switch
Reihe 1,2026-09-07 18:07:05,2026-09-07 16:07:05,12.0,exakt,influx_switch
Reihe 1,2026-09-07 18:37:35,2026-09-07 16:37:35,12.0,exakt,influx_switch
Reihe 1,2026-09-07 19:08:05,2026-09-07 17:08:05,12.0,exakt,influx_switch
Reihe 1,2026-09-07 19:38:35,2026-09-07 17:38:35,12.0,exakt,influx_switch
Reihe 1,2026-09-07 20:08:35,2026-09-07 18:08:35,12.0,exakt,influx_switch
Reihe 1,2026-09-07 20:39:05,2026-09-07 18:39:05,12.0,exakt,influx_switch
Reihe 1,2026-09-08 06:00:05,2026-09-08 04:00:05,12.0,exakt,influx_switch
Reihe 1,2026-09-08 06:30:05,2026-09-08 04:30:05,12.0,exakt,influx_switch
Randreihe,2026-09-08 07:00:05,2026-09-08 05:00:05,180.0,exakt,influx_switch
Reihe 1,2026-09-08 07:00:05,2026-09-08 05:00:05,12.0,exakt,influx_switch
Reihe 2,2026-09-08 07:00:05,2026-09-08 05:00:05,180.0,exakt,influx_switch
Reihe 3,2026-09-08 07:00:05,2026-09-08 05:00:05,180.0,exakt,influx_switch
Reihe 1,2026-09-08 07:30:35,2026-09-08 05:30:35,12.0,exakt,influx_switch
Reihe 1,2026-09-08 08:00:35,2026-09-08 06:00:35,12.0,exakt,influx_switch
Reihe 1,2026-09-08 08:31:05,2026-09-08 06:31:05,12.0,exakt,influx_switch
Randreihe,2026-09-08 09:00:35,2026-09-08 07:00:35,180.0,exakt,influx_switch
Reihe 2,2026-09-08 09:00:35,2026-09-08 07:00:35,180.0,exakt,influx_switch
Reihe 3,2026-09-08 09:00:35,2026-09-08 07:00:35,180.0,exakt,influx_switch
Reihe 1,2026-09-08 09:01:05,2026-09-08 07:01:05,12.0,exakt,influx_switch
Reihe 1,2026-09-08 09:31:35,2026-09-08 07:31:35,12.0,exakt,influx_switch
Reihe 1,2026-09-08 10:02:05,2026-09-08 08:02:05,12.0,exakt,influx_switch
Reihe 1,2026-09-08 10:32:35,2026-09-08 08:32:35,12.0,exakt,influx_switch
Reihe 3,2026-09-08 10:35:05,2026-09-08 08:35:05,180.0,exakt,influx_switch
Randreihe,2026-09-08 10:49:05,2026-09-08 08:49:05,180.0,exakt,influx_switch
Reihe 2,2026-09-08 10:49:05,2026-09-08 08:49:05,180.0,exakt,influx_switch
Reihe 1,2026-09-08 11:03:05,2026-09-08 09:03:05,12.0,exakt,influx_switch
Reihe 3,2026-09-08 11:25:05,2026-09-08 09:25:05,180.0,exakt,influx_switch
Reihe 1,2026-09-08 11:33:35,2026-09-08 09:33:35,12.0,exakt,influx_switch
Randreihe,2026-09-08 11:46:05,2026-09-08 09:46:05,180.0,exakt,influx_switch
Reihe 2,2026-09-08 11:46:05,2026-09-08 09:46:05,180.0,exakt,influx_switch
Reihe 1,2026-09-08 12:04:05,2026-09-08 10:04:05,12.0,exakt,influx_switch
Reihe 3,2026-09-08 12:05:35,2026-09-08 10:05:35,180.0,exakt,influx_switch
Randreihe,2026-09-08 12:33:05,2026-09-08 10:33:05,180.0,exakt,influx_switch
Reihe 2,2026-09-08 12:33:05,2026-09-08 10:33:05,180.0,exakt,influx_switch
Reihe 1,2026-09-08 12:34:35,2026-09-08 10:34:35,12.0,exakt,influx_switch
Reihe 3,2026-09-08 12:42:05,2026-09-08 10:42:05,180.0,exakt,influx_switch
Reihe 1,2026-09-08 13:05:05,2026-09-08 11:05:05,12.0,exakt,influx_switch
Randreihe,2026-09-08 13:16:35,2026-09-08 11:16:35,180.0,exakt,influx_switch
Reihe 2,2026-09-08 13:16:35,2026-09-08 11:16:35,180.0,exakt,influx_switch
Reihe 3,2026-09-08 13:17:05,2026-09-08 11:17:05,180.0,exakt,influx_switch
Reihe 1,2026-09-08 13:35:35,2026-09-08 11:35:35,12.0,exakt,influx_switch
Reihe 3,2026-09-08 13:51:05,2026-09-08 11:51:05,180.0,exakt,influx_switch
Randreihe,2026-09-08 13:58:35,2026-09-08 11:58:35,180.0,exakt,influx_switch
Reihe 2,2026-09-08 13:58:35,2026-09-08 11:58:35,180.0,exakt,influx_switch
Reihe 1,2026-09-08 14:06:05,2026-09-08 12:06:05,12.0,exakt,influx_switch
Reihe 3,2026-09-08 14:26:05,2026-09-08 12:26:05,180.0,exakt,influx_switch
Reihe 1,2026-09-08 14:36:35,2026-09-08 12:36:35,12.0,exakt,influx_switch
Randreihe,2026-09-08 14:44:05,2026-09-08 12:44:05,180.0,exakt,influx_switch
Reihe 2,2026-09-08 14:44:05,2026-09-08 12:44:05,180.0,exakt,influx_switch
Reihe 1,2026-09-08 15:07:05,2026-09-08 13:07:05,12.0,exakt,influx_switch
Reihe 3,2026-09-08 15:13:35,2026-09-08 13:13:35,180.0,exakt,influx_switch
Reihe 1,2026-09-08 15:37:35,2026-09-08 13:37:35,12.0,exakt,influx_switch
Reihe 1,2026-09-08 16:08:05,2026-09-08 14:08:05,12.0,exakt,influx_switch
Randreihe,2026-09-08 16:16:35,2026-09-08 14:16:35,180.0,exakt,influx_switch
Reihe 2,2026-09-08 16:16:35,2026-09-08 14:16:35,180.0,exakt,influx_switch
Reihe 1,2026-09-08 16:38:35,2026-09-08 14:38:35,12.0,exakt,influx_switch
Reihe 3,2026-09-08 16:42:05,2026-09-08 14:42:05,180.0,exakt,influx_switch
Reihe 1,2026-09-08 17:08:35,2026-09-08 15:08:35,12.0,exakt,influx_switch
Reihe 1,2026-09-08 17:39:05,2026-09-08 15:39:05,12.0,exakt,influx_switch
Reihe 1,2026-09-08 18:09:05,2026-09-08 16:09:05,12.0,exakt,influx_switch
Reihe 1,2026-09-08 18:39:35,2026-09-08 16:39:35,12.0,exakt,influx_switch
Reihe 1,2026-09-08 19:09:35,2026-09-08 17:09:35,12.0,exakt,influx_switch
Reihe 1,2026-09-08 19:40:05,2026-09-08 17:40:05,12.0,exakt,influx_switch
Reihe 1,2026-09-08 20:10:35,2026-09-08 18:10:35,12.0,exakt,influx_switch
Reihe 1,2026-09-08 20:41:05,2026-09-08 18:41:05,12.0,exakt,influx_switch
Reihe 1,2026-09-09 06:00:05,2026-09-09 04:00:05,12.0,exakt,influx_switch
Reihe 1,2026-09-09 06:30:05,2026-09-09 04:30:05,12.0,exakt,influx_switch
Randreihe,2026-09-09 07:00:05,2026-09-09 05:00:05,180.0,exakt,influx_switch
Reihe 1,2026-09-09 07:00:05,2026-09-09 05:00:05,12.0,exakt,influx_switch
Reihe 2,2026-09-09 07:00:05,2026-09-09 05:00:05,180.0,exakt,influx_switch
Reihe 3,2026-09-09 07:00:05,2026-09-09 05:00:05,180.0,exakt,influx_switch
Reihe 1,2026-09-09 07:30:35,2026-09-09 05:30:35,12.0,exakt,influx_switch
Reihe 1,2026-09-09 08:00:35,2026-09-09 06:00:35,12.0,exakt,influx_switch
Reihe 1,2026-09-09 08:31:05,2026-09-09 06:31:05,12.0,exakt,influx_switch
Randreihe,2026-09-09 09:00:35,2026-09-09 07:00:35,180.0,exakt,influx_switch
Reihe 2,2026-09-09 09:00:35,2026-09-09 07:00:35,180.0,exakt,influx_switch
Reihe 3,2026-09-09 09:00:35,2026-09-09 07:00:35,180.0,exakt,influx_switch
Reihe 1,2026-09-09 09:01:05,2026-09-09 07:01:05,12.0,exakt,influx_switch
Reihe 1,2026-09-09 09:31:35,2026-09-09 07:31:35,12.0,exakt,influx_switch
Reihe 1,2026-09-09 10:02:05,2026-09-09 08:02:05,12.0,exakt,influx_switch
Reihe 1,2026-09-09 10:32:35,2026-09-09 08:32:35,12.0,exakt,influx_switch
Randreihe,2026-09-09 11:01:05,2026-09-09 09:01:05,180.0,exakt,influx_switch
Reihe 2,2026-09-09 11:01:05,2026-09-09 09:01:05,180.0,exakt,influx_switch
Reihe 3,2026-09-09 11:01:05,2026-09-09 09:01:05,180.0,exakt,influx_switch
Reihe 1,2026-09-09 11:03:05,2026-09-09 09:03:05,12.0,exakt,influx_switch
Reihe 1,2026-09-09 11:33:35,2026-09-09 09:33:35,12.0,exakt,influx_switch
Reihe 1,2026-09-09 12:04:05,2026-09-09 10:04:05,12.0,exakt,influx_switch
Reihe 1,2026-09-09 12:34:35,2026-09-09 10:34:35,12.0,exakt,influx_switch
Reihe 3,2026-09-09 12:35:05,2026-09-09 10:35:05,180.0,exakt,influx_switch
Randreihe,2026-09-09 12:59:05,2026-09-09 10:59:05,180.0,exakt,influx_switch
Reihe 2,2026-09-09 12:59:05,2026-09-09 10:59:05,180.0,exakt,influx_switch
Randreihe,2026-09-09 13:00:00,2026-09-09 11:00:00,175,stunde_rekonstruiert,ha_lts_power_energy
Reihe 2,2026-09-09 13:00:00,2026-09-09 11:00:00,176,stunde_rekonstruiert,ha_lts_power_energy
Reihe 1,2026-09-09 13:04:35,2026-09-09 11:04:35,12.0,exakt,influx_switch
Reihe 1,2026-09-09 13:35:05,2026-09-09 11:35:05,12.0,exakt,influx_switch
Reihe 3,2026-09-09 14:02:05,2026-09-09 12:02:05,180.0,exakt,influx_switch
Reihe 1,2026-09-09 14:05:05,2026-09-09 12:05:05,12.0,exakt,influx_switch
Reihe 1,2026-09-09 14:35:35,2026-09-09 12:35:35,12.0,exakt,influx_switch
Randreihe,2026-09-09 14:43:05,2026-09-09 12:43:05,180.0,exakt,influx_switch
Reihe 2,2026-09-09 14:43:05,2026-09-09 12:43:05,180.0,exakt,influx_switch
Reihe 1,2026-09-09 15:06:05,2026-09-09 13:06:05,12.0,exakt,influx_switch
Reihe 1,2026-09-09 15:36:35,2026-09-09 13:36:35,12.0,exakt,influx_switch
Reihe 3,2026-09-09 15:38:35,2026-09-09 13:38:35,180.0,exakt,influx_switch
Reihe 1,2026-09-09 16:06:35,2026-09-09 14:06:35,12.0,exakt,influx_switch
Reihe 1,2026-09-09 16:36:35,2026-09-09 14:36:35,12.0,exakt,influx_switch
Randreihe,2026-09-09 16:43:35,2026-09-09 14:43:35,180.0,exakt,influx_switch
Reihe 2,2026-09-09 16:43:35,2026-09-09 14:43:35,180.0,exakt,influx_switch
Reihe 1,2026-09-09 17:07:05,2026-09-09 15:07:05,12.0,exakt,influx_switch
Reihe 1,2026-09-09 17:37:35,2026-09-09 15:37:35,12.0,exakt,influx_switch
Reihe 3,2026-09-09 17:39:05,2026-09-09 15:39:05,180.0,exakt,influx_switch
Reihe 1,2026-09-09 18:08:05,2026-09-09 16:08:05,12.0,exakt,influx_switch
Reihe 1,2026-09-09 18:38:35,2026-09-09 16:38:35,12.0,exakt,influx_switch
Reihe 1,2026-09-09 19:08:35,2026-09-09 17:08:35,12.0,exakt,influx_switch
Reihe 1,2026-09-09 19:39:05,2026-09-09 17:39:05,12.0,exakt,influx_switch
Reihe 1,2026-09-09 20:09:35,2026-09-09 18:09:35,12.0,exakt,influx_switch
Reihe 1,2026-09-09 20:40:05,2026-09-09 18:40:05,12.0,exakt,influx_switch
Reihe 1,2026-09-10 06:00:05,2026-09-10 04:00:05,12.0,exakt,influx_switch
Reihe 1,2026-09-10 06:30:05,2026-09-10 04:30:05,12.0,exakt,influx_switch
Randreihe,2026-09-10 07:00:05,2026-09-10 05:00:05,180.0,exakt,influx_switch
Reihe 1,2026-09-10 07:00:05,2026-09-10 05:00:05,12.0,exakt,influx_switch
Reihe 2,2026-09-10 07:00:05,2026-09-10 05:00:05,180.0,exakt,influx_switch
Reihe 3,2026-09-10 07:00:05,2026-09-10 05:00:05,180.0,exakt,influx_switch
Reihe 1,2026-09-10 07:30:35,2026-09-10 05:30:35,12.0,exakt,influx_switch
Reihe 1,2026-09-10 08:00:35,2026-09-10 06:00:35,12.0,exakt,influx_switch
Reihe 1,2026-09-10 08:31:05,2026-09-10 06:31:05,12.0,exakt,influx_switch
Randreihe,2026-09-10 09:00:35,2026-09-10 07:00:35,180.0,exakt,influx_switch
Reihe 2,2026-09-10 09:00:35,2026-09-10 07:00:35,180.0,exakt,influx_switch
Reihe 3,2026-09-10 09:00:35,2026-09-10 07:00:35,180.0,exakt,influx_switch
Reihe 1,2026-09-10 09:01:05,2026-09-10 07:01:05,12.0,exakt,influx_switch
Reihe 1,2026-09-10 09:31:35,2026-09-10 07:31:35,12.0,exakt,influx_switch
Reihe 1,2026-09-10 10:01:35,2026-09-10 08:01:35,12.0,exakt,influx_switch
Reihe 1,2026-09-10 10:32:05,2026-09-10 08:32:05,12.0,exakt,influx_switch
Reihe 3,2026-09-10 10:56:35,2026-09-10 08:56:35,180.0,exakt,influx_switch
Randreihe,2026-09-10 11:00:35,2026-09-10 09:00:35,180.0,exakt,influx_switch
Reihe 2,2026-09-10 11:01:05,2026-09-10 09:01:05,180.0,exakt,influx_switch
Reihe 1,2026-09-10 11:02:05,2026-09-10 09:02:05,12.0,exakt,influx_switch
Reihe 1,2026-09-10 11:32:05,2026-09-10 09:32:05,12.0,exakt,influx_switch
Reihe 3,2026-09-10 11:57:35,2026-09-10 09:57:35,180.0,exakt,influx_switch
Reihe 1,2026-09-10 12:02:35,2026-09-10 10:02:35,12.0,exakt,influx_switch
Randreihe,2026-09-10 12:13:05,2026-09-10 10:13:05,180.0,exakt,influx_switch
Reihe 2,2026-09-10 12:13:05,2026-09-10 10:13:05,180.0,exakt,influx_switch
Reihe 1,2026-09-10 12:32:35,2026-09-10 10:32:35,12.0,exakt,influx_switch
Reihe 3,2026-09-10 12:46:35,2026-09-10 10:46:35,180.0,exakt,influx_switch
Reihe 1,2026-09-10 13:03:05,2026-09-10 11:03:05,12.0,exakt,influx_switch
Randreihe,2026-09-10 13:15:35,2026-09-10 11:15:35,180.0,exakt,influx_switch
Reihe 2,2026-09-10 13:15:35,2026-09-10 11:15:35,180.0,exakt,influx_switch
Reihe 1,2026-09-10 13:33:35,2026-09-10 11:33:35,12.0,exakt,influx_switch
Reihe 3,2026-09-10 13:41:35,2026-09-10 11:41:35,180.0,exakt,influx_switch
Reihe 1,2026-09-10 14:03:35,2026-09-10 12:03:35,12.0,exakt,influx_switch
Randreihe,2026-09-10 14:14:35,2026-09-10 12:14:35,180.0,exakt,influx_switch
Reihe 2,2026-09-10 14:14:35,2026-09-10 12:14:35,180.0,exakt,influx_switch
Reihe 3,2026-09-10 14:20:35,2026-09-10 12:20:35,180.0,exakt,influx_switch
Reihe 1,2026-09-10 14:34:05,2026-09-10 12:34:05,12.0,exakt,influx_switch
Reihe 3,2026-09-10 14:59:05,2026-09-10 12:59:05,180.0,exakt,influx_switch
Reihe 3,2026-09-10 15:00:00,2026-09-10 13:00:00,179,stunde_rekonstruiert,ha_lts_power_energy
Randreihe,2026-09-10 15:02:05,2026-09-10 13:02:05,180.0,exakt,influx_switch
Reihe 2,2026-09-10 15:02:05,2026-09-10 13:02:05,180.0,exakt,influx_switch
Reihe 1,2026-09-10 15:04:05,2026-09-10 13:04:05,12.0,exakt,influx_switch
Reihe 1,2026-09-10 15:34:35,2026-09-10 13:34:35,12.0,exakt,influx_switch
Reihe 1,2026-09-10 16:04:35,2026-09-10 14:04:35,12.0,exakt,influx_switch
Reihe 3,2026-09-10 16:27:35,2026-09-10 14:27:35,180.0,exakt,influx_switch
Reihe 1,2026-09-10 16:35:05,2026-09-10 14:35:05,12.0,exakt,influx_switch
Randreihe,2026-09-10 17:02:35,2026-09-10 15:02:35,180.0,exakt,influx_switch
Reihe 2,2026-09-10 17:02:35,2026-09-10 15:02:35,180.0,exakt,influx_switch
Reihe 1,2026-09-10 17:05:05,2026-09-10 15:05:05,12.0,exakt,influx_switch
Reihe 1,2026-09-10 17:35:35,2026-09-10 15:35:35,12.0,exakt,influx_switch
Reihe 1,2026-09-10 18:06:05,2026-09-10 16:06:05,12.0,exakt,influx_switch
Reihe 1,2026-09-10 18:36:05,2026-09-10 16:36:05,12.0,exakt,influx_switch
Reihe 1,2026-09-10 19:06:05,2026-09-10 17:06:05,12.0,exakt,influx_switch
Reihe 1,2026-09-10 19:36:35,2026-09-10 17:36:35,12.0,exakt,influx_switch
Reihe 1,2026-09-10 20:07:05,2026-09-10 18:07:05,12.0,exakt,influx_switch
Reihe 1,2026-09-10 20:37:35,2026-09-10 18:37:35,12.0,exakt,influx_switch
Reihe 1,2026-09-11 06:00:05,2026-09-11 04:00:05,12.0,exakt,influx_switch
Reihe 1,2026-09-11 06:30:35,2026-09-11 04:30:35,12.0,exakt,influx_switch
Randreihe,2026-09-11 07:00:05,2026-09-11 05:00:05,180.0,exakt,influx_switch
Reihe 2,2026-09-11 07:00:05,2026-09-11 05:00:05,180.0,exakt,influx_switch
Reihe 3,2026-09-11 07:00:05,2026-09-11 05:00:05,180.0,exakt,influx_switch
Reihe 1,2026-09-11 07:00:35,2026-09-11 05:00:35,12.0,exakt,influx_switch
Reihe 1,2026-09-11 07:31:05,2026-09-11 05:31:05,12.0,exakt,influx_switch
Reihe 1,2026-09-11 08:01:05,2026-09-11 06:01:05,12.0,exakt,influx_switch
Reihe 1,2026-09-11 08:31:35,2026-09-11 06:31:35,12.0,exakt,influx_switch
Randreihe,2026-09-11 09:00:35,2026-09-11 07:00:35,180.0,exakt,influx_switch
Reihe 2,2026-09-11 09:00:35,2026-09-11 07:00:35,180.0,exakt,influx_switch
Reihe 3,2026-09-11 09:00:35,2026-09-11 07:00:35,180.0,exakt,influx_switch
Reihe 1,2026-09-11 09:02:05,2026-09-11 07:02:05,12.0,exakt,influx_switch
Reihe 1,2026-09-11 09:32:35,2026-09-11 07:32:35,12.0,exakt,influx_switch
Reihe 1,2026-09-11 10:03:05,2026-09-11 08:03:05,12.0,exakt,influx_switch
Reihe 1,2026-09-11 10:33:07,2026-09-11 08:33:07,12.0,exakt,influx_switch
Randreihe,2026-09-11 11:00:37,2026-09-11 09:00:37,120.0,exakt,influx_switch
Reihe 2,2026-09-11 11:00:37,2026-09-11 09:00:37,120.0,exakt,influx_switch
Reihe 3,2026-09-11 11:00:37,2026-09-11 09:00:37,120.0,exakt,influx_switch
Reihe 1,2026-09-11 11:03:37,2026-09-11 09:03:37,12.0,exakt,influx_switch
Reihe 1,2026-09-11 11:34:07,2026-09-11 09:34:07,12.0,exakt,influx_switch
Reihe 3,2026-09-11 11:54:07,2026-09-11 09:54:07,120.0,exakt,influx_switch
Randreihe,2026-09-11 12:03:37,2026-09-11 10:03:37,120.0,exakt,influx_switch
Reihe 2,2026-09-11 12:03:37,2026-09-11 10:03:37,120.0,exakt,influx_switch
Reihe 1,2026-09-11 12:04:37,2026-09-11 10:04:37,12.0,exakt,influx_switch
Reihe 3,2026-09-11 12:30:37,2026-09-11 10:30:37,120.0,exakt,influx_switch
Reihe 1,2026-09-11 12:34:37,2026-09-11 10:34:37,12.0,exakt,influx_switch
Randreihe,2026-09-11 12:46:07,2026-09-11 10:46:07,120.0,exakt,influx_switch
Reihe 2,2026-09-11 12:46:07,2026-09-11 10:46:07,120.0,exakt,influx_switch
Reihe 1,2026-09-11 13:05:07,2026-09-11 11:05:07,12.0,exakt,influx_switch
Reihe 3,2026-09-11 13:06:07,2026-09-11 11:06:07,120.0,exakt,influx_switch
Reihe 1,2026-09-11 13:35:07,2026-09-11 11:35:07,12.0,exakt,influx_switch
Randreihe,2026-09-11 14:05:37,2026-09-11 12:05:37,120.0,exakt,influx_switch
Reihe 1,2026-09-11 14:05:37,2026-09-11 12:05:37,12.0,exakt,influx_switch
Reihe 2,2026-09-11 14:05:37,2026-09-11 12:05:37,120.0,exakt,influx_switch
Reihe 3,2026-09-11 14:29:07,2026-09-11 12:29:07,120.0,exakt,influx_switch
Reihe 1,2026-09-11 14:36:07,2026-09-11 12:36:07,12.0,exakt,influx_switch
Reihe 1,2026-09-11 15:06:37,2026-09-11 13:06:37,12.0,exakt,influx_switch
Reihe 1,2026-09-11 15:37:07,2026-09-11 13:37:07,12.0,exakt,influx_switch
Randreihe,2026-09-11 15:57:37,2026-09-11 13:57:37,120.0,exakt,influx_switch
Reihe 2,2026-09-11 15:57:37,2026-09-11 13:57:37,120.0,exakt,influx_switch
Reihe 3,2026-09-11 16:00:37,2026-09-11 14:00:37,120.0,exakt,influx_switch
Reihe 1,2026-09-11 16:07:37,2026-09-11 14:07:37,12.0,exakt,influx_switch
Reihe 1,2026-09-11 16:38:07,2026-09-11 14:38:07,12.0,exakt,influx_switch
Reihe 1,2026-09-11 17:08:37,2026-09-11 15:08:37,12.0,exakt,influx_switch
Reihe 3,2026-09-11 17:35:37,2026-09-11 15:35:37,120.0,exakt,influx_switch
Reihe 1,2026-09-11 17:38:37,2026-09-11 15:38:37,12.0,exakt,influx_switch
Randreihe,2026-09-11 17:58:07,2026-09-11 15:58:07,120.0,exakt,influx_switch
Reihe 2,2026-09-11 17:58:07,2026-09-11 15:58:07,120.0,exakt,influx_switch
Randreihe,2026-09-11 18:00:00,2026-09-11 16:00:00,72,stunde_rekonstruiert,ha_lts_power_energy
Reihe 2,2026-09-11 18:00:00,2026-09-11 16:00:00,72,stunde_rekonstruiert,ha_lts_power_energy
Reihe 1,2026-09-11 18:09:07,2026-09-11 16:09:07,12.0,exakt,influx_switch
Reihe 1,2026-09-11 18:39:37,2026-09-11 16:39:37,12.0,exakt,influx_switch
Reihe 1,2026-09-11 19:09:37,2026-09-11 17:09:37,12.0,exakt,influx_switch
Reihe 1,2026-09-11 19:40:07,2026-09-11 17:40:07,12.0,exakt,influx_switch
Reihe 1,2026-09-11 20:10:37,2026-09-11 18:10:37,12.0,exakt,influx_switch
Reihe 1,2026-09-11 20:40:37,2026-09-11 18:40:37,12.0,exakt,influx_switch
Reihe 1,2026-09-12 06:00:07,2026-09-12 04:00:07,12.0,exakt,influx_switch
Reihe 1,2026-09-12 06:30:37,2026-09-12 04:30:37,12.0,exakt,influx_switch
Randreihe,2026-09-12 07:00:07,2026-09-12 05:00:07,120.0,exakt,influx_switch
Reihe 2,2026-09-12 07:00:07,2026-09-12 05:00:07,120.0,exakt,influx_switch
Reihe 3,2026-09-12 07:00:07,2026-09-12 05:00:07,120.0,exakt,influx_switch
Reihe 1,2026-09-12 07:00:37,2026-09-12 05:00:37,12.0,exakt,influx_switch
Reihe 1,2026-09-12 07:31:07,2026-09-12 05:31:07,12.0,exakt,influx_switch
Reihe 1,2026-09-12 08:01:07,2026-09-12 06:01:07,12.0,exakt,influx_switch
Reihe 1,2026-09-12 08:31:37,2026-09-12 06:31:37,12.0,exakt,influx_switch
Randreihe,2026-09-12 09:00:37,2026-09-12 07:00:37,120.0,exakt,influx_switch
Reihe 2,2026-09-12 09:00:37,2026-09-12 07:00:37,120.0,exakt,influx_switch
Reihe 3,2026-09-12 09:00:37,2026-09-12 07:00:37,120.0,exakt,influx_switch
Reihe 1,2026-09-12 09:02:07,2026-09-12 07:02:07,12.0,exakt,influx_switch
Reihe 1,2026-09-12 09:32:07,2026-09-12 07:32:07,12.0,exakt,influx_switch
Reihe 1,2026-09-12 10:02:37,2026-09-12 08:02:37,12.0,exakt,influx_switch
Reihe 1,2026-09-12 10:32:37,2026-09-12 08:32:37,12.0,exakt,influx_switch
Randreihe,2026-09-12 11:00:37,2026-09-12 09:00:37,120.0,exakt,influx_switch
Reihe 2,2026-09-12 11:01:07,2026-09-12 09:01:07,120.0,exakt,influx_switch
Reihe 3,2026-09-12 11:01:07,2026-09-12 09:01:07,120.0,exakt,influx_switch
Reihe 1,2026-09-12 11:03:07,2026-09-12 09:03:07,12.0,exakt,influx_switch
Reihe 1,2026-09-12 11:33:37,2026-09-12 09:33:37,12.0,exakt,influx_switch
Reihe 3,2026-09-12 11:48:37,2026-09-12 09:48:37,120.0,exakt,influx_switch
Randreihe,2026-09-12 11:59:07,2026-09-12 09:59:07,120.0,exakt,influx_switch
Reihe 2,2026-09-12 11:59:07,2026-09-12 09:59:07,120.0,exakt,influx_switch
Reihe 1,2026-09-12 12:04:07,2026-09-12 10:04:07,12.0,exakt,influx_switch
Reihe 3,2026-09-12 12:30:07,2026-09-12 10:30:07,120.0,exakt,influx_switch
Reihe 1,2026-09-12 12:34:37,2026-09-12 10:34:37,12.0,exakt,influx_switch
Randreihe,2026-09-12 12:58:07,2026-09-12 10:58:07,120.0,exakt,influx_switch
Reihe 2,2026-09-12 12:58:07,2026-09-12 10:58:07,120.0,exakt,influx_switch
Reihe 1,2026-09-12 13:05:07,2026-09-12 11:05:07,12.0,exakt,influx_switch
Reihe 3,2026-09-12 13:17:37,2026-09-12 11:17:37,120.0,exakt,influx_switch
Reihe 1,2026-09-12 13:35:37,2026-09-12 11:35:37,12.0,exakt,influx_switch
Randreihe,2026-09-12 13:52:37,2026-09-12 11:52:37,120.0,exakt,influx_switch
Reihe 2,2026-09-12 13:52:37,2026-09-12 11:52:37,120.0,exakt,influx_switch
Reihe 3,2026-09-12 14:01:07,2026-09-12 12:01:07,120.0,exakt,influx_switch
Reihe 1,2026-09-12 14:06:07,2026-09-12 12:06:07,12.0,exakt,influx_switch
Reihe 1,2026-09-12 14:36:37,2026-09-12 12:36:37,12.0,exakt,influx_switch
Randreihe,2026-09-12 14:55:07,2026-09-12 12:55:07,120.0,exakt,influx_switch
Reihe 2,2026-09-12 14:55:07,2026-09-12 12:55:07,120.0,exakt,influx_switch
Reihe 3,2026-09-12 14:55:37,2026-09-12 12:55:37,120.0,exakt,influx_switch
Reihe 1,2026-09-12 15:06:37,2026-09-12 13:06:37,12.0,exakt,influx_switch
Reihe 1,2026-09-12 15:37:07,2026-09-12 13:37:07,12.0,exakt,influx_switch
Reihe 1,2026-09-12 16:07:07,2026-09-12 14:07:07,12.0,exakt,influx_switch
Reihe 1,2026-09-12 16:37:07,2026-09-12 14:37:07,12.0,exakt,influx_switch
Randreihe,2026-09-12 16:55:07,2026-09-12 14:55:07,120.0,exakt,influx_switch
Reihe 3,2026-09-12 16:55:07,2026-09-12 14:55:07,120.0,exakt,influx_switch
Reihe 2,2026-09-12 16:55:37,2026-09-12 14:55:37,120.0,exakt,influx_switch
Reihe 1,2026-09-12 17:07:37,2026-09-12 15:07:37,12.0,exakt,influx_switch
Reihe 1,2026-09-12 17:38:07,2026-09-12 15:38:07,12.0,exakt,influx_switch
Reihe 1,2026-09-12 18:08:07,2026-09-12 16:08:07,12.0,exakt,influx_switch
Reihe 1,2026-09-12 18:38:37,2026-09-12 16:38:37,12.0,exakt,influx_switch
Reihe 1,2026-09-12 19:09:07,2026-09-12 17:09:07,12.0,exakt,influx_switch
Reihe 1,2026-09-12 19:39:37,2026-09-12 17:39:37,12.0,exakt,influx_switch
Reihe 1,2026-09-12 20:09:37,2026-09-12 18:09:37,12.0,exakt,influx_switch
Reihe 1,2026-09-12 20:40:07,2026-09-12 18:40:07,12.0,exakt,influx_switch
Reihe 1,2026-09-13 06:00:07,2026-09-13 04:00:07,12.0,exakt,influx_switch
Reihe 1,2026-09-13 06:30:07,2026-09-13 04:30:07,12.0,exakt,influx_switch
Randreihe,2026-09-13 07:00:07,2026-09-13 05:00:07,120.0,exakt,influx_switch
Reihe 1,2026-09-13 07:00:07,2026-09-13 05:00:07,12.0,exakt,influx_switch
Reihe 2,2026-09-13 07:00:07,2026-09-13 05:00:07,120.0,exakt,influx_switch
Reihe 3,2026-09-13 07:00:07,2026-09-13 05:00:07,120.0,exakt,influx_switch
Reihe 1,2026-09-13 07:30:37,2026-09-13 05:30:37,12.0,exakt,influx_switch
Reihe 1,2026-09-13 08:01:07,2026-09-13 06:01:07,12.0,exakt,influx_switch
Reihe 1,2026-09-13 08:31:37,2026-09-13 06:31:37,12.0,exakt,influx_switch
Randreihe,2026-09-13 09:00:37,2026-09-13 07:00:37,120.0,exakt,influx_switch
Reihe 2,2026-09-13 09:00:37,2026-09-13 07:00:37,120.0,exakt,influx_switch
Reihe 3,2026-09-13 09:00:37,2026-09-13 07:00:37,120.0,exakt,influx_switch
Reihe 1,2026-09-13 09:01:37,2026-09-13 07:01:37,12.0,exakt,influx_switch
Reihe 1,2026-09-13 09:32:07,2026-09-13 07:32:07,12.0,exakt,influx_switch
Reihe 1,2026-09-13 10:02:37,2026-09-13 08:02:37,12.0,exakt,influx_switch
Reihe 1,2026-09-13 10:33:07,2026-09-13 08:33:07,12.0,exakt,influx_switch
Randreihe,2026-09-13 11:00:37,2026-09-13 09:00:37,120.0,exakt,influx_switch
Reihe 2,2026-09-13 11:01:07,2026-09-13 09:01:07,120.0,exakt,influx_switch
Reihe 3,2026-09-13 11:01:07,2026-09-13 09:01:07,120.0,exakt,influx_switch
Reihe 1,2026-09-13 11:03:07,2026-09-13 09:03:07,12.0,exakt,influx_switch
Reihe 1,2026-09-13 11:33:37,2026-09-13 09:33:37,12.0,exakt,influx_switch
Reihe 1,2026-09-13 12:03:37,2026-09-13 10:03:37,12.0,exakt,influx_switch
Reihe 3,2026-09-13 12:26:37,2026-09-13 10:26:37,120.0,exakt,influx_switch
Reihe 1,2026-09-13 12:33:37,2026-09-13 10:33:37,12.0,exakt,influx_switch
Randreihe,2026-09-13 12:43:37,2026-09-13 10:43:37,120.0,exakt,influx_switch
Reihe 2,2026-09-13 12:44:07,2026-09-13 10:44:07,120.0,exakt,influx_switch
Reihe 1,2026-09-13 13:04:07,2026-09-13 11:04:07,12.0,exakt,influx_switch
Reihe 1,2026-09-13 13:34:07,2026-09-13 11:34:07,12.0,exakt,influx_switch
Reihe 3,2026-09-13 13:49:07,2026-09-13 11:49:07,120.0,exakt,influx_switch
Reihe 1,2026-09-13 14:04:07,2026-09-13 12:04:07,12.0,exakt,influx_switch
Randreihe,2026-09-13 14:17:37,2026-09-13 12:17:37,120.0,exakt,influx_switch
Reihe 2,2026-09-13 14:18:07,2026-09-13 12:18:07,120.0,exakt,influx_switch
Reihe 1,2026-09-13 14:34:37,2026-09-13 12:34:37,12.0,exakt,influx_switch
Reihe 1,2026-09-13 15:05:07,2026-09-13 13:05:07,12.0,exakt,influx_switch
Reihe 1,2026-09-13 15:35:37,2026-09-13 13:35:37,12.0,exakt,influx_switch
Reihe 3,2026-09-13 15:49:07,2026-09-13 13:49:07,120.0,exakt,influx_switch
Reihe 1,2026-09-13 16:05:37,2026-09-13 14:05:37,12.0,exakt,influx_switch
Randreihe,2026-09-13 16:17:37,2026-09-13 14:17:37,120.0,exakt,influx_switch
Reihe 2,2026-09-13 16:18:37,2026-09-13 14:18:37,120.0,exakt,influx_switch
Reihe 1,2026-09-13 16:36:07,2026-09-13 14:36:07,12.0,exakt,influx_switch
Reihe 1,2026-09-13 17:06:07,2026-09-13 15:06:07,12.0,exakt,influx_switch
Reihe 1,2026-09-13 17:36:37,2026-09-13 15:36:37,12.0,exakt,influx_switch
Reihe 3,2026-09-13 17:49:37,2026-09-13 15:49:37,120.0,exakt,influx_switch
Reihe 1,2026-09-13 18:07:07,2026-09-13 16:07:07,12.0,exakt,influx_switch
Reihe 1,2026-09-13 18:37:07,2026-09-13 16:37:07,12.0,exakt,influx_switch
Reihe 1,2026-09-13 19:07:07,2026-09-13 17:07:07,12.0,exakt,influx_switch
Reihe 1,2026-09-13 19:37:37,2026-09-13 17:37:37,12.0,exakt,influx_switch
Reihe 1,2026-09-13 20:08:07,2026-09-13 18:08:07,12.0,exakt,influx_switch
Reihe 1,2026-09-13 20:38:37,2026-09-13 18:38:37,12.0,exakt,influx_switch
Reihe 1,2026-09-14 06:00:07,2026-09-14 04:00:07,12.0,exakt,influx_switch
Reihe 1,2026-09-14 06:30:37,2026-09-14 04:30:37,12.0,exakt,influx_switch
Randreihe,2026-09-14 07:00:07,2026-09-14 05:00:07,120.0,exakt,influx_switch
Reihe 2,2026-09-14 07:00:07,2026-09-14 05:00:07,120.0,exakt,influx_switch
Reihe 3,2026-09-14 07:00:07,2026-09-14 05:00:07,120.0,exakt,influx_switch
Reihe 1,2026-09-14 07:00:37,2026-09-14 05:00:37,12.0,exakt,influx_switch
Reihe 1,2026-09-14 07:31:07,2026-09-14 05:31:07,12.0,exakt,influx_switch
Reihe 1,2026-09-14 08:01:37,2026-09-14 06:01:37,12.0,exakt,influx_switch
Reihe 1,2026-09-14 08:31:37,2026-09-14 06:31:37,12.0,exakt,influx_switch
Randreihe,2026-09-14 09:00:37,2026-09-14 07:00:37,120.0,exakt,influx_switch
Reihe 2,2026-09-14 09:00:37,2026-09-14 07:00:37,120.0,exakt,influx_switch
Reihe 3,2026-09-14 09:00:37,2026-09-14 07:00:37,120.0,exakt,influx_switch
Reihe 1,2026-09-14 09:02:07,2026-09-14 07:02:07,12.0,exakt,influx_switch
Reihe 1,2026-09-14 09:32:37,2026-09-14 07:32:37,12.0,exakt,influx_switch
Reihe 1,2026-09-14 10:03:07,2026-09-14 08:03:07,12.0,exakt,influx_switch
Reihe 1,2026-09-14 10:33:37,2026-09-14 08:33:37,12.0,exakt,influx_switch
Reihe 3,2026-09-14 10:54:33,2026-09-14 08:54:33,120.0,exakt,influx_switch
Randreihe,2026-09-14 11:00:37,2026-09-14 09:00:37,120.0,exakt,influx_switch
Reihe 2,2026-09-14 11:01:07,2026-09-14 09:01:07,120.0,exakt,influx_switch
Reihe 1,2026-09-14 11:03:37,2026-09-14 09:03:37,12.0,exakt,influx_switch
Reihe 1,2026-09-14 11:34:07,2026-09-14 09:34:07,12.0,exakt,influx_switch
Reihe 1,2026-09-14 12:04:37,2026-09-14 10:04:37,12.0,exakt,influx_switch
Reihe 1,2026-09-14 12:34:37,2026-09-14 10:34:37,12.0,exakt,influx_switch
Reihe 3,2026-09-14 12:38:37,2026-09-14 10:38:37,120.0,exakt,influx_switch
Randreihe,2026-09-14 13:00:07,2026-09-14 11:00:07,120.0,exakt,influx_switch
Reihe 2,2026-09-14 13:00:07,2026-09-14 11:00:07,120.0,exakt,influx_switch
Reihe 1,2026-09-14 13:04:37,2026-09-14 11:04:37,12.0,exakt,influx_switch
Reihe 1,2026-09-14 13:35:07,2026-09-14 11:35:07,12.0,exakt,influx_switch
Reihe 3,2026-09-14 14:03:07,2026-09-14 12:03:07,120.0,exakt,influx_switch
Reihe 1,2026-09-14 14:05:07,2026-09-14 12:05:07,12.0,exakt,influx_switch
Reihe 1,2026-09-14 14:35:37,2026-09-14 12:35:37,12.0,exakt,influx_switch
Randreihe,2026-09-14 15:00:37,2026-09-14 13:00:37,120.0,exakt,influx_switch
Reihe 2,2026-09-14 15:00:37,2026-09-14 13:00:37,120.0,exakt,influx_switch
Reihe 1,2026-09-14 15:05:37,2026-09-14 13:05:37,12.0,exakt,influx_switch
Reihe 1,2026-09-14 15:35:37,2026-09-14 13:35:37,12.0,exakt,influx_switch
Reihe 3,2026-09-14 15:53:37,2026-09-14 13:53:37,120.0,exakt,influx_switch
Reihe 1,2026-09-14 16:06:07,2026-09-14 14:06:07,12.0,exakt,influx_switch
Reihe 1,2026-09-14 16:36:37,2026-09-14 14:36:37,12.0,exakt,influx_switch
Randreihe,2026-09-14 17:00:37,2026-09-14 15:00:37,120.0,exakt,influx_switch
Reihe 2,2026-09-14 17:01:07,2026-09-14 15:01:07,120.0,exakt,influx_switch
Reihe 1,2026-09-14 17:07:07,2026-09-14 15:07:07,12.0,exakt,influx_switch
Reihe 3,2026-09-14 17:26:37,2026-09-14 15:26:37,120.0,exakt,influx_switch
Reihe 1,2026-09-14 17:37:37,2026-09-14 15:37:37,12.0,exakt,influx_switch
Reihe 1,2026-09-14 18:08:07,2026-09-14 16:08:07,12.0,exakt,influx_switch
Reihe 1,2026-09-14 18:38:07,2026-09-14 16:38:07,12.0,exakt,influx_switch
Reihe 1,2026-09-14 19:08:07,2026-09-14 17:08:07,12.0,exakt,influx_switch
Reihe 1,2026-09-14 19:38:37,2026-09-14 17:38:37,12.0,exakt,influx_switch
Reihe 1,2026-09-14 20:09:07,2026-09-14 18:09:07,12.0,exakt,influx_switch
Reihe 1,2026-09-14 20:39:07,2026-09-14 18:39:07,12.0,exakt,influx_switch
Reihe 1,2026-09-15 06:00:07,2026-09-15 04:00:07,12.0,exakt,influx_switch
Reihe 1,2026-09-15 06:30:07,2026-09-15 04:30:07,12.0,exakt,influx_switch
Randreihe,2026-09-15 07:00:07,2026-09-15 05:00:07,120.0,exakt,influx_switch
Reihe 1,2026-09-15 07:00:07,2026-09-15 05:00:07,12.0,exakt,influx_switch
Reihe 2,2026-09-15 07:00:07,2026-09-15 05:00:07,120.0,exakt,influx_switch
Reihe 3,2026-09-15 07:00:07,2026-09-15 05:00:07,120.0,exakt,influx_switch
Reihe 1,2026-09-15 07:30:37,2026-09-15 05:30:37,12.0,exakt,influx_switch
Reihe 1,2026-09-15 08:01:07,2026-09-15 06:01:07,12.0,exakt,influx_switch
Reihe 1,2026-09-15 08:31:37,2026-09-15 06:31:37,12.0,exakt,influx_switch
Randreihe,2026-09-15 09:00:37,2026-09-15 07:00:37,120.0,exakt,influx_switch
Reihe 2,2026-09-15 09:00:37,2026-09-15 07:00:37,120.0,exakt,influx_switch
Reihe 3,2026-09-15 09:00:37,2026-09-15 07:00:37,120.0,exakt,influx_switch
Reihe 1,2026-09-15 09:02:07,2026-09-15 07:02:07,12.0,exakt,influx_switch
Reihe 1,2026-09-15 09:32:37,2026-09-15 07:32:37,12.0,exakt,influx_switch
Reihe 1,2026-09-15 10:03:07,2026-09-15 08:03:07,12.0,exakt,influx_switch
Reihe 1,2026-09-15 10:33:37,2026-09-15 08:33:37,12.0,exakt,influx_switch
Randreihe,2026-09-15 11:01:07,2026-09-15 09:01:07,120.0,exakt,influx_switch
Reihe 2,2026-09-15 11:01:07,2026-09-15 09:01:07,120.0,exakt,influx_switch
Reihe 3,2026-09-15 11:01:07,2026-09-15 09:01:07,120.0,exakt,influx_switch
Reihe 1,2026-09-15 11:03:37,2026-09-15 09:03:37,12.0,exakt,influx_switch
Reihe 1,2026-09-15 11:34:07,2026-09-15 09:34:07,12.0,exakt,influx_switch
Reihe 3,2026-09-15 11:47:07,2026-09-15 09:47:07,120.0,exakt,influx_switch
Randreihe,2026-09-15 12:02:07,2026-09-15 10:02:07,120.0,exakt,influx_switch
Reihe 2,2026-09-15 12:02:07,2026-09-15 10:02:07,120.0,exakt,influx_switch
Reihe 1,2026-09-15 12:04:37,2026-09-15 10:04:37,12.0,exakt,influx_switch
Reihe 3,2026-09-15 12:31:07,2026-09-15 10:31:07,120.0,exakt,influx_switch
Reihe 1,2026-09-15 12:35:07,2026-09-15 10:35:07,12.0,exakt,influx_switch
Randreihe,2026-09-15 12:49:07,2026-09-15 10:49:07,120.0,exakt,influx_switch
Reihe 2,2026-09-15 12:49:07,2026-09-15 10:49:07,120.0,exakt,influx_switch
Reihe 1,2026-09-15 13:05:07,2026-09-15 11:05:07,12.0,exakt,influx_switch
Reihe 3,2026-09-15 13:07:07,2026-09-15 11:07:07,120.0,exakt,influx_switch
Randreihe,2026-09-15 13:32:37,2026-09-15 11:32:37,120.0,exakt,influx_switch
Reihe 2,2026-09-15 13:32:37,2026-09-15 11:32:37,120.0,exakt,influx_switch
Reihe 1,2026-09-15 13:35:37,2026-09-15 11:35:37,12.0,exakt,influx_switch
Reihe 3,2026-09-15 13:41:37,2026-09-15 11:41:37,120.0,exakt,influx_switch
Reihe 1,2026-09-15 14:06:07,2026-09-15 12:06:07,12.0,exakt,influx_switch
Randreihe,2026-09-15 14:18:37,2026-09-15 12:18:37,120.0,exakt,influx_switch
Reihe 2,2026-09-15 14:18:37,2026-09-15 12:18:37,120.0,exakt,influx_switch
Reihe 3,2026-09-15 14:19:07,2026-09-15 12:19:07,120.0,exakt,influx_switch
Reihe 1,2026-09-15 14:36:37,2026-09-15 12:36:37,12.0,exakt,influx_switch
Reihe 1,2026-09-15 15:07:07,2026-09-15 13:07:07,12.0,exakt,influx_switch
Reihe 1,2026-09-15 15:37:07,2026-09-15 13:37:07,12.0,exakt,influx_switch
Reihe 1,2026-09-15 16:07:37,2026-09-15 14:07:37,12.0,exakt,influx_switch
Randreihe,2026-09-15 16:19:07,2026-09-15 14:19:07,120.0,exakt,influx_switch
Reihe 2,2026-09-15 16:19:07,2026-09-15 14:19:07,120.0,exakt,influx_switch
Reihe 3,2026-09-15 16:19:37,2026-09-15 14:19:37,120.0,exakt,influx_switch
Reihe 1,2026-09-15 16:38:07,2026-09-15 14:38:07,12.0,exakt,influx_switch
Reihe 1,2026-09-15 17:08:37,2026-09-15 15:08:37,12.0,exakt,influx_switch
Reihe 3,2026-09-15 17:32:07,2026-09-15 15:32:07,120.0,exakt,influx_switch
Reihe 1,2026-09-15 17:39:07,2026-09-15 15:39:07,12.0,exakt,influx_switch
Reihe 1,2026-09-15 18:09:07,2026-09-15 16:09:07,12.0,exakt,influx_switch
Reihe 1,2026-09-15 18:39:07,2026-09-15 16:39:07,12.0,exakt,influx_switch
Reihe 1,2026-09-15 19:09:37,2026-09-15 17:09:37,12.0,exakt,influx_switch
Reihe 1,2026-09-15 19:39:37,2026-09-15 17:39:37,12.0,exakt,influx_switch
Reihe 1,2026-09-15 20:10:07,2026-09-15 18:10:07,12.0,exakt,influx_switch
Reihe 1,2026-09-15 20:40:37,2026-09-15 18:40:37,12.0,exakt,influx_switch
Reihe 1,2026-09-16 06:00:07,2026-09-16 04:00:07,12.0,exakt,influx_switch
Reihe 1,2026-09-16 06:30:07,2026-09-16 04:30:07,12.0,exakt,influx_switch
Randreihe,2026-09-16 07:00:07,2026-09-16 05:00:07,120.0,exakt,influx_switch
Reihe 1,2026-09-16 07:00:07,2026-09-16 05:00:07,12.0,exakt,influx_switch
Reihe 2,2026-09-16 07:00:07,2026-09-16 05:00:07,120.0,exakt,influx_switch
Reihe 3,2026-09-16 07:00:07,2026-09-16 05:00:07,120.0,exakt,influx_switch
Reihe 1,2026-09-16 07:30:37,2026-09-16 05:30:37,12.0,exakt,influx_switch
Reihe 1,2026-09-16 08:01:07,2026-09-16 06:01:07,12.0,exakt,influx_switch
Reihe 1,2026-09-16 08:31:37,2026-09-16 06:31:37,12.0,exakt,influx_switch
Randreihe,2026-09-16 09:00:37,2026-09-16 07:00:37,120.0,exakt,influx_switch
Reihe 2,2026-09-16 09:00:37,2026-09-16 07:00:37,120.0,exakt,influx_switch
Reihe 3,2026-09-16 09:00:37,2026-09-16 07:00:37,120.0,exakt,influx_switch
Reihe 1,2026-09-16 09:02:07,2026-09-16 07:02:07,12.0,exakt,influx_switch
Reihe 1,2026-09-16 09:32:37,2026-09-16 07:32:37,12.0,exakt,influx_switch
Reihe 1,2026-09-16 10:02:37,2026-09-16 08:02:37,12.0,exakt,influx_switch
Reihe 1,2026-09-16 10:32:37,2026-09-16 08:32:37,12.0,exakt,influx_switch
Reihe 3,2026-09-16 10:42:37,2026-09-16 08:42:37,120.0,exakt,influx_switch
Randreihe,2026-09-16 10:56:37,2026-09-16 08:56:37,120.0,exakt,influx_switch
Reihe 2,2026-09-16 10:56:37,2026-09-16 08:56:37,120.0,exakt,influx_switch
Reihe 1,2026-09-16 11:03:07,2026-09-16 09:03:07,12.0,exakt,influx_switch
Reihe 1,2026-09-16 11:33:37,2026-09-16 09:33:37,12.0,exakt,influx_switch
Reihe 3,2026-09-16 11:35:07,2026-09-16 09:35:07,120.0,exakt,influx_switch
Randreihe,2026-09-16 11:54:37,2026-09-16 09:54:37,120.0,exakt,influx_switch
Reihe 2,2026-09-16 11:54:37,2026-09-16 09:54:37,120.0,exakt,influx_switch
Reihe 1,2026-09-16 12:03:37,2026-09-16 10:03:37,12.0,exakt,influx_switch
Reihe 3,2026-09-16 12:13:37,2026-09-16 10:13:37,120.0,exakt,influx_switch
Reihe 1,2026-09-16 12:34:07,2026-09-16 10:34:07,12.0,exakt,influx_switch
Randreihe,2026-09-16 12:47:07,2026-09-16 10:47:07,120.0,exakt,influx_switch
Reihe 2,2026-09-16 12:47:07,2026-09-16 10:47:07,120.0,exakt,influx_switch
Reihe 1,2026-09-16 13:04:37,2026-09-16 11:04:37,12.0,exakt,influx_switch
Reihe 3,2026-09-16 13:18:37,2026-09-16 11:18:37,120.0,exakt,influx_switch
Reihe 1,2026-09-16 13:35:07,2026-09-16 11:35:07,12.0,exakt,influx_switch
Reihe 1,2026-09-16 14:05:07,2026-09-16 12:05:07,12.0,exakt,influx_switch
Reihe 1,2026-09-16 14:35:37,2026-09-16 12:35:37,12.0,exakt,influx_switch
Randreihe,2026-09-16 14:47:37,2026-09-16 12:47:37,120.0,exakt,influx_switch
Reihe 2,2026-09-16 14:47:37,2026-09-16 12:47:37,120.0,exakt,influx_switch
Reihe 1,2026-09-16 15:06:07,2026-09-16 13:06:07,12.0,exakt,influx_switch
Reihe 3,2026-09-16 15:19:07,2026-09-16 13:19:07,120.0,exakt,influx_switch
Reihe 1,2026-09-16 15:36:07,2026-09-16 13:36:07,12.0,exakt,influx_switch
Reihe 1,2026-09-16 16:06:37,2026-09-16 14:06:37,12.0,exakt,influx_switch
Reihe 1,2026-09-16 16:37:07,2026-09-16 14:37:07,12.0,exakt,influx_switch
Randreihe,2026-09-16 16:47:37,2026-09-16 14:47:37,120.0,exakt,influx_switch
Reihe 2,2026-09-16 16:48:07,2026-09-16 14:48:07,120.0,exakt,influx_switch
Reihe 1,2026-09-16 17:07:37,2026-09-16 15:07:37,12.0,exakt,influx_switch
Reihe 3,2026-09-16 17:19:07,2026-09-16 15:19:07,120.0,exakt,influx_switch
Reihe 1,2026-09-16 17:38:07,2026-09-16 15:38:07,12.0,exakt,influx_switch
Reihe 1,2026-09-16 18:08:37,2026-09-16 16:08:37,12.0,exakt,influx_switch
Reihe 1,2026-09-16 18:39:07,2026-09-16 16:39:07,12.0,exakt,influx_switch
Reihe 1,2026-09-16 19:09:07,2026-09-16 17:09:07,12.0,exakt,influx_switch
Reihe 1,2026-09-16 19:39:37,2026-09-16 17:39:37,12.0,exakt,influx_switch
Reihe 1,2026-09-16 20:10:07,2026-09-16 18:10:07,12.0,exakt,influx_switch
Reihe 1,2026-09-16 20:40:37,2026-09-16 18:40:37,12.0,exakt,influx_switch
Reihe 1,2026-09-17 06:00:07,2026-09-17 04:00:07,12.0,exakt,influx_switch
Reihe 1,2026-09-17 06:30:07,2026-09-17 04:30:07,12.0,exakt,influx_switch
Randreihe,2026-09-17 07:00:07,2026-09-17 05:00:07,120.0,exakt,influx_switch
Reihe 1,2026-09-17 07:00:07,2026-09-17 05:00:07,12.0,exakt,influx_switch
Reihe 2,2026-09-17 07:00:07,2026-09-17 05:00:07,120.0,exakt,influx_switch
Reihe 3,2026-09-17 07:00:07,2026-09-17 05:00:07,120.0,exakt,influx_switch
Reihe 1,2026-09-17 07:30:37,2026-09-17 05:30:37,12.0,exakt,influx_switch
Reihe 1,2026-09-17 08:01:07,2026-09-17 06:01:07,12.0,exakt,influx_switch
Reihe 1,2026-09-17 08:31:07,2026-09-17 06:31:07,12.0,exakt,influx_switch
Randreihe,2026-09-17 09:00:37,2026-09-17 07:00:37,120.0,exakt,influx_switch
Reihe 2,2026-09-17 09:00:37,2026-09-17 07:00:37,120.0,exakt,influx_switch
Reihe 3,2026-09-17 09:00:37,2026-09-17 07:00:37,120.0,exakt,influx_switch
Reihe 1,2026-09-17 09:01:07,2026-09-17 07:01:07,12.0,exakt,influx_switch
Reihe 1,2026-09-17 09:31:37,2026-09-17 07:31:37,12.0,exakt,influx_switch
Reihe 1,2026-09-17 10:01:37,2026-09-17 08:01:37,12.0,exakt,influx_switch
Reihe 1,2026-09-17 10:31:37,2026-09-17 08:31:37,12.0,exakt,influx_switch
Randreihe,2026-09-17 11:01:07,2026-09-17 09:01:07,120.0,exakt,influx_switch
Reihe 2,2026-09-17 11:01:07,2026-09-17 09:01:07,120.0,exakt,influx_switch
Reihe 3,2026-09-17 11:01:07,2026-09-17 09:01:07,120.0,exakt,influx_switch
Reihe 1,2026-09-17 11:02:07,2026-09-17 09:02:07,12.0,exakt,influx_switch
Reihe 1,2026-09-17 11:32:37,2026-09-17 09:32:37,12.0,exakt,influx_switch
Reihe 3,2026-09-17 11:59:07,2026-09-17 09:59:07,120.0,exakt,influx_switch
Reihe 1,2026-09-17 12:03:07,2026-09-17 10:03:07,12.0,exakt,influx_switch
Randreihe,2026-09-17 12:08:37,2026-09-17 10:08:37,120.0,exakt,influx_switch
Reihe 2,2026-09-17 12:08:37,2026-09-17 10:08:37,120.0,exakt,influx_switch
Reihe 1,2026-09-17 12:33:07,2026-09-17 10:33:07,12.0,exakt,influx_switch
Reihe 3,2026-09-17 12:50:37,2026-09-17 10:50:37,120.0,exakt,influx_switch
Reihe 1,2026-09-17 13:03:37,2026-09-17 11:03:37,12.0,exakt,influx_switch
Randreihe,2026-09-17 13:12:07,2026-09-17 11:12:07,120.0,exakt,influx_switch
Reihe 2,2026-09-17 13:12:07,2026-09-17 11:12:07,120.0,exakt,influx_switch
Reihe 1,2026-09-17 13:34:07,2026-09-17 11:34:07,12.0,exakt,influx_switch
Reihe 3,2026-09-17 13:35:37,2026-09-17 11:35:37,120.0,exakt,influx_switch
Reihe 1,2026-09-17 14:04:07,2026-09-17 12:04:07,12.0,exakt,influx_switch
Randreihe,2026-09-17 14:11:07,2026-09-17 12:11:07,120.0,exakt,influx_switch
Reihe 2,2026-09-17 14:11:07,2026-09-17 12:11:07,120.0,exakt,influx_switch
Reihe 3,2026-09-17 14:21:37,2026-09-17 12:21:37,120.0,exakt,influx_switch
Reihe 1,2026-09-17 14:34:37,2026-09-17 12:34:37,12.0,exakt,influx_switch
Reihe 1,2026-09-17 15:04:37,2026-09-17 13:04:37,12.0,exakt,influx_switch
Reihe 1,2026-09-17 15:35:07,2026-09-17 13:35:07,12.0,exakt,influx_switch
Reihe 1,2026-09-17 16:05:07,2026-09-17 14:05:07,12.0,exakt,influx_switch
Randreihe,2026-09-17 16:11:07,2026-09-17 14:11:07,120.0,exakt,influx_switch
Reihe 2,2026-09-17 16:11:37,2026-09-17 14:11:37,120.0,exakt,influx_switch
Reihe 3,2026-09-17 16:22:07,2026-09-17 14:22:07,120.0,exakt,influx_switch
Reihe 1,2026-09-17 16:35:37,2026-09-17 14:35:37,12.0,exakt,influx_switch
Reihe 1,2026-09-17 17:06:07,2026-09-17 15:06:07,12.0,exakt,influx_switch
Reihe 1,2026-09-17 17:36:07,2026-09-17 15:36:07,12.0,exakt,influx_switch
Reihe 3,2026-09-17 17:53:07,2026-09-17 15:53:07,120.0,exakt,influx_switch
Reihe 1,2026-09-17 18:06:37,2026-09-17 16:06:37,12.0,exakt,influx_switch
Reihe 1,2026-09-17 18:36:37,2026-09-17 16:36:37,12.0,exakt,influx_switch
Reihe 1,2026-09-17 19:06:37,2026-09-17 17:06:37,12.0,exakt,influx_switch
Reihe 1,2026-09-17 19:37:07,2026-09-17 17:37:07,12.0,exakt,influx_switch
Reihe 1,2026-09-17 20:07:37,2026-09-17 18:07:37,12.0,exakt,influx_switch
Reihe 1,2026-09-17 20:37:37,2026-09-17 18:37:37,12.0,exakt,influx_switch
Reihe 1,2026-09-18 06:00:07,2026-09-18 04:00:07,12.0,exakt,influx_switch
Reihe 1,2026-09-18 06:30:37,2026-09-18 04:30:37,12.0,exakt,influx_switch
Randreihe,2026-09-18 07:00:07,2026-09-18 05:00:07,120.0,exakt,influx_switch
Reihe 2,2026-09-18 07:00:07,2026-09-18 05:00:07,120.0,exakt,influx_switch
Reihe 3,2026-09-18 07:00:07,2026-09-18 05:00:07,120.0,exakt,influx_switch
Reihe 1,2026-09-18 07:00:37,2026-09-18 05:00:37,12.0,exakt,influx_switch
Reihe 1,2026-09-18 07:30:37,2026-09-18 05:30:37,12.0,exakt,influx_switch
Reihe 1,2026-09-18 08:01:07,2026-09-18 06:01:07,12.0,exakt,influx_switch
Reihe 1,2026-09-18 08:31:37,2026-09-18 06:31:37,12.0,exakt,influx_switch
Randreihe,2026-09-18 09:00:37,2026-09-18 07:00:37,120.0,exakt,influx_switch
Reihe 2,2026-09-18 09:00:37,2026-09-18 07:00:37,120.0,exakt,influx_switch
Reihe 3,2026-09-18 09:00:37,2026-09-18 07:00:37,120.0,exakt,influx_switch
Reihe 1,2026-09-18 09:01:37,2026-09-18 07:01:37,12.0,exakt,influx_switch
Reihe 1,2026-09-18 09:32:07,2026-09-18 07:32:07,12.0,exakt,influx_switch
Reihe 1,2026-09-18 10:02:07,2026-09-18 08:02:07,12.0,exakt,influx_switch
Reihe 1,2026-09-18 10:32:37,2026-09-18 08:32:37,12.0,exakt,influx_switch
Reihe 3,2026-09-18 10:45:37,2026-09-18 08:45:37,120.0,exakt,influx_switch
Randreihe,2026-09-18 11:00:37,2026-09-18 09:00:37,120.0,exakt,influx_switch
Reihe 2,2026-09-18 11:01:07,2026-09-18 09:01:07,120.0,exakt,influx_switch
Reihe 1,2026-09-18 11:03:07,2026-09-18 09:03:07,12.0,exakt,influx_switch
Reihe 1,2026-09-18 11:33:07,2026-09-18 09:33:07,12.0,exakt,influx_switch
Reihe 1,2026-09-18 12:03:37,2026-09-18 10:03:37,12.0,exakt,influx_switch
Reihe 3,2026-09-18 12:24:07,2026-09-18 10:24:07,120.0,exakt,influx_switch
Reihe 1,2026-09-18 12:34:07,2026-09-18 10:34:07,12.0,exakt,influx_switch
Randreihe,2026-09-18 12:51:37,2026-09-18 10:51:37,120.0,exakt,influx_switch
Reihe 2,2026-09-18 12:51:37,2026-09-18 10:51:37,120.0,exakt,influx_switch
Reihe 1,2026-09-18 13:04:07,2026-09-18 11:04:07,12.0,exakt,influx_switch
Reihe 3,2026-09-18 13:30:07,2026-09-18 11:30:07,120.0,exakt,influx_switch
Reihe 1,2026-09-18 13:34:37,2026-09-18 11:34:37,12.0,exakt,influx_switch
